row,col,x,y,elevation,slope,aspect,curvature,twi,lithology,target
481,6676,387361.08255802124,2887105.5584026244,121.869415,12.717138,275.0373,0.005255918,4.8898606,4.0,1
481,6677,387391.08255802124,2887105.5584026244,123.58009,15.901583,289.4408,0.0031028874,4.656859,4.0,1
481,6678,387421.08255802124,2887105.5584026244,126.801575,21.568813,280.46356,0.0010829311,4.3293114,4.0,1
481,6679,387451.08255802124,2887105.5584026244,126.90192,26.722528,266.36365,0.00011895923,4.0874877,4.0,1
481,6680,387481.08255802124,2887105.5584026244,124.03933,29.123669,260.55814,0.00024445634,3.986147,4.0,1
481,6681,387511.08255802124,2887105.5584026244,121.36595,29.539915,250.14131,0.0015212586,3.9691353,4.0,1
482,6675,387331.08255802124,2887075.5584026244,129.53532,21.18364,247.25604,0.006903229,4.349118,4.0,1
482,6676,387361.08255802124,2887075.5584026244,126.45885,16.918467,269.0274,0.0070354394,4.5913486,4.0,1
482,6677,387391.08255802124,2887075.5584026244,129.51167,19.657804,298.85333,0.004670961,4.4305973,4.0,1
482,6678,387421.08255802124,2887075.5584026244,138.78654,23.816103,296.45145,0.0008456698,4.2190275,4.0,1
482,6679,387451.08255802124,2887075.5584026244,143.33281,26.081615,275.72464,-0.0019396341,4.115574,4.0,1
482,6680,387481.08255802124,2887075.5584026244,142.8333,28.55955,262.33374,-0.002508409,4.009448,4.0,1
482,6681,387511.08255802124,2887075.5584026244,138.44429,30.940895,250.16122,-0.0010071518,3.9129276,4.0,1
482,6682,387541.08255802124,2887075.5584026244,129.29753,32.745384,248.21634,0.0015300432,3.8426404,4.0,1
483,6674,387301.08255802124,2887045.5584026244,150.34021,29.473104,242.532,0.0039306134,3.9718556,4.0,1
483,6675,387331.08255802124,2887045.5584026244,143.48166,29.171946,251.9696,0.006226985,3.984166,4.0,1
483,6676,387361.08255802124,2887045.5584026244,139.05956,27.41438,264.46097,0.007290528,4.0576863,4.0,1
483,6677,387391.08255802124,2887045.5584026244,140.50876,26.390507,290.57025,0.0056002596,4.101978,4.0,1
483,6678,387421.08255802124,2887045.5584026244,150.84412,27.242668,300.06955,0.0012245814,4.0650344,4.0,1
483,6679,387451.08255802124,2887045.5584026244,156.73146,25.8426,282.6767,-0.002790129,4.126173,4.0,1
483,6680,387481.08255802124,2887045.5584026244,157.23112,26.576572,263.94592,-0.0041821944,4.093842,4.0,1
483,6681,387511.08255802124,2887045.5584026244,154.61775,28.893778,251.85558,-0.0032557356,3.9956076,4.0,1
483,6682,387541.08255802124,2887045.5584026244,147.57605,31.250153,252.47559,-0.001759286,3.900723,4.0,1
484,6674,387301.08255802124,2887015.5584026244,166.62338,31.470167,247.24863,0.0033494523,3.8920817,4.0,1
484,6675,387331.08255802124,2887015.5584026244,162.52357,30.58736,253.90121,0.0047564995,3.9269664,4.0,1
484,6676,387361.08255802124,2887015.5584026244,158.4314,29.29159,261.04797,0.0059162444,3.979266,4.0,1
484,6677,387391.08255802124,2887015.5584026244,156.47769,28.934422,284.7149,0.0048054205,3.9939315,4.0,1
484,6678,387421.08255802124,2887015.5584026244,164.37666,31.983421,297.75815,0.00018336812,3.872054,4.0,1
484,6679,387451.08255802124,2887015.5584026244,172.12563,31.076088,282.95428,-0.004774047,3.9075837,4.0,1
484,6680,387481.08255802124,2887015.5584026244,173.06482,29.646093,261.8625,-0.006537802,3.96482,4.0,1
484,6681,387511.08255802124,2887015.5584026244,168.57918,28.173914,251.05399,-0.005711399,4.025548,4.0,1
484,6682,387541.08255802124,2887015.5584026244,164.66306,26.515278,251.20224,-0.004906201,4.0965176,4.0,1
484,6683,387571.08255802124,2887015.5584026244,161.4357,24.052177,257.72156,-0.005611634,4.207916,4.0,1
485,6674,387301.08255802124,2886985.5584026244,184.17348,34.349377,246.89824,0.0023332385,3.781847,4.0,1
485,6675,387331.08255802124,2886985.5584026244,177.9953,31.143469,252.55647,0.003473595,3.9049253,4.0,1
485,6676,387361.08255802124,2886985.5584026244,172.49997,30.081701,261.28668,0.004112028,3.9472132,4.0,1
485,6677,387391.08255802124,2886985.5584026244,172.1097,31.139132,283.12817,0.0022426946,3.9050963,4.0,1
485,6678,387421.08255802124,2886985.5584026244,182.52562,32.768143,297.32196,-0.003146443,3.8417675,4.0,1
485,6679,387451.08255802124,2886985.5584026244,194.39258,27.48434,281.4467,-0.008429667,4.0547013,4.0,1
485,6680,387481.08255802124,2886985.5584026244,191.18687,24.010336,247.38347,-0.009478192,4.209879,4.0,1
485,6681,387511.08255802124,2886985.5584026244,184.26428,21.400204,231.02231,-0.0075333877,4.3379464,4.0,1
485,6682,387541.08255802124,2886985.5584026244,175.90947,16.813383,226.90273,-0.006082276,4.597954,4.0,1
485,6683,387571.08255802124,2886985.5584026244,170.81247,12.227209,222.05199,-0.0061391788,4.9304166,4.0,1
486,6674,387301.08255802124,2886955.5584026244,204.38402,39.82566,242.10706,-0.00048716646,3.582806,4.0,1
486,6675,387331.08255802124,2886955.5584026244,195.81252,33.609127,250.50412,0.0016862195,3.809725,4.0,1
486,6676,387361.08255802124,2886955.5584026244,192.44928,31.202682,262.72394,0.0014212583,3.9025917,4.0,1
486,6677,387391.08255802124,2886955.5584026244,192.56927,29.345032,279.75583,-0.0016781148,3.9770813,4.0,1
486,6678,387421.08255802124,2886955.5584026244,199.38684,24.144526,293.4162,-0.006793929,4.2035913,4.0,1
486,6679,387451.08255802124,2886955.5584026244,203.26068,13.382622,266.29532,-0.010590821,4.837047,4.0,1
486,6680,387481.08255802124,2886955.5584026244,198.15393,16.713972,201.2802,-0.010008287,4.6042366,4.0,1
486,6681,387511.08255802124,2886955.5584026244,185.95146,18.539032,183.1942,-0.006740019,4.493769,4.0,1
486,6682,387541.08255802124,2886955.5584026244,177.94762,15.551237,169.13383,-0.0042582746,4.680297,4.0,1
486,6683,387571.08255802124,2886955.5584026244,170.44907,14.109479,154.234,-0.0033087418,4.7820725,4.0,1
487,6674,387301.08255802124,2886925.5584026244,226.8011,39.56147,229.68549,-0.004548543,3.5921886,4.0,1
487,6675,387331.08255802124,2886925.5584026244,213.55956,30.980883,240.58081,-0.00086325756,3.9113457,4.0,1
487,6676,387361.08255802124,2886925.5584026244,209.10909,24.15498,254.44666,-0.0013950905,4.2031026,4.0,1
487,6677,387391.08255802124,2886925.5584026244,207.5212,17.892889,266.875,-0.0045953584,4.531752,4.0,1
487,6678,387421.08255802124,2886925.5584026244,208.07213,9.591556,268.23566,-0.00806413,5.179138,4.0,1
487,6679,387451.08255802124,2886925.5584026244,206.60902,9.01436,186.20421,-0.009533539,5.242306,4.0,1
487,6680,387481.08255802124,2886925.5584026244,198.1873,19.485617,169.44681,-0.0077508716,4.440119,4.0,1
487,6681,387511.08255802124,2886925.5584026244,184.20229,21.734133,166.22781,-0.004219665,4.3208976,4.0,1
487,6682,387541.08255802124,2886925.5584026244,173.51765,20.520126,156.87314,-0.0011933009,4.383935,4.0,1
488,6675,387331.08255802124,2886895.5584026244,226.57849,26.156973,218.16653,-0.003010055,4.1122465,4.0,1
488,6676,387361.08255802124,2886895.5584026244,218.67805,16.749037,219.24628,-0.002601505,4.602017,4.0,1
488,6677,387391.08255802124,2886895.5584026244,213.03802,9.322453,196.93698,-0.004288732,5.208119,4.0,1
488,6678,387421.08255802124,2886895.5584026244,209.59035,10.644936,149.61179,-0.00570368,5.0727406,4.0,1
488,6679,387451.08255802124,2886895.5584026244,202.92227,17.413149,142.4437,-0.005715425,4.560729,4.0,1
488,6680,387481.08255802124,2886895.5584026244,192.74197,20.82304,150.93927,-0.0043542394,4.3679276,4.0,1
488,6681,387511.08255802124,2886895.5584026244,181.56071,22.303,160.30374,-0.0021304325,4.29233,4.0,1
488,6682,387541.08255802124,2886895.5584026244,169.36493,22.941908,160.64261,0.0005695894,4.260922,4.0,1
489,6676,387361.08255802124,2886865.5584026244,220.51634,20.226902,183.49901,-0.0022753526,4.3996162,4.0,1
489,6677,387391.08255802124,2886865.5584026244,210.5726,17.971788,159.10992,-0.001487338,4.527051,4.0,1
489,6678,387421.08255802124,2886865.5584026244,202.03949,20.21426,139.77614,-0.00088320824,4.4002967,4.0,1
489,6679,387451.08255802124,2886865.5584026244,192.80391,21.064898,133.73146,-0.0005662367,4.355283,4.0,1
489,6680,387481.08255802124,2886865.5584026244,185.94887,18.973818,138.54588,-0.00091555296,4.4688444,4.0,1
489,6681,387511.08255802124,2886865.5584026244,178.14726,21.194462,154.92108,-0.0008380888,4.348558,4.0,1
490,6678,387421.08255802124,2886835.5584026244,193.79494,20.687456,155.4316,0.0027420595,4.3750687,4.0,1
490,6679,387451.08255802124,2886835.5584026244,184.33163,16.673025,146.921,0.0028630407,4.606834,4.0,1
663,6659,386851.08255802124,2881645.5584026244,78.63569,12.634737,216.94853,-0.00046791494,4.896579,6.0,1
663,6660,386881.08255802124,2881645.5584026244,73.445885,8.550115,216.48573,0.0010400857,5.296018,6.0,1
663,6661,386911.08255802124,2881645.5584026244,71.17012,5.6984277,227.82089,0.0012576676,5.7059293,6.0,1
664,6657,386791.08255802124,2881615.5584026244,95.30884,10.354306,256.25482,-0.0052249082,5.101052,6.0,1
664,6658,386821.08255802124,2881615.5584026244,90.9038,14.253083,218.71423,-0.004219339,4.77152,6.0,1
664,6659,386851.08255802124,2881615.5584026244,82.63733,14.600707,211.38977,-0.0016246942,4.746374,6.0,1
664,6660,386881.08255802124,2881615.5584026244,77.050285,10.460063,217.21065,0.00018253323,5.090663,6.0,1
664,6661,386911.08255802124,2881615.5584026244,74.102455,6.844738,216.62892,0.00055584364,5.521171,6.0,1
664,6662,386941.08255802124,2881615.5584026244,72.07275,4.3383813,198.02487,0.00042411173,5.9800096,6.0,1
664,6663,386971.08255802124,2881615.5584026244,69.6872,2.5405228,178.56424,0.00027769938,6.516399,6.0,1
665,6657,386791.08255802124,2881585.5584026244,99.12662,4.0890365,223.10992,-0.006284659,6.0394154,6.0,1
665,6658,386821.08255802124,2881585.5584026244,94.7241,11.853973,194.93129,-0.0053124195,4.962349,6.0,1
665,6659,386851.08255802124,2881585.5584026244,86.46982,13.406563,196.0801,-0.002962973,4.835193,6.0,1
665,6660,386881.08255802124,2881585.5584026244,80.65297,10.425644,197.31703,-0.0010573431,5.0940332,6.0,1
665,6661,386911.08255802124,2881585.5584026244,75.71717,8.601528,184.43437,9.957643e-05,5.2899323,6.0,1
665,6662,386941.08255802124,2881585.5584026244,70.91074,5.843551,167.37355,0.00076847285,5.68061,6.0,1
665,6663,386971.08255802124,2881585.5584026244,68.85869,1.6400276,162.73152,0.00060694804,6.954438,6.0,1
665,6664,387001.08255802124,2881585.5584026244,69.05518,1.8222101,217.54852,-2.9760988e-05,6.8490367,6.0,1
666,6656,386761.08255802124,2881555.5584026244,97.60656,4.051282,77.10596,-0.005032232,6.0487223,6.0,1
666,6657,386791.08255802124,2881555.5584026244,97.647354,6.3234944,120.27942,-0.005747757,5.6010804,6.0,1
666,6658,386821.08255802124,2881555.5584026244,94.06362,11.125448,155.6763,-0.0051455814,5.027509,6.0,1
666,6659,386851.08255802124,2881555.5584026244,86.95872,12.689892,165.09955,-0.0033423363,4.8920774,6.0,1
666,6660,386881.08255802124,2881555.5584026244,81.0924,11.23617,164.99019,-0.0013488345,5.0173507,6.0,1
666,6661,386911.08255802124,2881555.5584026244,74.84123,10.0930805,165.08936,0.00037577527,5.127155,6.0,1
666,6662,386941.08255802124,2881555.5584026244,69.359924,5.145376,166.71034,0.0012118509,5.8086324,6.0,1
666,6663,386971.08255802124,2881555.5584026244,69.00484,0.6320045,296.2906,0.0005166626,7.9082427,6.0,1
666,6664,387001.08255802124,2881555.5584026244,70.30982,1.6452347,238.76979,-0.00065044826,6.9512663,6.0,1
667,6656,386761.08255802124,2881525.5584026244,93.11619,10.849823,95.518684,-0.0035691643,5.0532217,6.0,1
667,6657,386791.08255802124,2881525.5584026244,92.41286,11.384306,104.97659,-0.003977388,5.0039062,6.0,1
667,6658,386821.08255802124,2881525.5584026244,89.8761,13.210625,130.47858,-0.0036915543,4.850459,6.0,1
667,6659,386851.08255802124,2881525.5584026244,83.43961,14.110728,141.9077,-0.0022372054,4.78198,6.0,1
667,6660,386881.08255802124,2881525.5584026244,77.66503,11.958249,144.6304,-0.00041302585,4.9533334,6.0,1
667,6661,386911.08255802124,2881525.5584026244,72.375206,8.452291,152.428,0.0008965366,5.307696,6.0,1
667,6662,386941.08255802124,2881525.5584026244,69.59007,2.9382603,162.96231,0.0010228009,6.3707294,6.0,1
667,6663,386971.08255802124,2881525.5584026244,69.87418,0.8217799,351.10767,-9.5180934e-05,7.6456385,6.0,1
667,6664,387001.08255802124,2881525.5584026244,70.71845,0.9756296,164.13148,-0.0012049993,7.474,6.0,1
667,6665,387031.08255802124,2881525.5584026244,68.95348,4.42317,177.00082,-0.0010996523,5.9605784,6.0,1
668,6656,386761.08255802124,2881495.5584026244,85.73399,13.600106,96.39519,-0.0014423837,4.820315,6.0,1
668,6657,386791.08255802124,2881495.5584026244,85.63966,14.008942,101.80683,-0.001654873,4.789519,6.0,1
668,6658,386821.08255802124,2881495.5584026244,83.26898,15.129704,118.781364,-0.0013496126,4.7091355,6.0,1
668,6659,386851.08255802124,2881495.5584026244,77.70191,14.164576,128.5012,-0.00021232814,4.7780123,6.0,1
668,6660,386881.08255802124,2881495.5584026244,73.18027,10.020403,131.19833,0.000850332,5.1345325,6.0,1
668,6661,386911.08255802124,2881495.5584026244,70.49897,5.7639422,135.51341,0.0011184736,5.6944213,6.0,1
668,6662,386941.08255802124,2881495.5584026244,69.44906,2.798146,121.87973,0.0005900763,6.419672,6.0,1
668,6663,386971.08255802124,2881495.5584026244,69.55949,2.601427,84.37512,-0.00036028755,6.4926767,6.0,1
668,6664,387001.08255802124,2881495.5584026244,69.643524,3.0801852,110.39956,-0.0010037846,6.3234706,6.0,1
668,6665,387031.08255802124,2881495.5584026244,68.06739,4.2782025,148.01468,-0.00078484643,5.9940305,6.0,1
669,6656,386761.08255802124,2881465.5584026244,78.92333,11.739564,99.45349,0.0002384609,4.972327,6.0,1
669,6657,386791.08255802124,2881465.5584026244,77.72074,13.208448,106.70579,0.0005183834,4.85063,6.0,1
669,6658,386821.08255802124,2881465.5584026244,74.84153,13.785567,115.0702,0.0011185242,4.8062406,6.0,1
669,6659,386851.08255802124,2881465.5584026244,71.32675,10.887951,118.25462,0.0016487016,5.049628,6.0,1
669,6660,386881.08255802124,2881465.5584026244,69.52239,6.563737,116.529076,0.0015568268,5.563476,6.0,1
669,6661,386911.08255802124,2881465.5584026244,68.86518,4.3119392,119.68586,0.0010308053,5.986146,6.0,1
669,6662,386941.08255802124,2881465.5584026244,67.77678,4.0450573,114.97275,0.0005762228,6.0502653,6.0,1
669,6663,386971.08255802124,2881465.5584026244,67.05002,4.1671615,93.04279,0.00019333947,6.020424,6.0,1
669,6664,387001.08255802124,2881465.5584026244,67.328255,3.8009863,97.57452,-0.00013171934,6.112695,6.0,1
669,6665,387031.08255802124,2881465.5584026244,66.4533,3.473105,132.85129,-8.15158e-05,6.2031493,6.0,1
670,6656,386761.08255802124,2881435.5584026244,74.17189,8.161776,106.200554,0.0010008728,5.3431664,6.0,1
670,6657,386791.08255802124,2881435.5584026244,71.77533,8.759119,120.017525,0.0016715494,5.271496,6.0,1
670,6658,386821.08255802124,2881435.5584026244,68.60837,7.530514,122.13811,0.0023523967,5.4246798,6.0,1
670,6659,386851.08255802124,2881435.5584026244,67.54957,4.621785,114.495544,0.0022284635,5.916471,6.0,1
670,6660,386881.08255802124,2881435.5584026244,67.48156,2.8731618,108.99612,0.0014298714,6.3931727,6.0,1
670,6661,386911.08255802124,2881435.5584026244,67.34135,3.055482,125.468216,0.0008444616,6.3315387,6.0,1
670,6662,386941.08255802124,2881435.5584026244,65.74206,3.4473386,129.17384,0.0008744749,6.210614,6.0,1
670,6663,386971.08255802124,2881435.5584026244,64.74575,2.5679233,93.07521,0.0009182909,6.5056567,6.0,1
670,6664,387001.08255802124,2881435.5584026244,65.51644,1.9966887,77.75446,0.0005880186,6.7575293,6.0,1
671,6657,386791.08255802124,2881405.5584026244,69.44672,3.9735973,137.12537,0.0015118343,6.0681477,6.0,1
671,6658,386821.08255802124,2881405.5584026244,67.50193,2.2362812,165.17581,0.0017388152,6.644102,6.0,1
671,6659,386851.08255802124,2881405.5584026244,67.41486,0.88397336,189.32507,0.0013454014,7.5726733,6.0,1
671,6660,386881.08255802124,2881405.5584026244,67.030266,1.2714807,155.55315,0.00076474936,7.209078,6.0,1
671,6661,386911.08255802124,2881405.5584026244,66.37212,2.3007252,149.19958,0.0006707086,6.6156626,6.0,1
671,6662,386941.08255802124,2881405.5584026244,64.82133,2.0187356,155.14679,0.0010112931,6.746539,6.0,1
671,6663,386971.08255802124,2881405.5584026244,64.24595,0.34809718,28.925495,0.0010592185,8.504685,6.0,1
671,6664,387001.08255802124,2881405.5584026244,65.14365,1.1838754,342.123,0.00055187225,7.2804885,6.0,1
672,6658,386821.08255802124,2881375.5584026244,68.60662,1.0582612,196.9743,0.0004424731,7.3926835,6.0,1
672,6659,386851.08255802124,2881375.5584026244,68.079926,1.3698351,191.53093,0.00014358095,7.1345434,6.0,1
672,6660,386881.08255802124,2881375.5584026244,67.02262,2.1582835,167.2832,0.00019433764,6.679638,6.0,1
672,6661,386911.08255802124,2881375.5584026244,65.52436,2.0137653,160.03671,0.000577329,6.7490063,6.0,1
672,6662,386941.08255802124,2881375.5584026244,64.89757,0.78562266,188.96954,0.0008655145,7.6906404,6.0,1
950,6619,385651.08255802124,2873035.5584026244,318.33517,18.201078,119.18525,0.0020672693,4.5134907,6.0,1
950,6620,385681.08255802124,2873035.5584026244,314.16876,17.49271,121.18457,6.0085673e-05,4.555876,6.0,1
950,6621,385711.08255802124,2873035.5584026244,309.80936,17.714401,133.20406,-0.0007777065,4.5424533,6.0,1
950,6622,385741.08255802124,2873035.5584026244,301.60452,18.064753,145.94832,0.00044837955,4.521535,6.0,1
950,6623,385771.08255802124,2873035.5584026244,293.17944,12.2482195,144.1889,0.0026540798,4.9286466,6.0,1
951,6617,385591.08255802124,2873005.5584026244,321.5135,16.27446,144.92924,0.0033863408,4.632416,6.0,1
951,6618,385621.08255802124,2873005.5584026244,316.2106,14.109934,138.62006,0.0032192827,4.7820387,6.0,1
951,6619,385651.08255802124,2873005.5584026244,310.80106,15.104348,130.7762,0.0023335859,4.710893,6.0,1
951,6620,385681.08255802124,2873005.5584026244,305.5705,15.426489,123.98234,0.0012398952,4.688757,6.0,1
951,6621,385711.08255802124,2873005.5584026244,301.39786,15.958644,129.61143,0.0008093603,4.653085,6.0,1
951,6622,385741.08255802124,2873005.5584026244,294.65515,15.633498,140.23277,0.0019059668,4.6747513,6.0,1
951,6623,385771.08255802124,2873005.5584026244,288.86087,9.664147,134.18613,0.0036494697,5.1714544,6.0,1
951,6624,385801.08255802124,2873005.5584026244,288.12997,5.447057,44.918957,0.0040119765,5.75133,6.0,1
951,6625,385831.08255802124,2873005.5584026244,292.87738,11.842053,5.727202,0.0021502431,4.9633846,6.0,1
952,6617,385591.08255802124,2872975.5584026244,319.6986,13.656207,149.43819,0.0010405139,4.816039,6.0,1
952,6618,385621.08255802124,2872975.5584026244,312.94714,14.162267,150.14203,0.0013247172,4.778182,6.0,1
952,6619,385651.08255802124,2872975.5584026244,305.54312,13.959062,144.60219,0.0016529165,4.7932315,6.0,1
952,6620,385681.08255802124,2872975.5584026244,300.0822,12.832426,136.48207,0.0016444144,4.88053,6.0,1
952,6621,385711.08255802124,2872975.5584026244,295.85892,12.489206,136.09976,0.0017582108,4.9085436,6.0,1
952,6622,385741.08255802124,2872975.5584026244,290.71924,11.621392,143.48865,0.002765469,4.98273,6.0,1
952,6623,385771.08255802124,2872975.5584026244,285.9399,5.982462,130.83398,0.003999871,5.656949,6.0,1
952,6624,385801.08255802124,2872975.5584026244,286.4731,6.7946568,18.980162,0.0036717476,5.5285845,6.0,1
952,6625,385831.08255802124,2872975.5584026244,293.12808,13.837351,0.54395,0.0010734219,4.802342,6.0,1
953,6616,385561.08255802124,2872945.5584026244,320.22626,12.478399,127.71182,-0.00089395297,4.909437,6.0,1
953,6617,385591.08255802124,2872945.5584026244,315.737,13.50816,143.37677,-0.0011260987,4.8273582,6.0,1
953,6618,385621.08255802124,2872945.5584026244,308.30515,14.441322,149.96269,-0.00047302246,4.757835,6.0,1
953,6619,385651.08255802124,2872945.5584026244,302.23798,13.490534,150.0285,0.00047682872,4.828714,6.0,1
953,6620,385681.08255802124,2872945.5584026244,296.04602,12.12942,145.04266,0.0011057026,4.9386935,6.0,1
953,6621,385711.08255802124,2872945.5584026244,291.36548,10.471646,139.87973,0.0016020456,5.0895314,6.0,1
953,6622,385741.08255802124,2872945.5584026244,287.38348,8.715743,143.81796,0.0024628618,5.2765384,6.0,1
953,6623,385771.08255802124,2872945.5584026244,284.06927,3.849102,120.703125,0.003279563,6.1000786,6.0,1
953,6624,385801.08255802124,2872945.5584026244,285.9556,7.810099,20.7689,0.0026356338,5.387786,6.0,1
953,6625,385831.08255802124,2872945.5584026244,292.7173,14.589695,14.075502,-9.9707744e-05,4.7471623,6.0,1
953,6626,385861.08255802124,2872945.5584026244,302.0159,15.535678,17.306862,-0.0038281335,4.681349,6.0,1
954,6616,385561.08255802124,2872915.5584026244,315.3583,12.689482,113.69661,-0.001742986,4.892111,6.0,1
954,6617,385591.08255802124,2872915.5584026244,311.30554,13.51395,134.95502,-0.0023255157,4.8269134,6.0,1
954,6618,385621.08255802124,2872915.5584026244,304.9695,14.380729,144.75763,-0.0017019482,4.7622223,6.0,1
954,6619,385651.08255802124,2872915.5584026244,298.95358,14.434084,145.18202,-0.0004933417,4.758358,6.0,1
954,6620,385681.08255802124,2872915.5584026244,292.47525,13.136297,140.03838,0.00058543717,4.856305,6.0,1
954,6621,385711.08255802124,2872915.5584026244,288.10852,10.039171,131.49002,0.0012371062,5.1326222,6.0,1
954,6622,385741.08255802124,2872915.5584026244,285.2426,7.1548114,130.66566,0.0017013041,5.4764223,6.0,1
954,6623,385771.08255802124,2872915.5584026244,282.9229,4.147565,104.8047,0.0021110536,6.025154,6.0,1
954,6624,385801.08255802124,2872915.5584026244,284.09982,7.721596,44.5474,0.0017752666,5.3993235,6.0,1
954,6625,385831.08255802124,2872915.5584026244,289.2186,14.570112,37.621933,-5.2066403e-05,4.748565,6.0,1
954,6626,385861.08255802124,2872915.5584026244,297.02286,17.75671,40.188824,-0.0030798512,4.539908,6.0,1
955,6616,385561.08255802124,2872885.5584026244,308.2649,15.863735,102.48193,-0.0008467102,4.659368,6.0,1
955,6617,385591.08255802124,2872885.5584026244,305.35645,15.646241,118.17031,-0.0020946332,4.673895,6.0,1
955,6618,385621.08255802124,2872885.5584026244,300.2092,16.102957,131.90648,-0.0019170551,4.6435957,6.0,1
955,6619,385651.08255802124,2872885.5584026244,293.30222,16.710817,136.62642,-0.00054453535,4.6044364,6.0,1
955,6620,385681.08255802124,2872885.5584026244,286.74246,14.888457,130.22629,0.0009289041,4.725969,6.0,1
955,6621,385711.08255802124,2872885.5584026244,282.93454,11.246903,115.081825,0.0014959378,5.016371,6.0,1
955,6622,385741.08255802124,2872885.5584026244,281.72263,8.149111,104.52206,0.0013049825,5.3447404,6.0,1
955,6623,385771.08255802124,2872885.5584026244,280.97003,6.543904,97.25524,0.0012969971,5.5665293,6.0,1
955,6624,385801.08255802124,2872885.5584026244,280.989,8.445528,75.25851,0.0016332499,5.308508,6.0,1
955,6625,385831.08255802124,2872885.5584026244,282.92194,13.993498,56.97728,0.0012189145,4.790667,6.0,1
955,6626,385861.08255802124,2872885.5584026244,288.4924,18.674644,50.649456,-0.00074264547,4.485942,6.0,1
956,6617,385591.08255802124,2872855.5584026244,296.2457,16.805046,111.6611,-0.00022130343,4.5984797,6.0,1
956,6618,385621.08255802124,2872855.5584026244,292.97925,17.89994,122.46116,-0.0005246393,4.531331,6.0,1
956,6619,385651.08255802124,2872855.5584026244,286.42892,17.798756,129.50066,0.00064238656,4.537384,6.0,1
956,6620,385681.08255802124,2872855.5584026244,280.03238,14.390598,124.64929,0.0019435205,4.7615066,6.0,1
956,6621,385711.08255802124,2872855.5584026244,276.80206,9.712421,104.22675,0.0020118628,5.1663756,6.0,1
956,6622,385741.08255802124,2872855.5584026244,277.07327,7.2650046,89.19982,0.001155989,5.460976,6.0,1
956,6623,385771.08255802124,2872855.5584026244,277.29907,6.903289,99.214005,0.0009837426,5.512571,6.0,1
956,6624,385801.08255802124,2872855.5584026244,276.20642,8.330361,95.257515,0.0020510019,5.3224363,6.0,1
956,6625,385831.08255802124,2872855.5584026244,276.1672,11.451051,65.98763,0.0027964022,4.997903,6.0,1
956,6626,385861.08255802124,2872855.5584026244,280.87125,15.920993,52.108315,0.0018121167,4.655574,6.0,1
957,6617,385591.08255802124,2872825.5584026244,288.3081,14.473706,126.22492,0.002300169,4.755497,6.0,1
957,6618,385621.08255802124,2872825.5584026244,283.4865,16.854425,123.67957,0.0020865374,4.59537,6.0,1
957,6619,385651.08255802124,2872825.5584026244,278.39,15.823907,125.32765,0.002637168,4.662015,6.0,1
957,6620,385681.08255802124,2872825.5584026244,273.83658,11.377144,118.32044,0.0029550511,5.0045524,6.0,1
957,6621,385711.08255802124,2872825.5584026244,273.00024,7.1003056,87.526825,0.0021230062,5.484149,6.0,1
957,6622,385741.08255802124,2872825.5584026244,274.6794,5.56537,76.714455,0.00084006414,5.729709,6.0,1
957,6623,385771.08255802124,2872825.5584026244,274.398,5.485132,107.45804,0.000890096,5.744322,6.0,1
957,6624,385801.08255802124,2872825.5584026244,272.49402,6.325337,111.977516,0.0025989108,5.6007867,6.0,1
957,6625,385831.08255802124,2872825.5584026244,271.4897,7.44131,64.54598,0.004010654,5.436733,6.0,1
957,6626,385861.08255802124,2872825.5584026244,275.4441,11.186035,42.24153,0.0036169095,5.021939,6.0,1
958,6618,385621.08255802124,2872795.5584026244,276.39337,12.966877,140.88466,0.0044056782,4.869746,6.0,1
958,6619,385651.08255802124,2872795.5584026244,272.33682,10.969725,132.30278,0.004222531,5.0419607,6.0,1
958,6620,385681.08255802124,2872795.5584026244,269.30667,7.9771056,114.758896,0.0035832385,5.366358,6.0,1
958,6621,385711.08255802124,2872795.5584026244,269.83298,6.924287,75.12761,0.0022580891,5.5095043,6.0,1
958,6622,385741.08255802124,2872795.5584026244,271.87012,6.5010877,72.005104,0.0010228982,5.5731506,6.0,1
958,6623,385771.08255802124,2872795.5584026244,271.91458,5.148328,101.68194,0.001336992,5.808056,6.0,1
958,6624,385801.08255802124,2872795.5584026244,270.19363,3.4086158,117.740585,0.0031421152,6.221937,6.0,1
958,6625,385831.08255802124,2872795.5584026244,268.90686,3.8972485,11.084761,0.00446239,6.08761,6.0,1
959,6620,385681.08255802124,2872765.5584026244,266.36383,5.4788337,135.71779,0.0038556163,5.7454777,6.0,1
959,6621,385711.08255802124,2872765.5584026244,266.0538,5.5681005,76.14709,0.003019155,5.7292156,6.0,1
959,6622,385741.08255802124,2872765.5584026244,267.87503,6.1901608,62.005184,0.0022904798,5.622562,6.0,1
959,6623,385771.08255802124,2872765.5584026244,268.94186,3.5690916,66.67898,0.00256535,6.175819,6.0,1
959,6624,385801.08255802124,2872765.5584026244,269.0351,2.8244262,333.49545,0.003572193,6.410309,6.0,1
1183,6696,387961.08255802124,2866045.5584026244,570.1079,7.4179077,194.70001,0.0011809455,5.439918,6.0,1
1183,6697,387991.08255802124,2866045.5584026244,566.33685,4.4251313,179.012,0.003260651,5.9601336,6.0,1
1183,6698,388021.08255802124,2866045.5584026244,565.2832,3.8593397,129.75858,0.003433363,6.0974145,6.0,1
1184,6694,387901.08255802124,2866015.5584026244,576.95856,8.655462,340.59433,-0.0035657585,5.283586,6.0,1
1184,6695,387931.08255802124,2866015.5584026244,577.9203,5.1775713,234.41246,-0.0031490072,5.802361,6.0,1
1184,6696,387961.08255802124,2866015.5584026244,573.14465,9.060673,220.81049,-0.0006243897,5.237096,6.0,1
1184,6697,387991.08255802124,2866015.5584026244,569.4443,9.011263,234.48917,0.0015438505,5.2426558,6.0,1
1184,6698,388021.08255802124,2866015.5584026244,566.41907,8.370607,223.49127,0.0024770105,5.317548,6.0,1
1184,6699,388051.08255802124,2866015.5584026244,562.3817,6.956794,191.29321,0.002768436,5.5047746,6.0,1
1184,6700,388081.08255802124,2866015.5584026244,559.42456,7.965532,157.96628,0.0029892647,5.367829,6.0,1
1185,6693,387871.08255802124,2865985.5584026244,568.7355,16.076326,18.397951,-0.00092246156,4.645341,6.0,1
1185,6694,387901.08255802124,2865985.5584026244,577.5244,10.247619,22.673748,-0.0032701448,5.1116357,6.0,1
1185,6695,387931.08255802124,2865985.5584026244,578.77234,1.6882008,111.18098,-0.0032233344,6.925472,6.0,1
1185,6696,387961.08255802124,2865985.5584026244,576.1871,4.259929,230.99368,-0.0017945014,5.998327,6.0,1
1185,6697,387991.08255802124,2865985.5584026244,575.2521,9.014718,252.53523,-0.00089796283,5.242266,6.0,1
1185,6698,388021.08255802124,2865985.5584026244,572.35516,13.325505,234.47003,-0.00013575226,4.841483,6.0,1
1185,6699,388051.08255802124,2865985.5584026244,565.67,14.287339,220.22227,0.0012506613,4.769017,6.0,1
1185,6700,388081.08255802124,2865985.5584026244,559.5406,12.548591,204.97772,0.002793562,4.9036455,6.0,1
1185,6701,388111.08255802124,2865985.5584026244,553.433,11.489955,186.94354,0.0041174996,4.9944186,6.0,1
1186,6693,387871.08255802124,2865955.5584026244,564.16144,16.320175,22.61561,0.0016153799,4.6294537,6.0,1
1186,6694,387901.08255802124,2865955.5584026244,572.3737,12.425416,32.19772,-0.0005173577,4.9138293,6.0,1
1186,6695,387931.08255802124,2865955.5584026244,575.3339,5.2276793,46.802074,-0.0010948011,5.7926764,6.0,1
1186,6696,387961.08255802124,2865955.5584026244,576.3065,3.3175118,337.90186,-0.0012735154,6.249091,6.0,1
1186,6697,387991.08255802124,2865955.5584026244,579.59863,6.4256706,286.27017,-0.0021808539,5.5849185,6.0,1
1186,6698,388021.08255802124,2865955.5584026244,579.26874,11.687136,239.28073,-0.0025672233,4.97693,6.0,1
1186,6699,388051.08255802124,2865955.5584026244,572.7903,17.007507,224.66559,-0.0013350933,4.5857797,6.0,1
1186,6700,388081.08255802124,2865955.5584026244,565.22546,18.333693,217.06876,0.00085734035,4.5057144,6.0,1
1186,6701,388111.08255802124,2865955.5584026244,555.8846,16.646965,209.92108,0.0029278733,4.60849,6.0,1
1187,6693,387871.08255802124,2865925.5584026244,561.72925,13.592553,347.7502,0.0033178371,4.820892,6.0,1
1187,6694,387901.08255802124,2865925.5584026244,569.2784,11.318923,350.49097,0.001780277,5.0098195,6.0,1
1187,6695,387931.08255802124,2865925.5584026244,574.0944,7.530772,336.7562,0.0008242966,5.424645,6.0,1
1187,6696,387961.08255802124,2865925.5584026244,577.78125,7.9194436,324.12616,-0.00023423927,5.3737063,6.0,1
1187,6697,387991.08255802124,2865925.5584026244,581.9752,7.3893447,307.89932,-0.0020101587,5.4438195,6.0,1
1187,6698,388021.08255802124,2865925.5584026244,583.2614,8.178632,248.49849,-0.0034169687,5.341075,6.0,1
1187,6699,388051.08255802124,2865925.5584026244,579.81354,14.57439,221.63313,-0.0032327948,4.7482586,6.0,1
1187,6700,388081.08255802124,2865925.5584026244,571.9519,18.99751,212.65852,-0.0014958018,4.4675,6.0,1
1187,6701,388111.08255802124,2865925.5584026244,562.4047,19.098103,208.74431,0.00077412924,4.461809,6.0,1
1187,6702,388141.08255802124,2865925.5584026244,553.47485,13.009822,215.60445,0.002078993,4.866324,6.0,1
1188,6693,387871.08255802124,2865895.5584026244,566.762,16.01199,317.1619,0.0023139447,4.6495686,6.0,1
1188,6694,387901.08255802124,2865895.5584026244,573.58936,14.729292,316.52765,0.0014355299,4.737211,6.0,1
1188,6695,387931.08255802124,2865895.5584026244,578.2383,12.117664,308.634,0.00082370325,4.939693,6.0,1
1188,6696,387961.08255802124,2865895.5584026244,581.80334,11.04758,307.04135,3.7621357e-05,5.0347114,6.0,1
1188,6697,387991.08255802124,2865895.5584026244,585.2648,9.764751,300.66672,-0.0015959844,5.1608973,6.0,1
1188,6698,388021.08255802124,2865895.5584026244,587.00024,8.913693,261.8743,-0.003530036,5.253722,6.0,1
1188,6699,388051.08255802124,2865895.5584026244,583.75385,13.568845,222.89183,-0.0043405155,4.822705,6.0,1
1188,6700,388081.08255802124,2865895.5584026244,577.0233,19.14631,204.06223,-0.0031262715,4.4590907,6.0,1
1188,6701,388111.08255802124,2865895.5584026244,565.9134,19.867527,193.82681,-0.0005830042,4.4190946,6.0,1
1188,6702,388141.08255802124,2865895.5584026244,557.22546,12.84313,188.41795,0.0012599691,4.8796678,6.0,1
1189,6693,387871.08255802124,2865865.5584026244,573.64197,16.10947,316.58072,0.00026340064,4.643169,6.0,1
1189,6694,387901.08255802124,2865865.5584026244,580.0177,14.940797,311.7602,-0.00014321232,4.7222958,6.0,1
1189,6695,387931.08255802124,2865865.5584026244,584.112,13.023007,303.5215,-9.668979e-05,4.865275,6.0,1
1189,6696,387961.08255802124,2865865.5584026244,587.2586,12.503364,300.07623,-0.00037814677,4.907374,6.0,1
1189,6697,387991.08255802124,2865865.5584026244,590.40515,12.043629,294.5424,-0.0019194032,4.946007,6.0,1
1189,6698,388021.08255802124,2865865.5584026244,592.45105,11.250981,266.76135,-0.004322391,5.015999,6.0,1
1189,6699,388051.08255802124,2865865.5584026244,590.2682,14.95386,222.52478,-0.005586395,4.721381,6.0,1
1189,6700,388081.08255802124,2865865.5584026244,581.277,21.992939,196.13968,-0.0039527724,4.3078275,6.0,1
1189,6701,388111.08255802124,2865865.5584026244,567.2738,23.322905,182.20425,-0.00022677961,4.242515,6.0,1
1190,6693,387871.08255802124,2865835.5584026244,579.4167,14.51604,329.39407,-0.00039406668,4.752448,6.0,1
1190,6694,387901.08255802124,2865835.5584026244,585.44025,13.287685,320.73373,-0.0006627063,4.84443,6.0,1
1190,6695,387931.08255802124,2865835.5584026244,589.6533,13.13932,309.24756,-0.0005564373,4.8560667,6.0,1
1190,6696,387961.08255802124,2865835.5584026244,593.3998,13.966654,300.087,-0.0011362708,4.7926655,6.0,1
1190,6697,387991.08255802124,2865835.5584026244,596.7126,12.979904,289.96356,-0.002993503,4.868707,6.0,1
1190,6698,388021.08255802124,2865835.5584026244,599.0867,9.855167,254.68863,-0.005368449,5.151498,6.0,1
1190,6699,388051.08255802124,2865835.5584026244,595.8002,15.263131,199.33887,-0.0060863406,4.6999297,6.0,1
1190,6700,388081.08255802124,2865835.5584026244,584.1705,25.300777,181.62653,-0.0033789913,4.150461,6.0,1
1190,6701,388111.08255802124,2865835.5584026244,566.5179,26.750805,174.70273,0.0015267606,4.086259,6.0,1
1191,6694,387901.08255802124,2865805.5584026244,588.40436,15.263272,326.0354,-0.00012290076,4.69992,6.0,1
1191,6695,387931.08255802124,2865805.5584026244,594.89636,16.339344,312.657,-0.00093856826,4.628214,6.0,1
1191,6696,387961.08255802124,2865805.5584026244,600.68884,16.027172,299.6617,-0.0024311997,4.6485696,6.0,1
1191,6697,387991.08255802124,2865805.5584026244,604.4083,12.252208,277.50256,-0.00422131,4.928311,6.0,1
1191,6698,388021.08255802124,2865805.5584026244,603.01,10.526983,216.52214,-0.005289272,5.084141,6.0,1
1191,6699,388051.08255802124,2865805.5584026244,595.3604,18.563007,181.03018,-0.004503361,4.4923816,6.0,1
1191,6700,388081.08255802124,2865805.5584026244,582.22107,26.946085,176.59221,-0.0012320628,4.0778008,6.0,1
1192,6695,387931.08255802124,2865775.5584026244,603.3668,20.734364,310.1709,-0.0021960281,4.372594,6.0,1
1192,6696,387961.08255802124,2865775.5584026244,609.1526,17.061834,293.56314,-0.004184418,4.582394,6.0,1
1192,6697,387991.08255802124,2865775.5584026244,611.40155,12.334274,254.99706,-0.0049940995,4.921426,6.0,1
1192,6698,388021.08255802124,2865775.5584026244,605.62854,16.00906,204.59277,-0.0041386243,4.649761,6.0,1
1192,6699,388051.08255802124,2865775.5584026244,594.5694,21.56357,188.31134,-0.002023875,4.3295794,6.0,1
1246,4418,319621.08255802124,2864155.5584026244,295.38147,10.587498,147.85294,-0.004385164,5.0782766,4.0,1
1246,4419,319651.08255802124,2864155.5584026244,289.76492,13.681981,143.21388,-0.0036425614,4.8140798,4.0,1
1246,4420,319681.08255802124,2864155.5584026244,283.4319,14.689926,140.33904,-0.0032998573,4.7400084,4.0,1
1247,4416,319561.08255802124,2864125.5584026244,298.8295,3.246645,110.22521,-0.004916382,6.270731,4.0,1
1247,4417,319591.08255802124,2864125.5584026244,295.66205,10.254478,137.2286,-0.0045986515,5.110952,4.0,1
1247,4418,319621.08255802124,2864125.5584026244,291.21515,15.002083,139.48883,-0.0034791394,4.71801,4.0,1
1247,4419,319651.08255802124,2864125.5584026244,283.4333,17.955368,137.71626,-0.0024629126,4.528028,4.0,1
1247,4420,319681.08255802124,2864125.5584026244,277.0007,17.681684,129.98006,-0.0020821462,4.5444245,4.0,1
1247,4421,319711.08255802124,2864125.5584026244,271.60443,18.197536,138.48347,-0.00179799,4.513699,4.0,1
1247,4422,319741.08255802124,2864125.5584026244,261.52533,18.072828,152.80023,-0.00088852766,4.521057,4.0,1
1248,4415,319531.08255802124,2864095.5584026244,297.4638,4.8943944,4.424637,-0.0040333387,5.858897,4.0,1
1248,4416,319561.08255802124,2864095.5584026244,297.09216,7.008468,141.90169,-0.0048488365,5.4973,4.0,1
1248,4417,319591.08255802124,2864095.5584026244,291.18677,13.546969,143.34242,-0.00394388,4.82438,4.0,1
1248,4418,319621.08255802124,2864095.5584026244,285.29028,17.966326,141.33931,-0.0024061245,4.527376,4.0,1
1248,4419,319651.08255802124,2864095.5584026244,276.29828,21.20687,138.30678,-0.00082258455,4.3479156,4.0,1
1248,4420,319681.08255802124,2864095.5584026244,268.12976,20.130201,126.4582,-5.696586e-05,4.404829,4.0,1
1248,4421,319711.08255802124,2864095.5584026244,263.0032,17.32315,123.48838,-0.0005711491,4.566242,4.0,1
1248,4422,319741.08255802124,2864095.5584026244,257.77774,14.430966,140.58485,-0.0013268237,4.7585835,4.0,1
1248,4423,319771.08255802124,2864095.5584026244,251.09793,14.898022,157.76799,-0.0010429551,4.725297,4.0,1
1249,4415,319531.08255802124,2864065.5584026244,296.61368,3.6540272,70.94798,-0.0044911364,6.1522374,4.0,1
1249,4416,319561.08255802124,2864065.5584026244,294.10782,11.305162,143.35806,-0.004917128,5.0110683,4.0,1
1249,4417,319591.08255802124,2864065.5584026244,286.90018,16.80709,145.56445,-0.0036190287,4.5983505,4.0,1
1249,4418,319621.08255802124,2864065.5584026244,278.93604,20.87433,144.09993,-0.0015388997,4.3652363,4.0,1
1249,4419,319651.08255802124,2864065.5584026244,268.13568,23.788906,141.07092,0.0008821403,4.220313,4.0,1
1249,4420,319681.08255802124,2864065.5584026244,257.93503,20.644062,126.838135,0.0022201068,4.3773623,4.0,1
1249,4421,319711.08255802124,2864065.5584026244,254.27913,16.206205,110.23588,0.0011150363,4.6368527,4.0,1
1249,4422,319741.08255802124,2864065.5584026244,252.81015,13.332806,117.80736,-0.0010317191,4.840915,4.0,1
1249,4423,319771.08255802124,2864065.5584026244,248.7614,13.778518,145.3247,-0.0016191017,4.806772,4.0,1
1250,4415,319531.08255802124,2864035.5584026244,293.94528,6.6389093,115.91019,-0.0044551594,5.551987,4.0,1
1250,4416,319561.08255802124,2864035.5584026244,289.55167,15.43648,141.31544,-0.004487678,4.6880774,4.0,1
1250,4417,319591.08255802124,2864035.5584026244,281.1517,19.80032,143.22997,-0.0029873997,4.4227695,4.0,1
1250,4418,319621.08255802124,2864035.5584026244,271.90784,23.249397,145.13612,-0.0005607943,4.2460485,4.0,1
1250,4419,319651.08255802124,2864035.5584026244,259.43106,24.907084,144.3885,0.0024481248,4.168347,4.0,1
1250,4420,319681.08255802124,2864035.5584026244,248.7682,19.502848,128.75015,0.004115138,4.439163,4.0,1
1250,4421,319711.08255802124,2864035.5584026244,246.22687,15.523495,104.341034,0.0028763576,4.682173,4.0,1
1250,4422,319741.08255802124,2864035.5584026244,245.24283,14.798925,104.45131,0.00036942822,4.7322793,4.0,1
1250,4423,319771.08255802124,2864035.5584026244,242.63367,13.162957,121.065506,-0.0009527418,4.8542047,4.0,1
1251,4414,319501.08255802124,2864005.5584026244,291.49908,2.899588,68.289185,-0.0027145979,6.3840013,4.0,1
1251,4415,319531.08255802124,2864005.5584026244,290.20117,11.147698,135.84601,-0.003917414,5.0254602,4.0,1
1251,4416,319561.08255802124,2864005.5584026244,283.16806,18.94817,141.58218,-0.0031852385,4.470301,4.0,1
1251,4417,319591.08255802124,2864005.5584026244,273.77042,21.506176,141.65172,-0.0015376193,4.332513,4.0,1
1251,4418,319621.08255802124,2864005.5584026244,264.41177,23.698912,145.90897,0.00077466766,4.224575,4.0,1
1251,4419,319651.08255802124,2864005.5584026244,251.37384,23.699635,148.53156,0.003624407,4.2245407,4.0,1
1251,4420,319681.08255802124,2864005.5584026244,241.0928,16.73374,135.19798,0.0051651,4.6029844,4.0,1
1251,4421,319711.08255802124,2864005.5584026244,238.43391,12.892051,109.0179,0.004201575,4.875735,4.0,1
1251,4422,319741.08255802124,2864005.5584026244,236.75626,12.891119,103.41539,0.0021315978,4.8758097,4.0,1
1251,4423,319771.08255802124,2864005.5584026244,235.31464,11.039814,103.3892,0.00041890456,5.0354323,4.0,1
1252,4415,319531.08255802124,2863975.5584026244,285.0498,15.701395,147.34537,-0.0030004035,4.6701937,4.0,1
1252,4416,319561.08255802124,2863975.5584026244,275.90137,20.740114,145.5527,-0.0013015664,4.3722906,4.0,1
1252,4417,319591.08255802124,2863975.5584026244,266.1477,21.143429,143.69604,0.00043063256,4.3512025,4.0,1
1252,4418,319621.08255802124,2863975.5584026244,256.89212,21.226776,149.0606,0.0020891614,4.3468857,4.0,1
1252,4419,319651.08255802124,2863975.5584026244,245.41841,19.662844,156.8647,0.0039081825,4.43032,4.0,1
1252,4420,319681.08255802124,2863975.5584026244,236.81305,13.353707,152.59238,0.0049576145,4.8392906,4.0,1
1252,4421,319711.08255802124,2863975.5584026244,233.30336,9.481385,128.29913,0.004564476,5.190907,4.0,1
1252,4422,319741.08255802124,2863975.5584026244,231.11108,9.451328,109.68741,0.0032601715,5.194141,4.0,1
1252,4423,319771.08255802124,2863975.5584026244,230.39127,8.818307,92.80207,0.0015274894,5.2646546,4.0,1
1253,4415,319531.08255802124,2863945.5584026244,280.48962,18.377619,158.21019,-0.0021222178,4.5031495,4.0,1
1253,4416,319561.08255802124,2863945.5584026244,269.31573,21.19155,154.12659,0.00038063427,4.3487086,4.0,1
1253,4417,319591.08255802124,2863945.5584026244,259.78024,18.886105,149.44531,0.002116233,4.473833,4.0,1
1253,4418,319621.08255802124,2863945.5584026244,251.29018,16.306961,155.81454,0.0026803887,4.630309,4.0,1
1253,4419,319651.08255802124,2863945.5584026244,243.68045,15.116123,169.37721,0.0029856022,4.7100763,4.0,1
1253,4420,319681.08255802124,2863945.5584026244,235.907,12.686999,172.29565,0.0035301973,4.892313,4.0,1
1253,4421,319711.08255802124,2863945.5584026244,230.27406,9.121482,156.37767,0.0038915507,5.2302938,4.0,1
1253,4422,319741.08255802124,2863945.5584026244,226.80592,7.1908345,126.56233,0.0034390131,5.4713473,4.0,1
1253,4423,319771.08255802124,2863945.5584026244,225.75793,6.844782,92.53061,0.0019592498,5.5211644,4.0,1
1254,4416,319561.08255802124,2863915.5584026244,264.6693,21.591555,162.70747,0.001415079,4.3281507,4.0,1
1254,4417,319591.08255802124,2863915.5584026244,254.82768,15.417043,158.0444,0.0028448827,4.6894,4.0,1
1254,4418,319621.08255802124,2863915.5584026244,249.02512,11.245083,166.89093,0.002143508,5.0165367,4.0,1
1254,4419,319651.08255802124,2863915.5584026244,243.70695,12.753853,179.30101,0.001228786,4.886881,4.0,1
1254,4420,319681.08255802124,2863915.5584026244,236.15216,13.05563,182.00838,0.0014880837,4.8626847,4.0,1
1254,4421,319711.08255802124,2863915.5584026244,229.09338,10.058014,181.09518,0.0023087864,5.130708,4.0,1
1254,4422,319741.08255802124,2863915.5584026244,224.7511,6.173668,168.89723,0.002501386,5.625251,4.0,1
1255,4417,319591.08255802124,2863885.5584026244,251.98639,11.509925,166.81102,0.0024749544,4.992635,4.0,1
1255,4418,319621.08255802124,2863885.5584026244,249.68924,8.499849,178.9457,0.0006329135,5.302002,4.0,1
1255,4419,319651.08255802124,2863885.5584026244,243.85359,12.523186,180.87018,-0.00072358875,4.9057384,4.0,1
1255,4420,319681.08255802124,2863885.5584026244,236.49895,12.642102,181.0761,-0.0005248558,4.8959765,4.0,1
1255,4421,319711.08255802124,2863885.5584026244,230.86745,10.589781,182.12936,0.00031197467,5.0780563,4.0,1
1468,2328,256921.08255802124,2857495.5584026244,69.329254,5.5914326,163.84293,0.00012089833,5.725007,6.0,1
1468,2329,256951.08255802124,2857495.5584026244,67.35058,2.9474447,164.34927,0.0005184004,6.3676033,6.0,1
1468,2330,256981.08255802124,2857495.5584026244,66.5295,1.4108686,196.26878,0.00022017796,7.1050167,6.0,1
1468,2331,257011.08255802124,2857495.5584026244,65.641365,1.7370406,220.5001,-0.00025876786,6.896935,6.0,1
1468,2332,257041.08255802124,2857495.5584026244,64.976006,1.3842484,201.00453,-0.00054404896,7.1240726,6.0,1
1468,2333,257071.08255802124,2857495.5584026244,64.30749,2.2388787,160.6555,-0.0004001787,6.64294,6.0,1
1469,2327,256891.08255802124,2857465.5584026244,71.86617,5.2813387,162.54375,-0.0005953534,5.782407,6.0,1
1469,2328,256921.08255802124,2857465.5584026244,68.47918,6.027643,158.78773,0.00040169607,5.6493697,6.0,1
1469,2329,256951.08255802124,2857465.5584026244,66.22689,3.1229482,130.25394,0.00070432876,6.309656,6.0,1
1469,2330,256981.08255802124,2857465.5584026244,66.441376,1.146052,75.15701,-4.6248955e-05,7.3129683,6.0,1
1469,2331,257011.08255802124,2857465.5584026244,66.48177,1.0671194,183.3872,-0.00082893576,7.384346,6.0,1
1469,2332,257041.08255802124,2857465.5584026244,65.38028,2.633539,172.0131,-0.0007116487,6.480391,6.0,1
1469,2333,257071.08255802124,2857465.5584026244,63.63189,3.675346,153.69519,0.00015233252,6.1464043,6.0,1
1469,2334,257101.08255802124,2857465.5584026244,61.8984,3.0743728,134.47102,0.00094988925,6.325363,6.0,1
1470,2327,256891.08255802124,2857435.5584026244,71.11118,5.4186225,160.82469,-0.00046682567,5.756595,6.0,1
1470,2328,256921.08255802124,2857435.5584026244,67.15722,6.742401,162.17021,0.00071798323,5.5363774,6.0,1
1470,2329,256951.08255802124,2857435.5584026244,63.918964,3.0518265,126.1367,0.001215886,6.332738,6.0,1
1470,2330,256981.08255802124,2857435.5584026244,65.57132,2.7537835,56.449253,0.00029170356,6.435678,6.0,1
1470,2331,257011.08255802124,2857435.5584026244,66.34834,2.4181333,114.95399,-0.00065527705,6.5658345,6.0,1
1470,2332,257041.08255802124,2857435.5584026244,64.78436,3.7870011,144.55125,-0.0003156938,6.116392,6.0,1
1470,2333,257071.08255802124,2857435.5584026244,62.44995,4.1170406,153.85413,0.0008999369,6.0325665,6.0,1
1470,2334,257101.08255802124,2857435.5584026244,59.989548,3.0611775,141.63484,0.0019358445,6.329673,6.0,1
1470,2335,257131.08255802124,2857435.5584026244,59.95038,2.4782417,68.749405,0.0021762317,6.541251,6.0,1
1471,2326,256861.08255802124,2857405.5584026244,71.598305,3.7672625,132.42596,-0.0005924818,6.121633,6.0,1
1471,2327,256891.08255802124,2857405.5584026244,70.10344,4.881417,155.58455,-0.0003018634,5.861565,6.0,1
1471,2328,256921.08255802124,2857405.5584026244,66.57197,6.0203648,174.1242,0.000636194,5.6505866,6.0,1
1471,2329,256951.08255802124,2857405.5584026244,63.116333,2.1272256,176.98415,0.0012516276,6.694146,6.0,1
1471,2330,256981.08255802124,2857405.5584026244,64.23585,1.6683271,70.55263,0.0008328258,6.93732,6.0,1
1471,2331,257011.08255802124,2857405.5584026244,64.38273,3.3587532,115.03953,0.00034433577,6.236708,6.0,1
1471,2332,257041.08255802124,2857405.5584026244,62.594967,2.0862017,128.11981,0.00046135695,6.7136374,6.0,1
1471,2333,257071.08255802124,2857405.5584026244,62.08803,2.461787,227.94206,0.00090778567,6.547921,6.0,1
1471,2334,257101.08255802124,2857405.5584026244,60.158993,4.546868,233.80313,0.0016248364,5.9328833,6.0,1
1471,2335,257131.08255802124,2857405.5584026244,58.856045,2.9732819,271.45923,0.0023131063,6.35886,6.0,1
1472,2326,256861.08255802124,2857375.5584026244,69.57057,4.0572515,123.646324,0.00022398625,6.047245,6.0,1
1472,2327,256891.08255802124,2857375.5584026244,68.76724,3.949138,141.19589,2.247064e-05,6.074342,6.0,1
1472,2328,256921.08255802124,2857375.5584026244,66.615395,3.9891534,173.29024,0.00025152214,6.0642276,6.0,1
1472,2329,256951.08255802124,2857375.5584026244,64.75539,2.4457572,202.36772,0.00071830227,6.554462,6.0,1
1472,2330,256981.08255802124,2857375.5584026244,63.971283,1.8798236,174.71936,0.0011561764,6.817888,6.0,1
1472,2331,257011.08255802124,2857375.5584026244,62.120556,1.6312844,142.34436,0.0013597086,6.9597864,6.0,1
1472,2332,257041.08255802124,2857375.5584026244,62.07851,3.2715354,327.2364,0.0006662009,6.2630773,6.0,1
1472,2333,257071.08255802124,2857375.5584026244,65.21151,5.985672,286.95825,-0.00047168095,5.6564083,6.0,1
1472,2334,257101.08255802124,2857375.5584026244,64.83326,7.560936,246.72339,-0.00030667408,5.420601,6.0,1
1472,2335,257131.08255802124,2857375.5584026244,62.90362,5.7715554,251.99046,0.0012476105,5.6930923,6.0,1
1473,2326,256861.08255802124,2857345.5584026244,67.84006,3.3269775,135.43742,0.00096912804,6.2462354,6.0,1
1473,2327,256891.08255802124,2857345.5584026244,67.144615,3.2959344,131.5529,0.0005210559,6.255631,6.0,1
1473,2328,256921.08255802124,2857345.5584026244,65.86514,2.355085,141.56421,0.00016778524,6.592284,6.0,1
1473,2329,256951.08255802124,2857345.5584026244,65.53329,1.516991,180.1985,0.00027851952,7.032462,6.0,1
1473,2330,256981.08255802124,2857345.5584026244,64.00977,3.0813293,193.72241,0.0010510338,6.3230987,6.0,1
1473,2331,257011.08255802124,2857345.5584026244,61.69297,1.4798445,259.57812,0.0014145914,7.057265,6.0,1
1473,2332,257041.08255802124,2857345.5584026244,64.02499,6.493902,334.26736,-5.2001735e-05,5.574266,6.0,1
1473,2333,257071.08255802124,2857345.5584026244,69.34195,3.9412704,312.67523,-0.0019018683,6.076342,6.0,1
1473,2334,257101.08255802124,2857345.5584026244,68.29127,4.7368975,191.38152,-0.0013230377,5.89176,6.0,1
1473,2335,257131.08255802124,2857345.5584026244,64.60103,2.5566385,179.97208,0.0012189038,6.510067,6.0,1
1473,6677,387391.08255802124,2857345.5584026244,582.2905,7.115381,311.22705,0.0036436124,5.482006,6.0,1
1473,6678,387421.08255802124,2857345.5584026244,586.0565,10.0466,337.68185,0.0038386367,5.1318674,6.0,1
1474,2327,256891.08255802124,2857315.5584026244,65.80211,2.9047744,141.57346,0.0010041853,6.382211,6.0,1
1474,2328,256921.08255802124,2857315.5584026244,64.75522,1.5520816,106.29775,0.0004841656,7.0095825,6.0,1
1474,2329,256951.08255802124,2857315.5584026244,65.30499,0.2995044,319.42862,6.654529e-05,8.655042,6.0,1
1474,2330,256981.08255802124,2857315.5584026244,64.754265,2.9753945,223.18166,0.00034433787,6.358148,6.0,1
1474,2331,257011.08255802124,2857315.5584026244,63.069725,2.6099267,274.34656,0.0004512564,6.4894104,6.0,1
1474,2332,257041.08255802124,2857315.5584026244,65.49504,4.9521465,351.54907,-0.00071845687,5.847109,6.0,1
1474,2333,257071.08255802124,2857315.5584026244,69.29029,3.1052012,92.295105,-0.0013879606,6.3153663,6.0,1
1474,2334,257101.08255802124,2857315.5584026244,65.41601,7.6957154,138.7371,0.0005053011,5.402722,6.0,1
1474,2335,257131.08255802124,2857315.5584026244,61.583904,2.5135028,83.71944,0.0032344768,6.5271053,6.0,1
1474,6675,387331.08255802124,2857315.5584026244,582.97174,10.024419,311.2854,0.0013228862,5.1341233,6.0,1
1474,6676,387361.08255802124,2857315.5584026244,585.93066,11.000165,290.9331,0.0012291973,5.0391207,6.0,1
1474,6677,387391.08255802124,2857315.5584026244,586.7189,11.015492,286.6043,0.002711843,5.0376935,6.0,1
1474,6678,387421.08255802124,2857315.5584026244,588.3285,12.003979,310.68707,0.00388287,4.9494033,6.0,1
1474,6679,387451.08255802124,2857315.5584026244,594.9615,16.157236,331.20316,0.0030329046,4.6400456,6.0,1
1474,6680,387481.08255802124,2857315.5584026244,604.80835,18.005104,336.61536,0.00047454823,4.5250716,6.0,1
1475,2327,256891.08255802124,2857285.5584026244,64.928795,3.0595734,160.45897,0.0012051518,6.330198,6.0,1
1475,2328,256921.08255802124,2857285.5584026244,63.764164,1.1436933,65.61865,0.00072823954,7.3150287,6.0,1
1475,2329,256951.08255802124,2857285.5584026244,65.70944,2.3569584,352.84872,-0.00028622418,6.591488,6.0,1
1475,2330,256981.08255802124,2857285.5584026244,66.57441,2.0856702,247.08054,-0.00076345226,6.7138925,6.0,1
1475,2331,257011.08255802124,2857285.5584026244,64.92403,1.8907802,244.81168,-0.0005900912,6.812072,6.0,1
1475,2332,257041.08255802124,2857285.5584026244,65.90678,1.6452595,44.52896,-0.00034050626,6.9512515,6.0,1
1475,2333,257071.08255802124,2857285.5584026244,65.403435,4.0977993,125.76465,0.00081860006,6.037267,6.0,1
1475,2334,257101.08255802124,2857285.5584026244,61.277164,3.5294445,161.30753,0.0033159805,6.187018,6.0,1
1475,6674,387301.08255802124,2857285.5584026244,581.5159,9.265772,332.95276,0.0017574226,5.214326,6.0,1
1475,6675,387331.08255802124,2857285.5584026244,587.57715,12.269241,325.10907,-0.00022343957,4.926878,6.0,1
1475,6676,387361.08255802124,2857285.5584026244,592.4842,12.646989,302.63153,-0.00087176857,4.895577,6.0,1
1475,6677,387391.08255802124,2857285.5584026244,593.97076,14.623509,285.82065,0.00030302256,4.744744,6.0,1
1475,6678,387421.08255802124,2857285.5584026244,595.55347,16.387447,293.37994,0.001685452,4.625108,6.0,1
1475,6679,387451.08255802124,2857285.5584026244,600.53314,16.973621,312.9028,0.0014250524,4.587896,6.0,1
1475,6680,387481.08255802124,2857285.5584026244,608.7687,15.100111,331.79907,-0.00033988123,4.7111874,6.0,1
1475,6681,387511.08255802124,2857285.5584026244,615.9187,11.774976,355.7709,-0.0021124948,4.9692287,6.0,1
1476,2328,256921.08255802124,2857255.5584026244,63.1804,1.3326074,51.942474,0.000630028,7.1621065,6.0,1
1476,2329,256951.08255802124,2857255.5584026244,65.40321,3.6866703,11.934213,-0.00073481456,6.143319,6.0,1
1476,2330,256981.08255802124,2857255.5584026244,67.3624,0.35386267,97.149956,-0.0014958763,8.488258,6.0,1
1476,2331,257011.08255802124,2857255.5584026244,65.80552,2.8388896,155.88898,-0.00066871534,6.4051924,6.0,1
1476,2332,257041.08255802124,2857255.5584026244,64.584915,2.4016662,113.301094,0.0010135057,6.5726757,6.0,1
1476,2333,257071.08255802124,2857255.5584026244,63.540516,0.29869986,279.57373,0.002813352,8.657731,6.0,1
1476,6673,387271.08255802124,2857255.5584026244,579.09467,4.7842484,12.526541,0.0028081257,5.8817673,6.0,1
1476,6674,387301.08255802124,2857255.5584026244,583.35443,10.122745,355.6033,0.0012695822,5.1241584,6.0,1
1476,6675,387331.08255802124,2857255.5584026244,590.0383,13.419751,347.68045,-0.000764601,4.8341727,6.0,1
1476,6676,387361.08255802124,2857255.5584026244,597.16144,13.625619,328.48483,-0.0023423599,4.8183684,6.0,1
1476,6677,387391.08255802124,2857255.5584026244,602.5434,14.495115,302.49622,-0.0026478916,4.753954,6.0,1
1476,6678,387421.08255802124,2857255.5584026244,605.6971,15.9862995,293.23798,-0.002100525,4.651261,6.0,1
1476,6679,387451.08255802124,2857255.5584026244,609.18353,14.151029,299.02292,-0.0016947258,4.7790093,6.0,1
1476,6680,387481.08255802124,2857255.5584026244,612.65533,8.471543,316.8267,-0.0014393954,5.305387,6.0,1
1476,6681,387511.08255802124,2857255.5584026244,615.56525,5.240346,26.513184,-0.0007825045,5.790243,6.0,1
1477,2330,256981.08255802124,2857225.5584026244,66.675125,3.0419831,86.197556,-0.0010033841,6.3359747,6.0,1
1477,2331,257011.08255802124,2857225.5584026244,64.3788,3.4776955,142.12407,0.00034802328,6.2018256,6.0,1
1477,6673,387271.08255802124,2857225.5584026244,578.0186,6.233795,17.395824,0.0030166795,5.6154823,6.0,1
1477,6674,387301.08255802124,2857225.5584026244,582.2992,11.057459,7.745471,0.0017503018,5.0337954,6.0,1
1477,6675,387331.08255802124,2857225.5584026244,589.7057,15.578394,0.46154654,-0.0002712335,4.678463,6.0,1
1477,6676,387361.08255802124,2857225.5584026244,599.6618,16.23335,350.48203,-0.002790731,4.635086,6.0,1
1477,6677,387391.08255802124,2857225.5584026244,607.89685,13.286374,332.70914,-0.0046673073,4.8445325,6.0,1
1477,6678,387421.08255802124,2857225.5584026244,612.8553,10.357418,310.33893,-0.0051751537,5.1007447,6.0,1
1477,6679,387451.08255802124,2857225.5584026244,615.18225,7.0539565,293.18317,-0.0043613855,5.4907656,6.0,1
1477,6680,387481.08255802124,2857225.5584026244,615.0811,2.1307192,242.87308,-0.002244873,6.692504,6.0,1
1477,6681,387511.08255802124,2857225.5584026244,613.10266,4.2545667,117.46686,0.0007449171,5.999591,6.0,1
1477,6682,387541.08255802124,2857225.5584026244,612.0985,8.792427,58.070736,0.002736172,5.2676406,6.0,1
1478,6673,387271.08255802124,2857195.5584026244,577.3201,5.211826,349.24026,0.0030903625,5.7957306,6.0,1
1478,6674,387301.08255802124,2857195.5584026244,581.3626,10.849599,1.790718,0.002357958,5.0532427,6.0,1
1478,6675,387331.08255802124,2857195.5584026244,589.4755,16.63657,2.3771455,0.00045038876,4.6091514,6.0,1
1478,6676,387361.08255802124,2857195.5584026244,599.73987,17.94984,1.111143,-0.002480181,4.528357,6.0,1
1478,6677,387391.08255802124,2857195.5584026244,609.50415,13.882027,358.25952,-0.005067325,4.7989893,6.0,1
1478,6678,387421.08255802124,2857195.5584026244,615.1823,6.832619,353.14578,-0.0060847476,5.52296,6.0,1
1478,6679,387451.08255802124,2857195.5584026244,616.68665,0.5840041,349.64273,-0.005140601,7.987237,6.0,1
1478,6680,387481.08255802124,2857195.5584026244,615.46356,5.039351,164.15134,-0.0022616917,5.8295636,6.0,1
1478,6681,387511.08255802124,2857195.5584026244,610.3927,5.855784,151.62033,0.0016602919,5.678504,6.0,1
1478,6682,387541.08255802124,2857195.5584026244,608.7721,4.9286666,51.340614,0.004206136,5.851885,6.0,1
1479,6673,387271.08255802124,2857165.5584026244,578.9284,3.921675,302.2115,0.0025533887,6.081342,6.0,1
1479,6674,387301.08255802124,2857165.5584026244,581.5255,8.789088,3.4405837,0.0028590225,5.2680264,6.0,1
1479,6675,387331.08255802124,2857165.5584026244,588.9059,16.117937,10.962555,0.0015391544,4.642615,6.0,1
1479,6676,387361.08255802124,2857165.5584026244,599.0606,18.462925,12.858687,-0.0011759272,4.4981833,6.0,1
1479,6677,387391.08255802124,2857165.5584026244,608.39136,14.861584,17.709766,-0.0037440152,4.7278595,6.0,1
1479,6678,387421.08255802124,2857165.5584026244,614.269,8.147042,37.491512,-0.0047304113,5.344998,6.0,1
1479,6679,387451.08255802124,2857165.5584026244,615.2923,5.3756685,92.40487,-0.0037095472,5.764601,6.0,1
1479,6680,387481.08255802124,2857165.5584026244,613.88715,6.6147723,135.96121,-0.0010710653,5.555662,6.0,1
1479,6681,387511.08255802124,2857165.5584026244,609.6009,4.0087705,156.14551,0.0020184496,6.059306,6.0,1
1479,6682,387541.08255802124,2857165.5584026244,608.5965,3.6157987,339.7974,0.0037184143,6.1627827,6.0,1
1480,6673,387271.08255802124,2857135.5584026244,580.8111,4.03915,228.74297,0.0020540706,6.0517316,6.0,1
1480,6674,387301.08255802124,2857135.5584026244,580.3709,5.2018867,20.41287,0.0038701715,5.7976503,6.0,1
1480,6675,387331.08255802124,2857135.5584026244,585.741,14.69441,20.995934,0.003620673,4.7396894,6.0,1
1480,6676,387361.08255802124,2857135.5584026244,595.0117,18.646236,21.912731,0.001416643,4.4875774,6.0,1
1480,6677,387391.08255802124,2857135.5584026244,604.8622,15.8748255,28.06729,-0.0009948725,4.6586328,6.0,1
1480,6678,387421.08255802124,2857135.5584026244,609.82117,9.788231,50.560562,-0.0018286981,5.158448,6.0,1
1480,6679,387451.08255802124,2857135.5584026244,611.13904,7.7931643,94.22861,-0.0006357491,5.3899837,6.0,1
1480,6680,387481.08255802124,2857135.5584026244,609.35596,7.244309,111.15557,0.0014502123,5.4638596,6.0,1
1480,6681,387511.08255802124,2857135.5584026244,608.8085,2.8431437,54.664642,0.0026341076,6.4036927,6.0,1
1481,6674,387301.08255802124,2857105.5584026244,579.068,1.6333157,355.05447,0.0053375075,6.9585414,6.0,1
1481,6675,387331.08255802124,2857105.5584026244,582.8844,12.579331,3.6987534,0.0057358807,4.9011188,6.0,1
1481,6676,387361.08255802124,2857105.5584026244,591.0104,17.090256,1.9294838,0.0036431379,4.5806274,6.0,1
1481,6677,387391.08255802124,2857105.5584026244,600.29034,14.043385,2.1146712,0.0012006634,4.786962,6.0,1
1481,6678,387421.08255802124,2857105.5584026244,606.4082,6.154558,7.1215463,0.00046756328,5.628375,6.0,1
1481,6679,387451.08255802124,2857105.5584026244,607.13837,1.4439733,130.78944,0.0018402439,7.0818143,6.0,1
1481,6680,387481.08255802124,2857105.5584026244,605.29846,1.3667955,139.20547,0.0036103143,7.1367655,6.0,1
1481,6681,387511.08255802124,2857105.5584026244,606.48065,5.840921,355.80087,0.0034552002,5.681063,6.0,1
1482,6675,387331.08255802124,2857075.5584026244,584.3293,16.449091,330.98584,0.0060297316,4.6211395,6.0,1
1482,6676,387361.08255802124,2857075.5584026244,594.8348,20.918068,329.20108,0.003106859,4.362945,6.0,1
1482,6677,387391.08255802124,2857075.5584026244,604.1434,17.69432,319.36456,0.00044871029,4.543663,6.0,1
1482,6678,387421.08255802124,2857075.5584026244,609.2206,12.871237,297.52362,-0.0001734416,4.8774066,6.0,1
1482,6679,387451.08255802124,2857075.5584026244,609.8506,11.637508,264.9084,0.0011860488,4.9813056,6.0,1
1482,6680,387481.08255802124,2857075.5584026244,607.95306,10.747762,260.73615,0.003021461,5.0629005,6.0,1
1483,6657,386791.08255802124,2857045.5584026244,628.87354,10.747401,223.54301,-0.0029492527,5.062935,6.0,1
1483,6658,386821.08255802124,2857045.5584026244,623.87823,13.345675,220.8242,-0.0018463815,4.839915,6.0,1
1483,6659,386851.08255802124,2857045.5584026244,618.4529,13.420561,202.66316,-0.001041124,4.8341103,6.0,1
1483,6660,386881.08255802124,2857045.5584026244,611.19965,12.010018,172.04486,-0.0006397839,4.948885,6.0,1
1483,6661,386911.08255802124,2857045.5584026244,606.1397,12.570193,140.53647,-0.0007108732,4.9018693,6.0,1
1484,6655,386731.08255802124,2857015.5584026244,632.3485,4.8637166,53.315895,-0.0039015538,5.8652153,6.0,1
1484,6656,386761.08255802124,2857015.5584026244,634.1415,1.031575,22.455841,-0.0047304956,7.4182296,6.0,1
1484,6657,386791.08255802124,2857015.5584026244,634.2612,5.799043,221.43434,-0.005558624,5.6883087,6.0,1
1484,6658,386821.08255802124,2857015.5584026244,630.2797,12.047158,205.1256,-0.0052449033,4.945705,6.0,1
1484,6659,386851.08255802124,2857015.5584026244,622.1253,17.684326,188.02917,-0.003379025,4.5442653,6.0,1
1484,6660,386881.08255802124,2857015.5584026244,609.9724,18.56617,171.28127,-0.0008143959,4.492199,6.0,1
1484,6661,386911.08255802124,2857015.5584026244,601.1527,16.112001,150.94254,0.0010097926,4.6430035,6.0,1
1484,6662,386941.08255802124,2857015.5584026244,593.92487,15.669652,139.41208,0.0019854908,4.6723223,6.0,1
1485,6655,386731.08255802124,2856985.5584026244,628.2493,9.574625,68.92852,-0.0020987277,5.1809382,6.0,1
1485,6656,386761.08255802124,2856985.5584026244,632.3074,9.4460745,61.507072,-0.0042507937,5.194707,6.0,1
1485,6657,386791.08255802124,2856985.5584026244,633.7845,6.062994,102.16862,-0.006653205,5.6434784,6.0,1
1485,6658,386821.08255802124,2856985.5584026244,630.4716,10.850665,161.21315,-0.0071095275,5.053142,6.0,1
1485,6659,386851.08255802124,2856985.5584026244,622.1034,20.39941,171.36378,-0.0047609457,4.390368,6.0,1
1485,6660,386881.08255802124,2856985.5584026244,607.9935,22.811499,167.50644,-0.0008317397,4.2672763,6.0,1
1485,6661,386911.08255802124,2856985.5584026244,596.68207,17.834915,157.24625,0.00216707,4.535218,6.0,1
1485,6662,386941.08255802124,2856985.5584026244,589.5688,13.259843,150.06236,0.0033980308,4.846605,6.0,1
1485,6663,386971.08255802124,2856985.5584026244,584.255,7.2582455,151.1712,0.0036820136,5.461917,6.0,1
1486,6654,386701.08255802124,2856955.5584026244,623.1256,9.994255,134.19662,-0.0014896478,5.137199,6.0,1
1486,6655,386731.08255802124,2856955.5584026244,621.6851,11.527747,83.48107,-0.0002848138,4.991045,6.0,1
1486,6656,386761.08255802124,2856955.5584026244,625.18164,14.299593,68.45725,-0.0024679396,4.7681236,6.0,1
1486,6657,386791.08255802124,2856955.5584026244,627.75073,11.96143,80.84434,-0.0057093306,4.9530597,6.0,1
1486,6658,386821.08255802124,2856955.5584026244,627.3415,11.660055,132.31117,-0.0071679857,4.9793158,6.0,1
1486,6659,386851.08255802124,2856955.5584026244,619.69727,21.566433,161.76553,-0.00512263,4.329433,6.0,1
1486,6660,386881.08255802124,2856955.5584026244,604.36456,24.771545,163.79771,-0.000657603,4.174552,6.0,1
1486,6661,386911.08255802124,2856955.5584026244,592.9594,19.297516,154.94205,0.0030464341,4.4506016,6.0,1
1486,6662,386941.08255802124,2856955.5584026244,586.054,13.0499,140.00183,0.0043266974,4.863139,6.0,1
1486,6663,386971.08255802124,2856955.5584026244,582.83344,5.5027432,105.56645,0.003523729,5.7410965,6.0,1
1487,6654,386701.08255802124,2856925.5584026244,619.65485,13.755293,140.23746,-0.0013176643,4.808526,6.0,1
1487,6655,386731.08255802124,2856925.5584026244,615.8627,12.512746,102.47246,0.0010190668,4.906599,6.0,1
1487,6656,386761.08255802124,2856925.5584026244,616.61346,15.647608,73.86013,-0.00032123132,4.673803,6.0,1
1487,6657,386791.08255802124,2856925.5584026244,620.6589,15.223401,70.82052,-0.0038806156,4.7026634,6.0,1
1487,6658,386821.08255802124,2856925.5584026244,622.2198,12.706317,113.093636,-0.0063657966,4.890741,6.0,1
1487,6659,386851.08255802124,2856925.5584026244,615.10736,20.986135,155.45078,-0.0050442163,4.359388,6.0,1
1487,6660,386881.08255802124,2856925.5584026244,600.5551,24.666616,164.04758,-0.00064073363,4.1793733,6.0,1
1487,6661,386911.08255802124,2856925.5584026244,587.65216,20.316383,158.89491,0.003610399,4.394811,6.0,1
1487,6662,386941.08255802124,2856925.5584026244,579.4752,12.791364,137.98529,0.005323486,4.8838444,6.0,1
1487,6663,386971.08255802124,2856925.5584026244,577.71606,7.5592046,67.48444,0.0038790386,5.4208326,6.0,1
1488,6654,386701.08255802124,2856895.5584026244,614.7696,17.936129,132.83109,-0.0006846279,4.529174,6.0,1
1488,6655,386731.08255802124,2856895.5584026244,608.8045,16.795872,112.81071,0.0023581614,4.599058,6.0,1
1488,6656,386761.08255802124,2856895.5584026244,607.29315,17.693373,79.27333,0.0018933783,4.5437202,6.0,1
1488,6657,386791.08255802124,2856895.5584026244,611.8337,18.307259,67.15356,-0.0016693622,4.507261,6.0,1
1488,6658,386821.08255802124,2856895.5584026244,615.37744,15.213008,98.81977,-0.004813911,4.703379,6.0,1
1488,6659,386851.08255802124,2856895.5584026244,609.7647,19.405802,144.11224,-0.00439387,4.444556,6.0,1
1488,6660,386881.08255802124,2856895.5584026244,597.9448,22.499174,161.94395,-0.00083767343,4.282612,6.0,1
1488,6661,386911.08255802124,2856895.5584026244,585.43915,19.92419,167.03079,0.0032853188,4.4160037,6.0,1
1488,6662,386941.08255802124,2856895.5584026244,575.5188,11.19005,155.53877,0.005524038,5.0215707,6.0,1
1488,6663,386971.08255802124,2856895.5584026244,574.95374,7.1003947,54.987576,0.0043777805,5.4841366,6.0,1
1489,6654,386701.08255802124,2856865.5584026244,606.7492,19.370947,131.4859,0.0007877605,4.446499,6.0,1
1489,6655,386731.08255802124,2856865.5584026244,598.9049,17.610178,119.71264,0.0039990065,4.548745,6.0,1
1489,6656,386761.08255802124,2856865.5584026244,596.6588,16.341408,79.88109,0.0040360177,4.6280804,6.0,1
1489,6657,386791.08255802124,2856865.5584026244,602.3006,18.021198,64.57129,0.00077580794,4.5241165,6.0,1
1489,6658,386821.08255802124,2856865.5584026244,605.71436,15.7686,91.068665,-0.0025050696,4.6657,6.0,1
1489,6659,386851.08255802124,2856865.5584026244,601.98315,16.533817,131.89674,-0.0030670338,4.615707,6.0,1
1489,6660,386881.08255802124,2856865.5584026244,593.74896,18.971344,156.96875,-0.0009795635,4.468985,6.0,1
1489,6661,386911.08255802124,2856865.5584026244,583.5777,19.086838,165.60463,0.0023831688,4.4624453,6.0,1
1489,6662,386941.08255802124,2856865.5584026244,574.9066,12.594087,155.89226,0.005052965,4.8999076,6.0,1
1489,6663,386971.08255802124,2856865.5584026244,571.2682,7.877079,76.69423,0.0049881656,5.379139,6.0,1
1490,6655,386731.08255802124,2856835.5584026244,591.8307,13.212494,135.00325,0.0047023688,4.8503127,6.0,1
1490,6656,386761.08255802124,2856835.5584026244,589.87286,10.4242325,79.951096,0.0052005854,5.0941715,6.0,1
1490,6657,386791.08255802124,2856835.5584026244,594.3734,13.7494,59.453884,0.0026900566,4.8089714,6.0,1
1490,6658,386821.08255802124,2856835.5584026244,597.2036,11.662408,82.27485,-0.00044052117,4.979108,6.0,1
1490,6659,386851.08255802124,2856835.5584026244,595.8133,10.398324,127.327095,-0.0020266385,5.0967155,6.0,1
1490,6660,386881.08255802124,2856835.5584026244,590.99005,14.872475,162.07533,-0.001302253,4.7270927,6.0,1
1490,6661,386911.08255802124,2856835.5584026244,581.02167,18.912552,168.67265,0.00162501,4.4723268,6.0,1
1490,6662,386941.08255802124,2856835.5584026244,570.6624,13.81275,158.93819,0.0048823887,4.8041925,6.0,1
1491,6656,386761.08255802124,2856805.5584026244,586.2686,4.335208,84.5903,0.004742262,5.980744,6.0,1
1491,6657,386791.08255802124,2856805.5584026244,588.8666,7.8856683,40.239605,0.00303165,5.378035,6.0,1
1491,6658,386821.08255802124,2856805.5584026244,592.39746,5.8931417,58.323727,0.00012174831,5.6721,6.0,1
1491,6659,386851.08255802124,2856805.5584026244,592.96313,5.0123506,130.96513,-0.002029012,5.834964,6.0,1
1491,6660,386881.08255802124,2856805.5584026244,590.0851,12.578497,168.90646,-0.0018708291,4.901187,6.0,1
1491,6661,386911.08255802124,2856805.5584026244,580.3098,18.816381,175.39503,0.0010838318,4.477813,6.0,1
1492,6657,386791.08255802124,2856775.5584026244,588.606,5.5615706,350.62317,0.0014076063,5.7303963,6.0,1
1492,6658,386821.08255802124,2856775.5584026244,591.4621,2.5299942,7.575118,-0.0010003323,6.520557,6.0,1
1492,6659,386851.08255802124,2856775.5584026244,591.98157,4.046404,146.33209,-0.0025926884,6.0499315,6.0,1
1492,6660,386881.08255802124,2856775.5584026244,588.5004,11.922128,166.28929,-0.0020895384,4.956448,6.0,1
1747,1684,237601.08255802124,2849125.5584026244,324.86856,4.6396933,178.23747,0.0011379072,5.912587,6.0,1
1747,1685,237631.08255802124,2849125.5584026244,321.56204,6.8166094,164.89404,0.0024115837,5.525328,6.0,1
1747,1686,237661.08255802124,2849125.5584026244,317.3205,6.9055767,173.71481,0.004367693,5.5122366,6.0,1
1747,1687,237691.08255802124,2849125.5584026244,313.87912,1.5612406,222.02928,0.0055414494,7.003696,6.0,1
1747,1688,237721.08255802124,2849125.5584026244,316.43445,5.3235545,356.11273,0.0047703637,5.7743998,6.0,1
1748,1683,237571.08255802124,2849095.5584026244,330.09494,7.4202666,234.39561,-0.00034840053,5.4395967,6.0,1
1748,1684,237601.08255802124,2849095.5584026244,326.1694,8.267154,220.50958,0.0006964875,5.3301606,6.0,1
1748,1685,237631.08255802124,2849095.5584026244,322.31485,8.41162,226.0452,0.002361696,5.3125896,6.0,1
1748,1686,237661.08255802124,2849095.5584026244,319.57843,9.36425,243.07019,0.003700926,5.2035656,6.0,1
1748,1687,237691.08255802124,2849095.5584026244,317.9891,9.741425,266.63373,0.0041928357,5.163336,6.0,1
1748,1688,237721.08255802124,2849095.5584026244,319.37842,7.5453205,282.55054,0.003935793,5.422693,6.0,1
1748,1689,237751.08255802124,2849095.5584026244,319.4267,4.0419397,317.9864,0.0031039682,6.0510387,6.0,1
1749,1682,237541.08255802124,2849065.5584026244,334.68106,3.1512985,243.02927,-0.0015567779,6.3006005,6.0,1
1749,1683,237571.08255802124,2849065.5584026244,333.24048,5.3408337,219.04546,-0.0015126546,5.7711406,6.0,1
1749,1684,237601.08255802124,2849065.5584026244,329.99237,7.423014,227.44234,-0.0003615062,5.4392223,6.0,1
1749,1685,237631.08255802124,2849065.5584026244,327.39014,9.177718,248.90402,0.00082224526,5.2240415,6.0,1
1749,1686,237661.08255802124,2849065.5584026244,326.0892,11.818728,264.19702,0.0011967213,4.965413,6.0,1
1749,1687,237691.08255802124,2849065.5584026244,325.79977,13.604192,268.69916,0.0010733879,4.820003,6.0,1
1749,1688,237721.08255802124,2849065.5584026244,324.9559,13.13886,263.08344,0.0013089752,4.8561034,6.0,1
1749,1689,237751.08255802124,2849065.5584026244,322.8891,10.491814,263.72366,0.0016548581,5.0875635,6.0,1
1749,1690,237781.08255802124,2849065.5584026244,323.30948,6.191039,285.31738,0.00087148027,5.622419,6.0,1
1750,1682,237541.08255802124,2849035.5584026244,334.4115,3.2384057,138.657,-0.0013652547,6.2732778,6.0,1
1750,1683,237571.08255802124,2849035.5584026244,332.94366,3.606186,140.08417,-0.0009667629,6.165452,6.0,1
1750,1684,237601.08255802124,2849035.5584026244,331.7804,1.5419189,201.3356,-0.00044876948,7.0161552,6.0,1
1750,1685,237631.08255802124,2849035.5584026244,331.2765,5.3169217,279.61136,-0.00053667696,5.7756534,6.0,1
1750,1686,237661.08255802124,2849035.5584026244,332.2211,9.874329,283.3518,-0.0014209747,5.1495166,6.0,1
1750,1687,237691.08255802124,2849035.5584026244,333.70526,12.4102745,274.41772,-0.002333942,4.9150877,6.0,1
1750,1688,237721.08255802124,2849035.5584026244,333.36917,13.739681,260.8808,-0.0023507266,4.809706,6.0,1
1750,1689,237751.08255802124,2849035.5584026244,331.3427,13.545453,253.76599,-0.0017841763,4.8244963,6.0,1
1750,1690,237781.08255802124,2849035.5584026244,328.76907,10.587373,252.2472,-0.001685028,5.078289,6.0,1
1751,1682,237541.08255802124,2849005.5584026244,331.74536,5.7134614,139.24814,-0.0002551947,5.703277,6.0,1
1751,1683,237571.08255802124,2849005.5584026244,329.8042,4.5077844,109.94138,0.0007207235,5.941552,6.0,1
1751,1684,237601.08255802124,2849005.5584026244,330.09515,3.238007,31.575619,0.0004912313,6.273401,6.0,1
1751,1685,237631.08255802124,2849005.5584026244,332.9713,6.160505,335.65945,-0.0010661654,5.6274014,6.0,1
1751,1686,237661.08255802124,2849005.5584026244,336.84616,7.6486964,312.13516,-0.003156221,5.408924,6.0,1
1751,1687,237691.08255802124,2849005.5584026244,339.3514,7.1700144,287.37244,-0.004728741,5.4742775,6.0,1
1751,1688,237721.08255802124,2849005.5584026244,339.7513,7.3289137,255.0745,-0.005233341,5.452122,6.0,1
1751,1689,237751.08255802124,2849005.5584026244,337.68677,8.424352,233.09914,-0.0049967617,5.311055,6.0,1
1751,1690,237781.08255802124,2849005.5584026244,334.43362,8.367463,219.77643,-0.004557936,5.317929,6.0,1
1752,1682,237541.08255802124,2848975.5584026244,329.90717,6.1301856,156.29945,0.0002754127,5.6323733,6.0,1
1752,1683,237571.08255802124,2848975.5584026244,327.49994,2.151779,100.58313,0.0016649798,6.682659,6.0,1
1752,1684,237601.08255802124,2848975.5584026244,329.38544,5.507949,8.506788,0.0010084957,5.740145,6.0,1
1752,1685,237631.08255802124,2848975.5584026244,334.40048,7.744156,1.5195364,-0.0012153878,5.3963704,6.0,1
1752,1686,237661.08255802124,2848975.5584026244,339.04504,5.4789824,10.06208,-0.003551085,5.7454505,6.0,1
1752,1687,237691.08255802124,2848975.5584026244,340.83435,2.8769283,52.616913,-0.005064587,6.3918605,6.0,1
1752,1688,237721.08255802124,2848975.5584026244,341.1013,3.635263,123.39662,-0.00571835,6.1573997,6.0,1
1752,1689,237751.08255802124,2848975.5584026244,338.57578,6.687858,148.91641,-0.005719935,5.5445747,6.0,1
1752,1690,237781.08255802124,2848975.5584026244,334.99478,9.549161,150.93979,-0.0050647315,5.1836514,6.0,1
1753,1682,237541.08255802124,2848945.5584026244,328.54343,6.0719256,146.63968,5.0489616e-05,5.641995,6.0,1
1753,1683,237571.08255802124,2848945.5584026244,327.2302,2.0188403,59.17235,0.0012340632,6.746487,6.0,1
1753,1684,237601.08255802124,2848945.5584026244,329.5809,5.9971046,11.120554,0.00041691243,5.654486,6.0,1
1753,1685,237631.08255802124,2848945.5584026244,333.15036,6.903578,23.351128,-0.0014358436,5.512529,6.0,1
1753,1686,237661.08255802124,2848945.5584026244,336.13684,6.575135,64.06772,-0.0028570555,5.561726,6.0,1
1753,1687,237691.08255802124,2848945.5584026244,336.56897,9.002822,91.21701,-0.0035133108,5.2436085,6.0,1
1753,1688,237721.08255802124,2848945.5584026244,336.44193,11.264902,104.20971,-0.0037945472,5.01473,6.0,1
1753,1689,237751.08255802124,2848945.5584026244,334.35788,13.748512,118.35846,-0.0035468207,4.8090386,6.0,1
1753,1690,237781.08255802124,2848945.5584026244,329.87143,15.939356,126.0432,-0.0023615519,4.6543593,6.0,1
1754,1682,237541.08255802124,2848915.5584026244,326.061,6.903497,111.59827,0.0002259402,5.512541,6.0,1
1754,1683,237571.08255802124,2848915.5584026244,326.0618,4.6928477,54.24178,0.00051799335,5.901145,6.0,1
1754,1684,237601.08255802124,2848915.5584026244,328.84317,6.581574,21.642033,-0.0006398264,5.5607386,6.0,1
1754,1685,237631.08255802124,2848915.5584026244,332.06027,5.084749,30.484884,-0.0020568848,5.8205485,6.0,1
1754,1686,237661.08255802124,2848915.5584026244,332.75,4.8047824,96.27902,-0.0024140168,5.877465,6.0,1
1754,1687,237691.08255802124,2848915.5584026244,330.88663,8.486177,111.23121,-0.0019138082,5.3036356,6.0,1
1754,1688,237721.08255802124,2848915.5584026244,329.27597,11.979063,114.28015,-0.0012130144,4.951543,6.0,1
1754,1689,237751.08255802124,2848915.5584026244,325.8329,15.121481,120.865166,-6.764737e-05,4.7097054,6.0,1
1754,1690,237781.08255802124,2848915.5584026244,320.63177,15.406843,124.54775,0.0017001089,4.690095,6.0,1
1755,1683,237571.08255802124,2848885.5584026244,323.67282,7.537453,55.102215,0.0006222448,5.423748,6.0,1
1755,1684,237601.08255802124,2848885.5584026244,327.0813,8.581459,38.644394,-0.00092954846,5.2923036,6.0,1
1755,1685,237631.08255802124,2848885.5584026244,331.49442,6.449839,54.437626,-0.0022810956,5.5811324,6.0,1
1755,1686,237661.08255802124,2848885.5584026244,331.1147,5.6517963,111.73104,-0.0023261853,5.7142,6.0,1
1755,1687,237691.08255802124,2848885.5584026244,328.2167,7.6854725,132.05003,-0.0012166509,5.4040694,6.0,1
1755,1688,237721.08255802124,2848885.5584026244,324.79004,10.11658,136.13905,0.000498191,5.12478,6.0,1
1755,1689,237751.08255802124,2848885.5584026244,319.59625,10.721953,137.59834,0.0025631036,5.0653615,6.0,1
1756,1685,237631.08255802124,2848855.5584026244,326.56927,10.651256,71.10848,-0.0006387838,5.072133,6.0,1
1756,1686,237661.08255802124,2848855.5584026244,327.15494,9.572767,97.19842,-0.00086842,5.181136,6.0,1
1756,1687,237691.08255802124,2848855.5584026244,325.50443,9.618097,122.18663,3.5383506e-05,5.1763225,6.0,1
2029,6828,391921.08255802124,2840665.5584026244,998.9671,17.550688,185.8343,-0.00074313674,4.552351,6.0,1
2029,6829,391951.08255802124,2840665.5584026244,986.0248,20.557747,180.40178,0.0022728816,4.3819366,6.0,1
2029,6830,391981.08255802124,2840665.5584026244,974.2436,16.741724,175.99712,0.0057095164,4.6024795,6.0,1
2030,6826,391861.08255802124,2840635.5584026244,1013.393,10.716776,179.01991,-0.0038260396,5.065856,6.0,1
2030,6827,391891.08255802124,2840635.5584026244,1007.00244,13.645361,172.9802,-0.003382619,4.8168645,6.0,1
2030,6828,391921.08255802124,2840635.5584026244,998.6563,18.002163,173.8527,-0.0019820319,4.525246,6.0,1
2030,6829,391951.08255802124,2840635.5584026244,987.3334,19.626966,180.75565,0.0005429245,4.4322977,6.0,1
2030,6830,391981.08255802124,2840635.5584026244,976.88947,17.069035,188.01176,0.0031933594,4.5819464,6.0,1
2030,6831,392011.08255802124,2840635.5584026244,968.8496,9.929012,181.7628,0.0044792173,5.1438823,6.0,1
2030,6832,392041.08255802124,2840635.5584026244,966.1544,7.128075,84.442696,0.003324483,5.480205,6.0,1
2031,6825,391831.08255802124,2840605.5584026244,1017.43713,11.38008,153.58044,-0.004369066,5.0042877,6.0,1
2031,6826,391861.08255802124,2840605.5584026244,1011.202,13.6477165,151.14413,-0.0038200042,4.816685,6.0,1
2031,6827,391891.08255802124,2840605.5584026244,1004.5481,15.659474,153.64806,-0.0029586623,4.6730056,6.0,1
2031,6828,391921.08255802124,2840605.5584026244,995.37006,16.883863,161.80121,-0.0018640307,4.5935197,6.0,1
2031,6829,391951.08255802124,2840605.5584026244,986.48584,16.68072,172.34282,-0.0007594979,4.6063457,6.0,1
2031,6830,391981.08255802124,2840605.5584026244,978.04724,16.4854,178.03976,0.00049997965,4.6188083,6.0,1
2031,6831,392011.08255802124,2840605.5584026244,969.3541,14.632891,169.76443,0.002131314,4.744074,6.0,1
2031,6832,392041.08255802124,2840605.5584026244,962.4263,11.424987,132.8693,0.003409475,5.000243,6.0,1
2031,6833,392071.08255802124,2840605.5584026244,959.63666,14.456052,90.06274,0.0032938132,4.756771,6.0,1
2032,6825,391831.08255802124,2840575.5584026244,1012.75665,16.643385,133.15848,-0.0029838728,4.6087174,6.0,1
2032,6826,391861.08255802124,2840575.5584026244,1006.2072,16.101616,134.71852,-0.0023586021,4.6436834,6.0,1
2032,6827,391891.08255802124,2840575.5584026244,998.8311,14.60098,144.82666,-0.001999461,4.7463546,6.0,1
2032,6828,391921.08255802124,2840575.5584026244,992.3212,13.644607,160.33339,-0.001974216,4.8169217,6.0,1
2032,6829,391951.08255802124,2840575.5584026244,985.4247,14.562914,171.81508,-0.0020648872,4.749081,6.0,1
2032,6830,391981.08255802124,2840575.5584026244,977.45953,17.334812,172.514,-0.0012868249,4.5655265,6.0,1
2032,6831,392011.08255802124,2840575.5584026244,967.1887,18.156324,165.99634,0.0010006884,4.5161257,6.0,1
2032,6832,392041.08255802124,2840575.5584026244,957.7713,14.513513,150.62341,0.0037773645,4.7526298,6.0,1
2032,6833,392071.08255802124,2840575.5584026244,952.6782,10.506046,111.37202,0.005164286,5.0861773,6.0,1
2033,6825,391831.08255802124,2840545.5584026244,1003.1977,20.000685,125.581024,-0.00040932547,4.4118433,6.0,1
2033,6826,391861.08255802124,2840545.5584026244,998.3862,16.733837,119.5646,-0.00034076278,4.6029787,6.0,1
2033,6827,391891.08255802124,2840545.5584026244,995.19086,12.284485,125.869095,-0.0015008035,4.9255977,6.0,1
2033,6828,391921.08255802124,2840545.5584026244,990.88574,10.750192,149.91646,-0.0030270724,5.062669,6.0,1
2033,6829,391951.08255802124,2840545.5584026244,985.2045,14.416878,164.9621,-0.0036337788,4.7596025,6.0,1
2033,6830,391981.08255802124,2840545.5584026244,976.2176,19.257084,166.11754,-0.0022970582,4.452866,6.0,1
2033,6831,392011.08255802124,2840545.5584026244,964.535,19.41682,164.2251,0.000653839,4.443943,6.0,1
2033,6832,392041.08255802124,2840545.5584026244,954.8488,14.534513,160.2447,0.003693712,4.75112,6.0,1
2033,6833,392071.08255802124,2840545.5584026244,949.13367,8.050733,137.07402,0.005391795,5.3570495,6.0,1
2034,6824,391801.08255802124,2840515.5584026244,1001.71826,21.96993,133.08475,0.00054991,4.3089848,6.0,1
2034,6825,391831.08255802124,2840515.5584026244,994.2332,19.56482,125.63442,0.0018059792,4.4357305,6.0,1
2034,6826,391861.08255802124,2840515.5584026244,989.2183,15.878163,109.95641,0.0013036431,4.658411,6.0,1
2034,6827,391891.08255802124,2840515.5584026244,988.56934,12.953093,102.750755,-0.0010610623,4.870847,6.0,1
2034,6828,391921.08255802124,2840515.5584026244,987.4841,12.519436,123.14484,-0.0035125222,4.9060473,6.0,1
2034,6829,391951.08255802124,2840515.5584026244,982.52014,17.155027,145.12596,-0.003971541,4.576609,6.0,1
2034,6830,391981.08255802124,2840515.5584026244,972.098,20.85271,153.93242,-0.0020320297,4.3663697,6.0,1
2034,6831,392011.08255802124,2840515.5584026244,960.6993,18.211887,157.86679,0.00079040555,4.512855,6.0,1
2034,6832,392041.08255802124,2840515.5584026244,953.1134,12.930565,161.77866,0.0030723063,4.8726482,6.0,1
2034,6833,392071.08255802124,2840515.5584026244,947.452,7.6023417,155.5965,0.004486864,5.4150753,6.0,1
2035,6825,391831.08255802124,2840485.5584026244,985.71027,17.207094,125.89033,0.0026146274,4.573389,6.0,1
2035,6826,391861.08255802124,2840485.5584026244,981.76904,13.289481,108.35855,0.0017760893,4.8442903,6.0,1
2035,6827,391891.08255802124,2840485.5584026244,981.745,13.390542,99.86535,-0.00041342824,4.8364334,6.0,1
2035,6828,391921.08255802124,2840485.5584026244,980.5545,16.758732,115.584145,-0.0021132745,4.6014037,6.0,1
2035,6829,391951.08255802124,2840485.5584026244,974.69183,20.994854,131.15395,-0.0017474872,4.358933,6.0,1
2035,6830,391981.08255802124,2840485.5584026244,965.21375,20.796701,139.78561,0.000108472996,4.369312,6.0,1
2035,6831,392011.08255802124,2840485.5584026244,956.8825,15.626955,144.9376,0.0017345173,4.6751914,6.0,1
2035,6832,392041.08255802124,2840485.5584026244,951.40735,11.13352,151.92885,0.0026775785,5.026766,6.0,1
2035,6833,392071.08255802124,2840485.5584026244,946.4393,7.2537937,153.36757,0.0034678478,5.462537,6.0,1
2036,6825,391831.08255802124,2840455.5584026244,979.21185,14.80565,119.78315,0.0025071038,4.731804,6.0,1
2036,6826,391861.08255802124,2840455.5584026244,976.6367,11.44327,107.66138,0.0013146463,4.998601,6.0,1
2036,6827,391891.08255802124,2840455.5584026244,974.95197,12.03737,109.72677,1.15286675e-05,4.9465423,6.0,1
2036,6828,391921.08255802124,2840455.5584026244,971.01105,15.767008,125.659904,-2.939871e-05,4.665807,6.0,1
2036,6829,391951.08255802124,2840455.5584026244,963.89795,18.690556,135.70921,0.0014164903,4.485027,6.0,1
2036,6830,391981.08255802124,2840455.5584026244,956.4673,16.364164,137.82297,0.0028523426,4.62661,6.0,1
2036,6831,392011.08255802124,2840455.5584026244,951.73096,11.688299,138.85843,0.0031501432,4.976828,6.0,1
2036,6832,392041.08255802124,2840455.5584026244,948.1162,9.366744,145.52654,0.00300176,5.2032943,6.0,1
2036,6833,392071.08255802124,2840455.5584026244,944.1889,6.4002194,143.16298,0.0031636895,5.5889206,6.0,1
2037,6826,391861.08255802124,2840425.5584026244,971.48975,11.52429,98.36294,0.0012627328,4.9913535,6.0,1
2037,6827,391891.08255802124,2840425.5584026244,969.73425,9.043673,111.39096,9.407883e-05,5.2390056,6.0,1
2037,6828,391921.08255802124,2840425.5584026244,966.6815,10.118927,148.5202,0.0006254576,5.1245437,6.0,1
2037,6829,391951.08255802124,2840425.5584026244,959.3909,12.536892,167.331,0.0024309456,4.9046087,6.0,1
2037,6830,391981.08255802124,2840425.5584026244,952.99255,9.836726,174.19281,0.0036695525,5.153408,6.0,1
2037,6831,392011.08255802124,2840425.5584026244,949.3087,7.339336,177.18207,0.0036051432,5.4506855,6.0,1
2037,6832,392041.08255802124,2840425.5584026244,946.11,7.412424,173.31259,0.003320804,5.4406657,6.0,1
2038,6827,391891.08255802124,2840395.5584026244,965.8383,8.184889,85.007935,0.00035630987,5.3402996,6.0,1
2038,6828,391921.08255802124,2840395.5584026244,965.8081,4.524606,147.6337,-0.0002011956,5.937812,6.0,1
2038,6829,391951.08255802124,2840395.5584026244,961.05054,9.543871,200.02039,0.00067660876,5.184216,6.0,1
2038,6830,391981.08255802124,2840395.5584026244,955.6603,10.541329,213.43405,0.001791331,5.082748,6.0,1
2038,6831,392011.08255802124,2840395.5584026244,951.9819,9.661619,215.09235,0.0022908528,5.1717215,6.0,1
2365,7156,401761.08255802124,2830585.5584026244,1239.4255,10.09666,244.99695,0.00080003496,5.126793,6.0,1
2365,7157,401791.08255802124,2830585.5584026244,1238.6226,10.385509,273.66577,0.00075096986,5.097976,6.0,1
2365,7158,401821.08255802124,2830585.5584026244,1240.6182,11.433475,297.02414,-0.0007511053,4.9994807,6.0,1
2365,7159,401851.08255802124,2830585.5584026244,1244.1163,9.522806,291.86642,-0.002389323,5.186467,6.0,1
2365,7160,401881.08255802124,2830585.5584026244,1244.0616,6.7890496,255.10214,-0.0024617172,5.529418,6.0,1
2365,7161,401911.08255802124,2830585.5584026244,1242.0222,4.647367,229.80377,-0.0011699761,5.910927,6.0,1
2366,7155,401731.08255802124,2830555.5584026244,1246.076,7.4099693,225.3879,-3.584125e-05,5.441001,6.0,1
2366,7156,401761.08255802124,2830555.5584026244,1243.7678,7.54414,247.26193,0.00039340556,5.422851,6.0,1
2366,7157,401791.08255802124,2830555.5584026244,1243.2616,7.1626396,275.52615,-1.186796e-05,5.4753175,6.0,1
2366,7158,401821.08255802124,2830555.5584026244,1244.7028,7.2827373,303.40982,-0.00133294,5.458512,6.0,1
2366,7159,401851.08255802124,2830555.5584026244,1247.7451,5.156213,293.3145,-0.0025056289,5.806517,6.0,1
2366,7160,401881.08255802124,2830555.5584026244,1246.869,5.1458673,224.29567,-0.0020044625,5.8085365,6.0,1
2366,7161,401911.08255802124,2830555.5584026244,1243.1777,5.634881,209.50323,-0.00014112687,5.717217,6.0,1
2366,7162,401941.08255802124,2830555.5584026244,1240.6444,3.1786506,256.51294,0.0010584512,6.291941,6.0,1
2367,7155,401731.08255802124,2830525.5584026244,1248.7933,4.4480658,234.9251,0.00040612114,5.954943,6.0,1
2367,7156,401761.08255802124,2830525.5584026244,1247.2402,5.847388,249.37033,0.00018598768,5.6799493,6.0,1
2367,7157,401791.08255802124,2830525.5584026244,1246.4932,5.246718,267.39334,-0.000107184576,5.789021,6.0,1
2367,7158,401821.08255802124,2830525.5584026244,1247.0822,4.047089,301.42108,-0.0007775202,6.0497613,6.0,1
2367,7159,401851.08255802124,2830525.5584026244,1248.9207,1.6985965,294.0557,-0.001321072,6.919329,6.0,1
2367,7160,401881.08255802124,2830525.5584026244,1247.8774,3.9368722,199.55852,-0.0006612819,6.077462,6.0,1
2367,7161,401911.08255802124,2830525.5584026244,1244.68,5.011098,217.07037,0.0008172268,5.835215,6.0,1
2367,7162,401941.08255802124,2830525.5584026244,1243.1547,5.2971125,279.4136,0.0012549844,5.779408,6.0,1
2367,7163,401971.08255802124,2830525.5584026244,1245.7485,7.4851894,299.39685,0.00010565864,5.430786,6.0,1
2368,7154,401701.08255802124,2830495.5584026244,1249.7198,2.4959846,211.97116,0.0017046441,6.534108,6.0,1
2368,7155,401731.08255802124,2830495.5584026244,1250.4958,3.5447364,266.8031,0.0007253011,6.1826835,6.0,1
2368,7156,401761.08255802124,2830495.5584026244,1250.0647,4.798009,250.661,6.754551e-05,5.878882,6.0,1
2368,7157,401791.08255802124,2830495.5584026244,1249.2509,4.2814674,250.23108,0.00012922501,5.9932647,6.0,1
2368,7158,401821.08255802124,2830495.5584026244,1248.4436,2.6030524,272.08438,0.00025831428,6.492051,6.0,1
2368,7159,401851.08255802124,2830495.5584026244,1248.7648,1.5066838,257.38623,0.0003292507,7.039283,6.0,1
2368,7160,401881.08255802124,2830495.5584026244,1247.5879,3.1175885,219.93121,0.0008040365,6.311377,6.0,1
2368,7161,401911.08255802124,2830495.5584026244,1246.2496,4.236475,245.39847,0.0013705783,6.003868,6.0,1
2368,7162,401941.08255802124,2830495.5584026244,1246.467,5.49939,292.2295,0.0009204441,5.7417097,6.0,1
2368,7163,401971.08255802124,2830495.5584026244,1249.0825,6.150606,306.36386,-0.0005210368,5.629022,6.0,1
2369,7154,401701.08255802124,2830465.5584026244,1251.4795,4.809274,262.95508,0.002165968,5.876526,6.0,1
2369,7155,401731.08255802124,2830465.5584026244,1252.7355,4.7332497,275.26926,0.0008682929,5.892534,6.0,1
2369,7156,401761.08255802124,2830465.5584026244,1252.5927,4.694948,251.48697,0.000241428,5.900696,6.0,1
2369,7157,401791.08255802124,2830465.5584026244,1250.8545,4.924661,246.12405,0.00053127727,5.852702,6.0,1
2369,7158,401821.08255802124,2830465.5584026244,1249.9158,4.684236,261.952,0.0009776475,5.90299,6.0,1
2369,7159,401851.08255802124,2830465.5584026244,1249.796,5.2269406,268.71164,0.0011249458,5.7928185,6.0,1
2369,7160,401881.08255802124,2830465.5584026244,1249.4534,6.382851,261.22662,0.0011699422,5.5916605,6.0,1
2369,7161,401911.08255802124,2830465.5584026244,1249.0432,6.7975903,262.51868,0.0011553955,5.5281487,6.0,1
2369,7162,401941.08255802124,2830465.5584026244,1249.0167,5.9477534,284.26074,0.00056125224,5.66281,6.0,1
2369,7163,401971.08255802124,2830465.5584026244,1251.0507,5.172539,302.06207,-0.0006567383,5.8033385,6.0,1
2370,7154,401701.08255802124,2830435.5584026244,1255.3658,7.512127,258.94995,0.0015671793,5.4271526,6.0,1
2370,7155,401731.08255802124,2830435.5584026244,1255.2893,5.5208936,262.86496,0.0008865695,5.737783,6.0,1
2370,7156,401761.08255802124,2830435.5584026244,1254.6196,5.1876283,258.59564,0.0005607775,5.80041,6.0,1
2370,7157,401791.08255802124,2830435.5584026244,1254.0378,6.358224,258.71356,0.0006465318,5.5955586,6.0,1
2370,7158,401821.08255802124,2830435.5584026244,1253.2244,7.542825,270.4054,0.0006981404,5.423027,6.0,1
2370,7159,401851.08255802124,2830435.5584026244,1253.8877,8.860634,276.7303,0.00033386235,5.2597895,6.0,1
2370,7160,401881.08255802124,2830435.5584026244,1254.5112,9.4082575,267.37607,-9.2061426e-05,5.198792,6.0,1
2370,7161,401911.08255802124,2830435.5584026244,1253.8135,8.772433,258.0658,-0.00010070805,5.2699533,6.0,1
2370,7162,401941.08255802124,2830435.5584026244,1252.7805,6.7189884,265.79022,-0.00014916313,5.539888,6.0,1
2370,7163,401971.08255802124,2830435.5584026244,1253.125,5.508464,289.1895,-0.000989346,5.740051,6.0,1
2371,7154,401701.08255802124,2830405.5584026244,1259.8782,9.451619,248.39514,0.00029049342,5.1941094,6.0,1
2371,7155,401731.08255802124,2830405.5584026244,1257.6534,7.6241283,254.79579,0.0004003228,5.4121795,6.0,1
2371,7156,401761.08255802124,2830405.5584026244,1257.3761,6.975892,265.82758,0.00025848392,5.5020056,6.0,1
2371,7157,401791.08255802124,2830405.5584026244,1257.7289,7.290483,267.8642,-5.110007e-05,5.457437,6.0,1
2371,7158,401821.08255802124,2830405.5584026244,1257.6095,8.163754,278.4517,-0.0006170315,5.342921,6.0,1
2371,7159,401851.08255802124,2830405.5584026244,1259.3125,8.954025,281.9974,-0.0015890504,5.2491336,6.0,1
2371,7160,401881.08255802124,2830405.5584026244,1259.8829,8.708016,265.1842,-0.0023239814,5.277439,6.0,1
2371,7161,401911.08255802124,2830405.5584026244,1258.3932,8.438966,247.5282,-0.002134569,5.3092966,6.0,1
2371,7162,401941.08255802124,2830405.5584026244,1256.1224,6.794825,248.57935,-0.0016665311,5.5285597,6.0,1
2371,7163,401971.08255802124,2830405.5584026244,1255.6871,4.691102,277.42505,-0.002225545,5.901519,6.0,1
2372,7155,401731.08255802124,2830375.5584026244,1262.2947,8.163576,251.47191,-0.00094943575,5.3429427,6.0,1
2372,7156,401761.08255802124,2830375.5584026244,1262.1505,7.358254,264.17334,-0.0011031766,5.4480824,6.0,1
2372,7157,401791.08255802124,2830375.5584026244,1261.2587,6.6328044,266.47293,-0.0015589397,5.5529156,6.0,1
2372,7158,401821.08255802124,2830375.5584026244,1261.9347,6.2167296,284.34732,-0.0023932562,5.618245,6.0,1
2372,7159,401851.08255802124,2830375.5584026244,1263.3019,5.4615474,285.55646,-0.0035738798,5.748657,6.0,1
2372,7160,401881.08255802124,2830375.5584026244,1263.9614,4.2296753,243.20587,-0.004258287,6.0054803,6.0,1
2372,7161,401911.08255802124,2830375.5584026244,1262.1287,4.9312916,209.83784,-0.0039418875,5.85135,6.0,1
2372,7162,401941.08255802124,2830375.5584026244,1259.6031,4.1601367,201.71445,-0.0034020317,6.0221167,6.0,1
2373,7156,401761.08255802124,2830345.5584026244,1265.4731,1.9734108,213.10315,-0.002386339,6.769265,6.0,1
2373,7157,401791.08255802124,2830345.5584026244,1264.4355,1.2042776,184.55182,-0.002784661,7.263397,6.0,1
2373,7158,401821.08255802124,2830345.5584026244,1263.9545,1.1734304,54.198353,-0.003590427,7.289353,6.0,1
2373,7159,401851.08255802124,2830345.5584026244,1265.2438,3.0589244,99.541565,-0.0044868635,6.33041,6.0,1
2373,7160,401881.08255802124,2830345.5584026244,1263.7816,7.2771606,126.15506,-0.004623074,5.459286,6.0,1
2373,7161,401911.08255802124,2830345.5584026244,1260.5083,9.302592,123.24947,-0.004080234,5.21029,6.0,1
2374,7158,401821.08255802124,2830315.5584026244,1261.049,9.632386,93.96034,-0.0032421194,5.1748095,6.0,1
2374,7159,401851.08255802124,2830315.5584026244,1260.7805,11.892899,105.18795,-0.0037153456,4.958975,6.0,1
2381,6722,388741.08255802124,2830105.5584026244,1455.5653,2.673089,224.28145,-0.001977946,6.4654636,6.0,1
2381,6723,388771.08255802124,2830105.5584026244,1455.0,1.4279699,267.56296,-0.0014947171,7.0929637,6.0,1
2381,6724,388801.08255802124,2830105.5584026244,1455.5635,1.1991445,320.2347,-0.0014208306,7.2676697,6.0,1
2381,6725,388831.08255802124,2830105.5584026244,1455.8186,0.3684894,10.89049,-0.0012324016,8.447754,6.0,1
2381,6726,388861.08255802124,2830105.5584026244,1455.7197,0.46788523,82.25042,-0.0008148872,8.208935,6.0,1
2381,6727,388891.08255802124,2830105.5584026244,1455.7283,0.25202107,12.440417,-0.0005393134,8.827661,6.0,1
2382,6721,388711.08255802124,2830075.5584026244,1457.2439,2.1275582,153.45459,-0.0029036796,6.6939898,6.0,1
2382,6722,388741.08255802124,2830075.5584026244,1455.4294,2.9633298,154.27385,-0.001991272,6.3622184,6.0,1
2382,6723,388771.08255802124,2830075.5584026244,1454.5765,2.601658,110.22485,-0.0012540012,6.4925876,6.0,1
2382,6724,388801.08255802124,2830075.5584026244,1454.8705,3.23897,84.38204,-0.0008792114,6.2731028,6.0,1
2382,6725,388831.08255802124,2830075.5584026244,1454.7404,2.9321826,81.03033,-0.00054341636,6.3728037,6.0,1
2382,6726,388861.08255802124,2830075.5584026244,1454.668,1.892754,67.59252,-0.00022983126,6.8110275,6.0,1
2382,6727,388891.08255802124,2830075.5584026244,1454.9418,1.2670257,32.148823,-0.00025946723,7.2125893,6.0,1
2382,6728,388921.08255802124,2830075.5584026244,1455.8286,0.78281903,8.863076,-0.00068152533,7.694216,6.0,1
2383,6720,388681.08255802124,2830045.5584026244,1455.8981,5.1000075,72.80218,-0.0030512833,5.8175364,6.0,1
2383,6721,388711.08255802124,2830045.5584026244,1456.3464,4.8110294,107.96237,-0.0027472605,5.876159,6.0,1
2383,6722,388741.08255802124,2830045.5584026244,1454.4513,5.94488,127.08297,-0.0016660902,5.663296,6.0,1
2383,6723,388771.08255802124,2830045.5584026244,1452.3218,6.198642,110.64175,-0.0003429837,5.621182,6.0,1
2383,6724,388801.08255802124,2830045.5584026244,1451.801,5.874106,82.08164,0.0003753323,5.6753583,6.0,1
2383,6725,388831.08255802124,2830045.5584026244,1452.5051,4.3576217,51.925575,0.00030595568,5.9755673,6.0,1
2383,6726,388861.08255802124,2830045.5584026244,1453.9664,2.8094873,5.5891647,-0.00014794242,6.4156203,6.0,1
2383,6727,388891.08255802124,2830045.5584026244,1455.216,1.9228947,322.31396,-0.0006246609,6.795217,6.0,1
2383,6728,388921.08255802124,2830045.5584026244,1455.9062,1.0753816,303.69653,-0.0010957167,7.3766313,6.0,1
2384,6720,388681.08255802124,2830015.5584026244,1452.3743,8.909167,81.630646,-0.0022455852,5.254238,6.0,1
2384,6721,388711.08255802124,2830015.5584026244,1452.3594,9.053926,97.27151,-0.001951599,5.2378535,6.0,1
2384,6722,388741.08255802124,2830015.5584026244,1451.1879,9.016479,112.3321,-0.0007614476,5.242068,6.0,1
2384,6723,388771.08255802124,2830015.5584026244,1448.0068,7.2571764,105.9563,0.00076131185,5.4620657,6.0,1
2384,6724,388801.08255802124,2830015.5584026244,1447.8583,5.539924,59.04768,0.0013054403,5.7343206,6.0,1
2384,6725,388831.08255802124,2830015.5584026244,1450.8779,6.253403,16.646513,0.00041188553,5.6123166,6.0,1
2384,6726,388861.08255802124,2830015.5584026244,1455.0082,5.260013,351.50067,-0.0009832087,5.786476,6.0,1
2384,6727,388891.08255802124,2830015.5584026244,1456.9767,2.2253976,310.88364,-0.0017827691,6.648986,6.0,1
2384,6728,388921.08255802124,2830015.5584026244,1456.3445,1.0053866,248.62198,-0.002004937,7.4439497,6.0,1
2384,6729,388951.08255802124,2830015.5584026244,1456.6653,2.3853755,175.42058,-0.0019157918,6.5794897,6.0,1
2385,6720,388681.08255802124,2829985.5584026244,1446.7354,9.406175,86.24785,-0.0010413275,5.1990175,6.0,1
2385,6721,388711.08255802124,2829985.5584026244,1446.3281,9.779438,95.7775,-0.0005654905,5.1593647,6.0,1
2385,6722,388741.08255802124,2829985.5584026244,1445.7144,8.608331,101.01779,0.0004282971,5.2891297,6.0,1
2385,6723,388771.08255802124,2829985.5584026244,1444.5873,5.574767,84.46519,0.001328125,5.728011,6.0,1
2385,6724,388801.08255802124,2829985.5584026244,1446.6221,6.049157,26.20114,0.0011079578,5.64578,6.0,1
2385,6725,388831.08255802124,2829985.5584026244,1450.6343,7.916077,8.644357,-0.00039479573,5.3741374,6.0,1
2385,6726,388861.08255802124,2829985.5584026244,1455.3534,6.232489,8.696861,-0.002106391,5.6156936,6.0,1
2385,6727,388891.08255802124,2829985.5584026244,1457.5785,1.6729515,36.21693,-0.002929179,6.934551,6.0,1
2385,6728,388921.08255802124,2829985.5584026244,1456.8453,1.9390814,135.36761,-0.0029201931,6.786828,6.0,1
2385,6729,388951.08255802124,2829985.5584026244,1455.7816,4.306261,145.66577,-0.0024560206,5.9874687,6.0,1
2386,6720,388681.08255802124,2829955.5584026244,1442.549,8.290528,93.33477,-1.3868383e-05,5.327297,6.0,1
2386,6721,388711.08255802124,2829955.5584026244,1441.4812,8.835219,95.015045,0.00072882755,5.2627077,6.0,1
2386,6722,388741.08255802124,2829955.5584026244,1441.6132,7.644912,85.17594,0.001339959,5.409425,6.0,1
2386,6723,388771.08255802124,2829955.5584026244,1442.3718,6.5013556,61.67188,0.001386617,5.573109,6.0,1
2386,6724,388801.08255802124,2829955.5584026244,1445.3867,8.33133,31.168047,0.00046902124,5.322318,6.0,1
2386,6725,388831.08255802124,2829955.5584026244,1450.2267,8.981247,24.18621,-0.0012108019,5.246048,6.0,1
2386,6726,388861.08255802124,2829955.5584026244,1453.7665,6.9982786,33.95476,-0.0027386812,5.4987698,6.0,1
2386,6727,388891.08255802124,2829955.5584026244,1456.1482,4.322354,69.17752,-0.0034595407,5.9837246,6.0,1
2386,6728,388921.08255802124,2829955.5584026244,1455.1016,4.4642334,115.57528,-0.003400472,5.9513,6.0,1
2386,6729,388951.08255802124,2829955.5584026244,1454.271,6.562914,135.29231,-0.002661065,5.563603,6.0,1
2387,6720,388681.08255802124,2829925.5584026244,1437.7493,7.1348395,104.438896,0.0005667453,5.4792466,6.0,1
2387,6721,388711.08255802124,2829925.5584026244,1436.4069,7.4716663,94.28076,0.0015458848,5.4326153,6.0,1
2387,6722,388741.08255802124,2829925.5584026244,1437.3807,7.2480664,72.620415,0.0018645902,5.4633355,6.0,1
2387,6723,388771.08255802124,2829925.5584026244,1439.0756,7.5120544,57.32568,0.0014769492,5.427162,6.0,1
2387,6724,388801.08255802124,2829925.5584026244,1441.9042,9.799238,41.163258,0.00037618008,5.1573024,6.0,1
2387,6725,388831.08255802124,2829925.5584026244,1447.3918,10.659929,37.935513,-0.0012974378,5.0713,6.0,1
2387,6726,388861.08255802124,2829925.5584026244,1451.0154,8.463106,50.519123,-0.002738512,5.306398,6.0,1
2387,6727,388891.08255802124,2829925.5584026244,1453.0419,7.10848,78.63012,-0.0033543904,5.4829865,6.0,1
2387,6728,388921.08255802124,2829925.5584026244,1453.3015,7.979444,107.654816,-0.0031254068,5.366061,6.0,1
2388,6721,388711.08255802124,2829895.5584026244,1433.3414,4.678996,95.30254,0.0017381795,5.9041142,6.0,1
2388,6722,388741.08255802124,2829895.5584026244,1434.1885,5.348124,61.90894,0.001953159,5.769768,6.0,1
2388,6723,388771.08255802124,2829895.5584026244,1436.2308,6.446206,53.421043,0.0015733168,5.581701,6.0,1
2388,6724,388801.08255802124,2829895.5584026244,1438.4536,8.918923,44.59557,0.00069658074,5.253126,6.0,1
2388,6725,388831.08255802124,2829895.5584026244,1442.95,11.010052,42.457897,-0.00081153016,5.0382,6.0,1
2388,6726,388861.08255802124,2829895.5584026244,1447.4808,9.630119,60.049244,-0.0021976726,5.17505,6.0,1
2388,6727,388891.08255802124,2829895.5584026244,1448.4337,9.786014,89.46539,-0.0025290935,5.1586795,6.0,1
2388,6728,388921.08255802124,2829895.5584026244,1447.4739,11.74489,106.20597,-0.0017851087,4.9718604,6.0,1
2389,6722,388741.08255802124,2829865.5584026244,1432.3229,3.796735,55.20775,0.0016172281,6.1138177,6.0,1
2389,6723,388771.08255802124,2829865.5584026244,1433.9546,4.868423,50.50857,0.0013782077,5.8642435,6.0,1
2389,6724,388801.08255802124,2829865.5584026244,1435.4286,6.9230814,49.48289,0.0008936903,5.5096803,6.0,1
2389,6725,388831.08255802124,2829865.5584026244,1439.02,9.986829,51.229,-8.114285e-05,5.1379576,6.0,1
2389,6726,388861.08255802124,2829865.5584026244,1442.7133,10.602053,70.161865,-0.0010589939,5.0768714,6.0,1
2389,6727,388891.08255802124,2829865.5584026244,1442.7335,10.854781,95.24481,-0.0010446504,5.0527534,6.0,1
2390,6724,388801.08255802124,2829835.5584026244,1433.4861,4.8937874,60.12564,0.0009751384,5.859022,6.0,1
2401,6634,386101.08255802124,2829505.5584026244,1468.798,8.507748,5.7103024,0.00077714707,5.3010597,6.0,1
2401,6635,386131.08255802124,2829505.5584026244,1472.7742,6.0763907,18.065811,-0.000759413,5.6412544,6.0,1
2401,6636,386161.08255802124,2829505.5584026244,1475.5557,3.3910887,31.650675,-0.0011313544,6.2271047,6.0,1
2401,6637,386191.08255802124,2829505.5584026244,1476.0,1.4202926,21.855757,-0.0005543348,7.0983567,6.0,1
2402,6633,386071.08255802124,2829475.5584026244,1465.3981,8.9781275,310.8046,0.001542562,5.2464013,6.0,1
2402,6634,386101.08255802124,2829475.5584026244,1468.95,6.161629,334.84198,0.0008283488,5.627218,6.0,1
2402,6635,386131.08255802124,2829475.5584026244,1471.7125,4.131494,14.826892,0.00037651905,6.02905,6.0,1
2402,6636,386161.08255802124,2829475.5584026244,1473.7291,4.153379,39.482372,0.0002738105,6.0237484,6.0,1
2402,6637,386191.08255802124,2829475.5584026244,1475.3776,3.7197447,23.32584,0.00030419248,6.134363,6.0,1
2402,6638,386221.08255802124,2829475.5584026244,1477.3375,5.0243855,352.7396,8.439814e-05,5.8325534,6.0,1
2403,6632,386041.08255802124,2829445.5584026244,1469.5032,10.364337,295.90894,-0.0007499864,5.1000624,6.0,1
2403,6633,386071.08255802124,2829445.5584026244,1470.5895,8.333332,287.80466,-0.00058173283,5.322075,6.0,1
2403,6634,386101.08255802124,2829445.5584026244,1471.0785,5.092358,288.1156,0.00018900543,5.8190455,6.0,1
2403,6635,386131.08255802124,2829445.5584026244,1471.433,1.3161745,298.481,0.0012465073,7.174519,6.0,1
2403,6636,386161.08255802124,2829445.5584026244,1471.5212,2.806803,30.204279,0.0018550619,6.416578,6.0,1
2403,6637,386191.08255802124,2829445.5584026244,1474.3285,5.365729,18.113909,0.0015286254,5.766463,6.0,1
2403,6638,386221.08255802124,2829445.5584026244,1477.6936,6.388092,6.375835,0.0006425985,5.590833,6.0,1
2403,6639,386251.08255802124,2829445.5584026244,1481.3984,7.0767007,358.95813,-0.00027676055,5.4875135,6.0,1
2404,6631,386011.08255802124,2829415.5584026244,1469.4132,6.5865273,320.07648,-0.0019288128,5.5599794,6.0,1
2404,6632,386041.08255802124,2829415.5584026244,1473.2688,5.5099897,319.86136,-0.00186025,5.7397723,6.0,1
2404,6633,386071.08255802124,2829415.5584026244,1474.0154,4.094716,294.00385,-0.0015474785,6.0380225,6.0,1
2404,6634,386101.08255802124,2829415.5584026244,1474.3291,4.3573217,269.55328,-0.00044993078,5.9756365,6.0,1
2404,6635,386131.08255802124,2829415.5584026244,1472.664,4.477585,248.65892,0.0012252129,5.948302,6.0,1
2404,6636,386161.08255802124,2829415.5584026244,1471.294,2.5835092,280.68497,0.0025572374,6.4995975,6.0,1
2404,6637,386191.08255802124,2829415.5584026244,1473.377,4.391714,358.23526,0.0026600477,5.967744,6.0,1
2404,6638,386221.08255802124,2829415.5584026244,1476.7655,6.734148,10.838582,0.0017796834,5.5376134,6.0,1
2404,6639,386251.08255802124,2829415.5584026244,1480.7395,7.9475307,7.3457675,0.00066073955,5.3701205,6.0,1
2404,6640,386281.08255802124,2829415.5584026244,1485.1688,8.2444935,356.52383,-0.00040693482,5.3329434,6.0,1
2405,6631,386011.08255802124,2829385.5584026244,1470.6355,3.7781024,329.31946,-0.0016288249,6.1187515,6.0,1
2405,6632,386041.08255802124,2829385.5584026244,1472.672,3.559332,357.91046,-0.0007690091,6.178564,6.0,1
2405,6633,386071.08255802124,2829385.5584026244,1474.4093,3.0515544,348.53635,-0.0005967543,6.332827,6.0,1
2405,6634,386101.08255802124,2829385.5584026244,1475.9653,3.949167,301.06177,-0.00048750127,6.074334,6.0,1
2405,6635,386131.08255802124,2829385.5584026244,1476.1261,6.758239,265.67462,0.00025105797,5.5340095,6.0,1
2405,6636,386161.08255802124,2829385.5584026244,1474.7534,7.565953,257.76224,0.0016408963,5.41993,6.0,1
2405,6637,386191.08255802124,2829385.5584026244,1473.8124,4.81221,285.573,0.0027301365,5.8759127,6.0,1
2405,6638,386221.08255802124,2829385.5584026244,1476.0613,5.5970726,342.72104,0.0026899213,5.723993,6.0,1
2405,6639,386251.08255802124,2829385.5584026244,1479.8503,8.4158745,355.5775,0.0016259428,5.3120766,6.0,1
2405,6640,386281.08255802124,2829385.5584026244,1485.3118,9.927045,352.53897,8.582215e-05,5.1440845,6.0,1
2406,6631,386011.08255802124,2829355.5584026244,1471.5782,2.7662296,310.6876,-0.0011960856,6.431162,6.0,1
2406,6632,386041.08255802124,2829355.5584026244,1472.2926,4.017758,326.25598,0.0004901462,6.0570593,6.0,1
2406,6633,386071.08255802124,2829355.5584026244,1474.347,5.1158366,326.53302,0.000642768,5.814421,6.0,1
2406,6634,386101.08255802124,2829355.5584026244,1477.1848,6.566551,319.35242,-0.00023349343,5.563044,6.0,1
2406,6635,386131.08255802124,2829355.5584026244,1480.8136,7.394759,290.32892,-0.0009392293,5.443079,6.0,1
2406,6636,386161.08255802124,2829355.5584026244,1480.4988,9.209193,258.0246,-0.0002936809,5.220558,6.0,1
2406,6637,386191.08255802124,2829355.5584026244,1477.971,8.608092,258.15857,0.0013542345,5.289158,6.0,1
2406,6638,386221.08255802124,2829355.5584026244,1477.8358,6.25908,295.05695,0.0023901367,5.611402,6.0,1
2406,6639,386251.08255802124,2829355.5584026244,1480.9908,8.048983,337.8253,0.0019115871,5.35727,6.0,1
2406,6640,386281.08255802124,2829355.5584026244,1486.3339,10.313816,350.11365,0.00033108192,5.1050563,6.0,1
2407,6631,386011.08255802124,2829325.5584026244,1472.7141,5.1064534,328.06616,-0.0017404852,5.8162665,6.0,1
2407,6632,386041.08255802124,2829325.5584026244,1474.8093,8.072602,306.16113,-0.0003371514,5.3543005,6.0,1
2407,6633,386071.08255802124,2829325.5584026244,1477.4199,8.310963,299.62933,8.202455e-05,5.324801,6.0,1
2407,6634,386101.08255802124,2829325.5584026244,1479.6555,7.8337483,311.5936,-0.00051120337,5.3847246,6.0,1
2407,6635,386131.08255802124,2829325.5584026244,1483.7314,7.0130935,310.02573,-0.001640659,5.496634,6.0,1
2407,6636,386161.08255802124,2829325.5584026244,1485.0607,6.7060847,266.27643,-0.0018591986,5.541828,6.0,1
2407,6637,386191.08255802124,2829325.5584026244,1483.6567,8.0408325,247.29842,-0.00046583384,5.3582964,6.0,1
2407,6638,386221.08255802124,2829325.5584026244,1481.6234,5.7472396,264.88437,0.0012739054,5.697343,6.0,1
2407,6639,386251.08255802124,2829325.5584026244,1482.7272,5.6315894,331.73343,0.0017449951,5.717805,6.0,1
2407,6640,386281.08255802124,2829325.5584026244,1486.8057,9.110471,357.9613,0.00069142657,5.231522,6.0,1
2408,6632,386041.08255802124,2829295.5584026244,1480.1417,10.276669,313.06592,-0.0033084785,5.1087437,6.0,1
2408,6633,386071.08255802124,2829295.5584026244,1482.8074,8.406635,290.13293,-0.0023389012,5.313191,6.0,1
2408,6634,386101.08255802124,2829295.5584026244,1482.8899,6.9273567,298.02887,-0.0016064793,5.5090566,6.0,1
2408,6635,386131.08255802124,2829295.5584026244,1485.6378,6.203268,314.0361,-0.0019840833,5.62043,6.0,1
2408,6636,386161.08255802124,2829295.5584026244,1487.7534,3.9995742,278.30917,-0.002419671,6.06161,6.0,1
2408,6637,386191.08255802124,2829295.5584026244,1486.7972,5.2088375,229.88799,-0.0014322237,5.7963076,6.0,1
2408,6638,386221.08255802124,2829295.5584026244,1484.2062,4.2322345,227.45459,0.00055619975,6.0048733,6.0,1
2408,6639,386251.08255802124,2829295.5584026244,1483.4827,2.5111399,333.66168,0.001798672,6.528047,6.0,1
2408,6640,386281.08255802124,2829295.5584026244,1486.1874,7.642353,5.9441624,0.0013635594,5.4097633,6.0,1
2409,6632,386041.08255802124,2829265.5584026244,1484.1337,9.349622,355.08438,-0.0058039348,5.205157,6.0,1
2409,6633,386071.08255802124,2829265.5584026244,1486.2365,3.7997446,316.721,-0.004635349,6.1130233,6.0,1
2409,6634,386101.08255802124,2829265.5584026244,1485.9994,3.851889,304.4526,-0.0028782147,6.099353,6.0,1
2409,6635,386131.08255802124,2829265.5584026244,1487.9666,3.8087516,321.05396,-0.0022395495,6.110648,6.0,1
2409,6636,386161.08255802124,2829265.5584026244,1489.0,1.3835555,285.30615,-0.0022106934,7.124573,6.0,1
2409,6637,386191.08255802124,2829265.5584026244,1488.1475,3.3155212,206.66202,-0.0013806832,6.2496924,6.0,1
2409,6638,386221.08255802124,2829265.5584026244,1485.4354,4.135986,208.78404,0.0003981188,6.02796,6.0,1
2409,6639,386251.08255802124,2829265.5584026244,1483.6971,1.8368993,292.66168,0.0017931451,6.8410025,6.0,1
2410,6634,386101.08255802124,2829235.5584026244,1486.8711,3.8643184,33.377277,-0.0033866034,6.0961213,6.0,1
2410,6635,386131.08255802124,2829235.5584026244,1488.3292,2.3497121,33.924076,-0.0021972996,6.5945706,6.0,1
2410,6636,386161.08255802124,2829235.5584026244,1488.4327,1.2683415,69.67334,-0.0015973579,7.2115507,6.0,1
2410,6637,386191.08255802124,2829235.5584026244,1488.3381,1.3522362,197.5534,-0.0010250516,7.147479,6.0,1
2410,6638,386221.08255802124,2829235.5584026244,1486.684,3.6878405,228.92143,-3.9537204e-05,6.143001,6.0,1
2418,6695,387931.08255802124,2828995.5584026244,1492.8285,5.232029,322.4489,0.0009399414,5.79184,6.0,1
2418,6696,387961.08255802124,2828995.5584026244,1497.0302,6.99334,338.4295,-0.00015747076,5.4994826,6.0,1
2418,6697,387991.08255802124,2828995.5584026244,1499.8617,3.7883728,320.60748,-0.001225925,6.1160293,6.0,1
2418,6698,388021.08255802124,2828995.5584026244,1499.6813,2.4619281,278.70178,-0.001355116,6.547864,6.0,1
2418,6699,388051.08255802124,2828995.5584026244,1500.0603,3.0409482,253.75931,-0.001049296,6.3363156,6.0,1
2419,6694,387901.08255802124,2828965.5584026244,1494.5756,3.6965604,263.95123,0.00035776774,6.1406326,6.0,1
2419,6695,387931.08255802124,2828965.5584026244,1494.0586,3.4042776,319.05432,0.00094838464,6.223214,6.0,1
2419,6696,387961.08255802124,2828965.5584026244,1497.3854,5.8758764,354.23032,0.00030880392,5.6750546,6.0,1
2419,6697,387991.08255802124,2828965.5584026244,1500.5663,3.3202884,352.0509,-0.0007003445,6.2482524,6.0,1
2419,6698,388021.08255802124,2828965.5584026244,1500.6542,1.9661036,306.32166,-0.0010724894,6.7729783,6.0,1
2419,6699,388051.08255802124,2828965.5584026244,1501.4264,2.4483004,262.70447,-0.0010468886,6.5534215,6.0,1
2419,6700,388081.08255802124,2828965.5584026244,1500.2938,3.4768891,220.42462,-0.0008263482,6.202058,6.0,1
2420,6693,387871.08255802124,2828935.5584026244,1496.5178,4.1343365,309.94867,-0.0004844835,6.02836,6.0,1
2420,6694,387901.08255802124,2828935.5584026244,1496.5181,4.0745993,264.5278,6.269675e-05,6.042964,6.0,1
2420,6695,387931.08255802124,2828935.5584026244,1495.4366,3.5363815,279.09247,0.0011195204,6.1850495,6.0,1
2420,6696,387961.08255802124,2828935.5584026244,1496.9172,4.1485524,342.83594,0.0012924534,6.024915,6.0,1
2420,6697,387991.08255802124,2828935.5584026244,1499.9624,4.012633,357.34235,0.0004938083,6.05834,6.0,1
2420,6698,388021.08255802124,2828935.5584026244,1501.5183,3.2009785,332.74142,-0.0004588148,6.284927,6.0,1
2420,6699,388051.08255802124,2828935.5584026244,1502.9236,2.8488321,274.5334,-0.0010364448,6.4016905,6.0,1
2420,6700,388081.08255802124,2828935.5584026244,1501.6161,4.3826003,221.97377,-0.0009055582,5.969829,6.0,1
2420,6701,388111.08255802124,2828935.5584026244,1499.2821,4.4029136,211.37048,-0.00015157062,5.9651866,6.0,1
2421,6693,387871.08255802124,2828905.5584026244,1497.5148,4.906371,329.5117,-0.00025143096,5.856441,6.0,1
2421,6694,387901.08255802124,2828905.5584026244,1499.3627,5.2176123,286.1013,-0.00035478384,5.794615,6.0,1
2421,6695,387931.08255802124,2828905.5584026244,1498.6313,6.4657645,266.5339,0.0005808174,5.5786457,6.0,1
2421,6696,387961.08255802124,2828905.5584026244,1498.0984,5.2956657,284.3524,0.0015115018,5.7796826,6.0,1
2421,6697,387991.08255802124,2828905.5584026244,1499.7047,5.0248747,318.89575,0.0012769572,5.8324556,6.0,1
2421,6698,388021.08255802124,2828905.5584026244,1502.445,5.3330026,322.87643,1.07488595e-05,5.7726164,6.0,1
2421,6699,388051.08255802124,2828905.5584026244,1504.8539,3.4227903,276.08936,-0.0010403104,6.2177777,6.0,1
2421,6700,388081.08255802124,2828905.5584026244,1503.5537,4.760273,219.43788,-0.00097615557,5.8868146,6.0,1
2421,6701,388111.08255802124,2828905.5584026244,1501.1213,4.979013,218.77501,-0.00010996498,5.841671,6.0,1
2422,6693,387871.08255802124,2828875.5584026244,1498.3353,6.746889,340.59875,0.00021185994,5.5357056,6.0,1
2422,6694,387901.08255802124,2828875.5584026244,1502.2251,6.6880956,312.44156,-0.0008530342,5.544539,6.0,1
2422,6695,387931.08255802124,2828875.5584026244,1503.2615,7.7595477,275.7958,-0.00070712616,5.39436,6.0,1
2422,6696,387961.08255802124,2828875.5584026244,1502.7101,8.519029,267.36133,0.00033779573,5.2997146,6.0,1
2422,6697,387991.08255802124,2828875.5584026244,1502.1034,8.003848,289.53503,0.00063479954,5.3629675,6.0,1
2422,6698,388021.08255802124,2828875.5584026244,1505.3168,7.350065,302.232,-0.0003596328,5.4492087,6.0,1
2422,6699,388051.08255802124,2828875.5584026244,1506.707,4.2455697,251.44092,-0.0010858154,6.0017157,6.0,1
2422,6700,388081.08255802124,2828875.5584026244,1504.5242,4.883892,202.06723,-0.0006049601,5.861056,6.0,1
2422,6701,388111.08255802124,2828875.5584026244,1502.3783,3.4702008,211.78253,0.00018703881,6.203988,6.0,1
2422,6702,388141.08255802124,2828875.5584026244,1501.4366,4.1749096,238.40305,0.0006141492,6.0185595,6.0,1
2423,6693,387871.08255802124,2828845.5584026244,1499.4427,8.35994,341.5303,0.00054874003,5.3188415,6.0,1
2423,6694,387901.08255802124,2828845.5584026244,1504.3657,7.942287,330.2863,-0.001117045,5.370789,6.0,1
2423,6695,387931.08255802124,2828845.5584026244,1507.4658,6.306862,296.96268,-0.0017522175,5.603736,6.0,1
2423,6696,387961.08255802124,2828845.5584026244,1507.9625,7.082366,268.3872,-0.0011750625,5.486705,6.0,1
2423,6697,387991.08255802124,2828845.5584026244,1507.0536,7.8122888,284.76898,-0.00085771346,5.387502,6.0,1
2423,6698,388021.08255802124,2828845.5584026244,1509.6868,7.0707397,289.6037,-0.0014348347,5.4883647,6.0,1
2423,6699,388051.08255802124,2828845.5584026244,1509.2085,6.135977,225.15642,-0.0012949626,5.6314216,6.0,1
2423,6700,388081.08255802124,2828845.5584026244,1504.4926,6.4179306,197.81313,3.9367682e-05,5.586134,6.0,1
2423,6701,388111.08255802124,2828845.5584026244,1502.5935,2.418396,212.0821,0.0008653429,6.565726,6.0,1
2423,6702,388141.08255802124,2828845.5584026244,1502.816,2.1646986,255.18942,0.0005709839,6.676667,6.0,1
2424,6693,387871.08255802124,2828815.5584026244,1501.2402,9.064632,335.91745,0.0003542073,5.236652,6.0,1
2424,6694,387901.08255802124,2828815.5584026244,1506.0273,8.044471,336.23547,-0.001182963,5.357838,6.0,1
2424,6695,387931.08255802124,2828815.5584026244,1509.3486,4.835178,321.88226,-0.0019289483,5.8711286,6.0,1
2424,6696,387961.08255802124,2828815.5584026244,1510.3756,3.544472,282.96472,-0.0017443849,6.1827583,6.0,1
2424,6697,387991.08255802124,2828815.5584026244,1510.492,4.5998487,297.45132,-0.001752082,5.9212494,6.0,1
2424,6698,388021.08255802124,2828815.5584026244,1512.7146,4.1666436,287.41077,-0.002238905,6.0205483,6.0,1
2424,6699,388051.08255802124,2828815.5584026244,1511.5664,6.879776,211.80534,-0.0016386246,5.516016,6.0,1
2424,6700,388081.08255802124,2828815.5584026244,1505.7014,7.9354467,205.45087,0.00018059624,5.371662,6.0,1
2424,6701,388111.08255802124,2828815.5584026244,1503.423,3.6316109,232.96326,0.0011408827,6.1584077,6.0,1
2425,6693,387871.08255802124,2828785.5584026244,1503.5946,8.741581,333.20703,-0.00033579514,5.273532,6.0,1
2425,6694,387901.08255802124,2828785.5584026244,1507.658,7.297663,334.44394,-0.0013339911,5.456442,6.0,1
2425,6695,387931.08255802124,2828785.5584026244,1510.3984,4.2141085,326.2812,-0.0016853164,6.009181,6.0,1
2425,6696,387961.08255802124,2828785.5584026244,1511.3369,2.673483,303.11902,-0.0015648059,6.4653163,6.0,1
2425,6697,387991.08255802124,2828785.5584026244,1511.8593,3.2417288,313.13837,-0.001807658,6.2722497,6.0,1
2425,6698,388021.08255802124,2828785.5584026244,1513.8362,2.0111673,287.34003,-0.0023464626,6.750298,6.0,1
2425,6699,388051.08255802124,2828785.5584026244,1512.787,5.604153,205.30304,-0.0019069418,5.72272,6.0,1
2425,6700,388081.08255802124,2828785.5584026244,1508.4476,7.6733246,211.55788,-0.0004383342,5.4056706,6.0,1
2425,6701,388111.08255802124,2828785.5584026244,1505.4813,5.3356643,237.3208,0.00041653102,5.7721143,6.0,1
2426,6694,387901.08255802124,2828755.5584026244,1509.339,6.114448,342.49918,-0.0014776951,5.6349635,6.0,1
2426,6695,387931.08255802124,2828755.5584026244,1511.618,3.4857202,334.03662,-0.0015541246,6.199515,6.0,1
2426,6696,387961.08255802124,2828755.5584026244,1512.3418,2.7982485,317.9643,-0.0015131633,6.4196353,6.0,1
2426,6697,387991.08255802124,2828755.5584026244,1513.6763,2.584655,312.6941,-0.0018233913,6.4991536,6.0,1
2426,6698,388021.08255802124,2828755.5584026244,1514.299,0.9079679,226.62291,-0.0021462336,7.545887,6.0,1
2426,6699,388051.08255802124,2828755.5584026244,1513.2582,3.7073457,185.2569,-0.0018770683,6.137711,6.0,1
2426,6700,388081.08255802124,2828755.5584026244,1510.7988,5.021648,204.44583,-0.0011980862,5.8331013,6.0,1
2427,6695,387931.08255802124,2828725.5584026244,1511.6715,3.2747412,357.56165,-0.0014918689,6.262096,6.0,1
2427,6696,387961.08255802124,2828725.5584026244,1513.1539,2.7016387,349.2196,-0.0017041016,6.4548244,6.0,1
2427,6697,387991.08255802124,2828725.5584026244,1514.8069,0.64029294,5.421542,-0.0019643486,7.895212,6.0,1
2427,6698,388021.08255802124,2828725.5584026244,1514.0867,2.8480015,144.82364,-0.0018064373,6.401983,6.0,1
2427,6699,388051.08255802124,2828725.5584026244,1512.103,3.6655903,142.39934,-0.0014450751,6.1490693,6.0,1
2439,6767,390091.08255802124,2828365.5584026244,1530.9504,5.241161,193.72057,0.002046034,5.7900867,6.0,1
2439,6768,390121.08255802124,2828365.5584026244,1528.9177,5.2172456,256.38873,0.0024006823,5.7946854,6.0,1
2439,6769,390151.08255802124,2828365.5584026244,1529.9865,9.148451,282.98755,0.001685079,5.2272906,6.0,1
2439,6770,390181.08255802124,2828365.5584026244,1531.7618,11.143061,279.98203,0.0008897908,5.025887,6.0,1
2440,6766,390061.08255802124,2828335.5584026244,1534.7358,4.163336,208.12094,0.0013278876,6.0213456,6.0,1
2440,6767,390091.08255802124,2828335.5584026244,1532.7036,5.054095,249.00711,0.0019352552,5.8266273,6.0,1
2440,6768,390121.08255802124,2828335.5584026244,1533.0996,7.71514,285.44623,0.0014370049,5.4001703,6.0,1
2440,6769,390151.08255802124,2828335.5584026244,1535.6681,10.006199,295.38037,-1.44788355e-05,5.13598,6.0,1
2440,6770,390181.08255802124,2828335.5584026244,1538.2006,10.402045,285.5525,-0.001204054,5.0963497,6.0,1
2440,6771,390211.08255802124,2828335.5584026244,1538.3772,10.526071,274.069,-0.0014868503,5.0842295,6.0,1
2440,6772,390241.08255802124,2828335.5584026244,1538.6041,10.097911,278.75012,-0.0016305204,5.1266665,6.0,1
2441,6765,390031.08255802124,2828305.5584026244,1537.22,2.0757804,240.10054,0.0007653809,6.7186494,6.0,1
2441,6766,390061.08255802124,2828305.5584026244,1536.1143,3.857399,247.0509,0.0010637748,6.097919,6.0,1
2441,6767,390091.08255802124,2828305.5584026244,1535.8281,5.44634,276.7796,0.0010650296,5.7514625,6.0,1
2441,6768,390121.08255802124,2828305.5584026244,1537.3805,6.7872806,296.45828,0.00033003063,5.5296807,6.0,1
2441,6769,390151.08255802124,2828305.5584026244,1539.5227,7.023652,308.72504,-0.0009645249,5.4951143,6.0,1
2441,6770,390181.08255802124,2828305.5584026244,1542.4847,6.39406,303.7544,-0.0021828546,5.5898914,6.0,1
2441,6771,390211.08255802124,2828305.5584026244,1543.6827,6.0097723,280.39993,-0.0027867295,5.652361,6.0,1
2441,6772,390241.08255802124,2828305.5584026244,1543.7195,5.185907,269.46698,-0.0029357572,5.8007436,6.0,1
2441,6773,390271.08255802124,2828305.5584026244,1543.6542,2.8255694,245.47894,-0.002829217,6.4099035,6.0,1
2442,6764,390001.08255802124,2828275.5584026244,1537.9733,2.940066,263.932,0.00084855827,6.370114,6.0,1
2442,6765,390031.08255802124,2828275.5584026244,1538.3938,3.402078,273.09283,0.0006685045,6.2238617,6.0,1
2442,6766,390061.08255802124,2828275.5584026244,1538.2594,4.3624635,270.02216,0.0005066597,5.9744525,6.0,1
2442,6767,390091.08255802124,2828275.5584026244,1538.8207,4.808059,285.3963,0.00032270656,5.8767796,6.0,1
2442,6768,390121.08255802124,2828275.5584026244,1540.0645,4.440589,300.62317,-4.5674708e-05,5.956632,6.0,1
2442,6769,390151.08255802124,2828275.5584026244,1541.1937,3.769696,323.19504,-0.00067599834,6.1209855,6.0,1
2442,6770,390181.08255802124,2828275.5584026244,1543.2528,3.3646984,347.0851,-0.0016201444,6.2349358,6.0,1
2442,6771,390211.08255802124,2828275.5584026244,1545.1084,1.3165085,355.7137,-0.0025052559,7.1742654,6.0,1
2442,6772,390241.08255802124,2828275.5584026244,1544.9408,1.8577926,159.83565,-0.002688022,6.8296847,6.0,1
2442,6773,390271.08255802124,2828275.5584026244,1542.8584,4.5997343,147.97713,-0.001954617,5.921274,6.0,1
2443,6764,390001.08255802124,2828245.5584026244,1539.8999,3.7361176,267.17255,0.0006347317,6.1299586,6.0,1
2443,6765,390031.08255802124,2828245.5584026244,1540.4589,4.227349,282.65158,0.0002657064,6.0060325,6.0,1
2443,6766,390061.08255802124,2828245.5584026244,1541.0613,4.2968535,275.10834,-1.692024e-05,5.989664,6.0,1
2443,6767,390091.08255802124,2828245.5584026244,1541.004,3.8678842,280.3545,3.733317e-05,6.0951962,6.0,1
2443,6768,390121.08255802124,2828245.5584026244,1541.5446,3.4454858,293.62137,0.00014546716,6.211153,6.0,1
2443,6769,390151.08255802124,2828245.5584026244,1542.0574,2.6845136,302.52124,4.6759713e-05,6.4611926,6.0,1
2443,6770,390181.08255802124,2828245.5584026244,1542.725,1.6621028,342.55725,-0.00045379635,6.94106,6.0,1
2443,6771,390211.08255802124,2828245.5584026244,1543.8213,1.5032599,74.13011,-0.0011763509,7.0415587,6.0,1
2443,6772,390241.08255802124,2828245.5584026244,1543.6144,3.9175603,136.39816,-0.0012687175,6.082395,6.0,1
2443,6773,390271.08255802124,2828245.5584026244,1541.0424,6.645933,146.66661,-0.0001901245,5.5509205,6.0,1
2444,6764,390001.08255802124,2828215.5584026244,1541.8917,2.7381346,270.1883,0.0004595608,6.4413857,6.0,1
2444,6765,390031.08255802124,2828215.5584026244,1542.6346,2.9192495,292.05493,8.9891226e-05,6.377232,6.0,1
2444,6766,390061.08255802124,2828215.5584026244,1543.1682,2.895808,280.21075,-8.405901e-05,6.3853083,6.0,1
2444,6767,390091.08255802124,2828215.5584026244,1542.723,3.531051,281.44443,0.00012356223,6.1865616,6.0,1
2444,6768,390121.08255802124,2828215.5584026244,1543.3131,4.507332,289.61505,0.00024868437,5.9416533,6.0,1
2444,6769,390151.08255802124,2828215.5584026244,1544.0332,4.49736,277.95395,0.00018493662,5.943877,6.0,1
2444,6770,390181.08255802124,2828215.5584026244,1543.8137,3.2042196,257.5574,8.399115e-05,6.2839127,6.0,1
2444,6771,390211.08255802124,2828215.5584026244,1543.2346,1.845365,201.19221,-3.2179e-05,6.8364015,6.0,1
2444,6772,390241.08255802124,2828215.5584026244,1542.0692,4.227913,161.10753,0.0002767605,6.0058985,6.0,1
2444,6773,390271.08255802124,2828215.5584026244,1539.1407,6.6704793,159.98494,0.0014864095,5.5472,6.0,1
2445,6764,390001.08255802124,2828185.5584026244,1543.0,1.0943694,262.28027,0.0008472358,7.3591247,6.0,1
2445,6765,390031.08255802124,2828185.5584026244,1543.1704,1.3165193,319.1983,0.0006621636,7.1742573,6.0,1
2445,6766,390061.08255802124,2828185.5584026244,1543.8812,2.3014815,313.2072,0.0004865519,6.615333,6.0,1
2445,6767,390091.08255802124,2828185.5584026244,1544.6006,4.456469,301.94226,0.00030429417,5.953048,6.0,1
2445,6768,390121.08255802124,2828185.5584026244,1546.0466,6.227434,294.16525,-0.00012390138,5.6165113,6.0,1
2445,6769,390151.08255802124,2828185.5584026244,1547.2781,6.3069577,273.66306,-0.00047336158,5.6037207,6.0,1
2445,6770,390181.08255802124,2828185.5584026244,1546.4772,5.999147,242.46361,-0.00025356712,5.6541433,6.0,1
2445,6771,390211.08255802124,2828185.5584026244,1544.2164,5.292094,217.0067,0.00039008236,5.780361,6.0,1
2445,6772,390241.08255802124,2828185.5584026244,1541.8672,5.351709,197.34961,0.0012145657,5.7690945,6.0,1
2445,6773,390271.08255802124,2828185.5584026244,1538.3969,6.3470726,193.72032,0.00232666,5.597328,6.0,1
2446,6765,390031.08255802124,2828155.5584026244,1543.3287,1.9103785,309.884,0.0016645305,6.8017526,6.0,1
2446,6766,390061.08255802124,2828155.5584026244,1544.206,4.4606137,321.35214,0.0012327407,5.9521146,6.0,1
2446,6767,390091.08255802124,2828155.5584026244,1546.9838,7.0114427,313.6645,0.0002816433,5.4968715,6.0,1
2446,6768,390121.08255802124,2828155.5584026244,1549.6265,7.4856853,297.9264,-0.0008487278,5.4307194,6.0,1
2446,6769,390151.08255802124,2828155.5584026244,1551.0394,6.9067826,272.75858,-0.001439955,5.51206,6.0,1
2446,6770,390181.08255802124,2828155.5584026244,1549.9595,7.6627784,237.91629,-0.0010012139,5.4070625,6.0,1
2446,6771,390211.08255802124,2828155.5584026244,1546.3011,8.16292,221.67503,0.00015577517,5.3430243,6.0,1
2446,6772,390241.08255802124,2828155.5584026244,1543.1713,7.2493668,220.91718,0.00120931,5.463154,6.0,1
2447,6766,390061.08255802124,2828125.5584026244,1546.0643,6.9645367,317.65445,0.0015433078,5.503651,6.0,1
2447,6767,390091.08255802124,2828125.5584026244,1550.4897,8.801364,318.53976,6.4086926e-06,5.266608,6.0,1
2447,6768,390121.08255802124,2828125.5584026244,1553.4376,7.470758,300.9675,-0.0015380521,5.4327383,6.0,1
2447,6769,390151.08255802124,2828125.5584026244,1554.4702,6.457993,272.7404,-0.0022270372,5.5798583,6.0,1
2447,6770,390181.08255802124,2828125.5584026244,1553.7402,7.9052896,238.29665,-0.0018403796,5.3755183,6.0,1
2447,6771,390211.08255802124,2828125.5584026244,1549.857,9.741804,228.32684,-0.0007792154,5.163296,6.0,1
2447,6772,390241.08255802124,2828125.5584026244,1546.2129,9.299075,232.81201,7.76163e-05,5.210675,6.0,1
2448,6767,390091.08255802124,2828095.5584026244,1553.4453,8.938431,318.38034,-0.000458001,5.2509055,6.0,1
2448,6768,390121.08255802124,2828095.5584026244,1556.597,6.5115,304.79108,-0.00198978,5.5715365,6.0,1
2448,6769,390151.08255802124,2828095.5584026244,1557.6227,5.1360774,272.8193,-0.0027197606,5.810451,6.0,1
2448,6770,390181.08255802124,2828095.5584026244,1556.9576,6.457439,236.80054,-0.0026446872,5.579945,6.0,1
2473,6580,384481.08255802124,2827345.5584026244,1668.1587,4.575608,241.0438,0.0011924235,5.9265556,6.0,1
2473,6581,384511.08255802124,2827345.5584026244,1668.2654,5.7887855,243.96976,0.00074713817,5.690091,6.0,1
2473,6582,384541.08255802124,2827345.5584026244,1665.8756,7.249682,238.64792,0.00042839907,5.46311,6.0,1
2473,6583,384571.08255802124,2827345.5584026244,1664.6752,7.958085,247.13754,0.00036129422,5.3687763,6.0,1
2474,6578,384421.08255802124,2827315.5584026244,1674.6969,5.5023546,203.8318,0.0011941867,5.7411675,6.0,1
2474,6579,384451.08255802124,2827315.5584026244,1672.0847,5.4326124,235.82278,0.0015981039,5.754001,6.0,1
2474,6580,384481.08255802124,2827315.5584026244,1671.5253,6.695551,262.4187,0.0011537679,5.5434146,6.0,1
2474,6581,384511.08255802124,2827315.5584026244,1671.2794,7.6231513,255.52518,0.00048194046,5.412309,6.0,1
2474,6582,384541.08255802124,2827315.5584026244,1669.514,8.154456,245.92996,0.000282898,5.3440757,6.0,1
2474,6583,384571.08255802124,2827315.5584026244,1667.9877,7.9019103,253.36922,0.000320706,5.3759513,6.0,1
2474,6584,384601.08255802124,2827315.5584026244,1667.1525,8.517338,266.56204,8.392331e-05,5.2999163,6.0,1
2475,6578,384421.08255802124,2827285.5584026244,1675.9518,6.0903425,242.10541,0.0014743381,5.6389437,6.0,1
2475,6579,384451.08255802124,2827285.5584026244,1675.5132,7.659838,264.78088,0.0012158203,5.407451,6.0,1
2475,6580,384481.08255802124,2827285.5584026244,1675.9283,8.462094,268.37946,0.00036817754,5.3065195,6.0,1
2475,6581,384511.08255802124,2827285.5584026244,1675.7668,8.542161,256.95694,-0.00018181703,5.2969627,6.0,1
2475,6582,384541.08255802124,2827285.5584026244,1674.205,8.654618,244.36127,6.696904e-05,5.283685,6.0,1
2475,6583,384571.08255802124,2827285.5584026244,1671.9146,7.568158,252.03116,0.00054358586,5.4196353,6.0,1
2475,6584,384601.08255802124,2827285.5584026244,1672.1897,7.345108,274.82773,0.00031782367,5.4498906,6.0,1
2475,6585,384631.08255802124,2827285.5584026244,1672.6283,8.520458,281.0799,-0.0005733574,5.2995443,6.0,1
2476,6577,384391.08255802124,2827255.5584026244,1680.4222,3.869247,266.32294,0.0012174818,6.0948424,6.0,1
2476,6578,384421.08255802124,2827255.5584026244,1680.4846,8.091115,272.31723,0.0005241903,5.3519793,6.0,1
2476,6579,384451.08255802124,2827255.5584026244,1680.6421,9.720252,270.32767,-0.00024529354,5.165554,6.0,1
2476,6580,384481.08255802124,2827255.5584026244,1680.767,8.962865,263.75793,-0.00080190017,5.248131,6.0,1
2476,6581,384511.08255802124,2827255.5584026244,1679.9303,8.160155,252.34401,-0.0008402168,5.3433676,6.0,1
2476,6582,384541.08255802124,2827255.5584026244,1678.0894,8.382303,239.21045,-0.00018897175,5.316131,6.0,1
2476,6583,384571.08255802124,2827255.5584026244,1675.12,7.431136,248.74066,0.00057793513,5.4381166,6.0,1
2476,6584,384601.08255802124,2827255.5584026244,1674.6443,7.0647326,279.2747,0.0004056804,5.4892235,6.0,1
2476,6585,384631.08255802124,2827255.5584026244,1676.4974,7.607702,288.57266,-0.00072882744,5.414362,6.0,1
2476,6586,384661.08255802124,2827255.5584026244,1678.2002,7.5246015,273.99875,-0.0017636109,5.425474,6.0,1
2477,6577,384391.08255802124,2827225.5584026244,1682.5203,5.744625,309.96848,0.0012571209,5.697801,6.0,1
2477,6578,384421.08255802124,2827225.5584026244,1685.5204,7.9915686,295.65778,-0.00064663356,5.364523,6.0,1
2477,6579,384451.08255802124,2827225.5584026244,1686.6412,8.437206,268.8172,-0.0017741565,5.3095083,6.0,1
2477,6580,384481.08255802124,2827225.5584026244,1685.2142,7.9058,251.39224,-0.0017281086,5.375453,6.0,1
2477,6581,384511.08255802124,2827225.5584026244,1683.6954,7.177269,244.29587,-0.0011612956,5.4732556,6.0,1
2477,6582,384541.08255802124,2827225.5584026244,1681.855,7.772561,238.34436,-0.0004533216,5.392664,6.0,1
2477,6583,384571.08255802124,2827225.5584026244,1679.0658,7.9747553,254.5781,1.51571585e-05,5.3666563,6.0,1
2477,6584,384601.08255802124,2827225.5584026244,1679.4102,8.253301,277.68384,-0.00030598947,5.331861,6.0,1
2477,6585,384631.08255802124,2827225.5584026244,1680.3909,7.070855,281.69153,-0.0011854045,5.488348,6.0,1
2477,6586,384661.08255802124,2827225.5584026244,1681.1693,5.5625067,274.3673,-0.001959127,5.730227,6.0,1
2478,6577,384391.08255802124,2827195.5584026244,1684.374,7.535306,305.07962,0.0010863581,5.424036,6.0,1
2478,6578,384421.08255802124,2827195.5584026244,1688.7648,6.6314883,311.71704,-0.00087141246,5.553116,6.0,1
2478,6579,384451.08255802124,2827195.5584026244,1690.5015,4.5396657,266.05713,-0.0020418295,5.9344754,6.0,1
2478,6580,384481.08255802124,2827195.5584026244,1688.3599,5.6287994,233.59741,-0.0017952134,5.7183037,6.0,1
2478,6581,384511.08255802124,2827195.5584026244,1686.4705,5.5952034,230.51575,-0.0010743543,5.7243285,6.0,1
2478,6582,384541.08255802124,2827195.5584026244,1684.6478,5.6005325,234.32138,-0.00069963257,5.7233706,6.0,1
2478,6583,384571.08255802124,2827195.5584026244,1683.3478,5.527725,259.7236,-0.0009503175,5.7365384,6.0,1
2478,6584,384601.08255802124,2827195.5584026244,1684.0416,5.529463,275.4817,-0.0015572442,5.7362223,6.0,1
2478,6585,384631.08255802124,2827195.5584026244,1683.9749,4.0914097,259.5019,-0.0018259685,6.038833,6.0,1
2478,6586,384661.08255802124,2827195.5584026244,1683.0,2.4575095,260.99448,-0.0018222386,6.5496626,6.0,1
2479,6577,384391.08255802124,2827165.5584026244,1688.808,7.7839856,281.48846,0.00040730793,5.3911767,6.0,1
2479,6578,384421.08255802124,2827165.5584026244,1690.611,4.3499503,299.21344,-0.0003998141,5.977336,6.0,1
2479,6579,384451.08255802124,2827165.5584026244,1691.0,1.9205285,259.28357,-0.0011805217,6.796449,6.0,1
2479,6580,384481.08255802124,2827165.5584026244,1690.4166,3.7017665,216.731,-0.0013101536,6.1392217,6.0,1
2479,6581,384511.08255802124,2827165.5584026244,1687.9702,4.645174,210.68672,-0.001037835,5.9114013,6.0,1
2479,6582,384541.08255802124,2827165.5584026244,1686.2495,3.6834226,207.93555,-0.0010099284,6.144203,6.0,1
2479,6583,384571.08255802124,2827165.5584026244,1685.119,1.311556,218.50575,-0.0015752495,7.1780353,6.0,1
2479,6584,384601.08255802124,2827165.5584026244,1685.7632,0.39159554,154.42464,-0.0021796334,8.386934,6.0,1
2479,6585,384631.08255802124,2827165.5584026244,1684.7593,2.244407,156.93202,-0.0019461737,6.6404715,6.0,1
2479,6586,384661.08255802124,2827165.5584026244,1682.9594,1.7105558,129.94662,-0.001277432,6.9123087,6.0,1
2480,6578,384421.08255802124,2827135.5584026244,1691.951,7.0218487,266.10498,-0.0009851074,5.4953737,6.0,1
2480,6579,384451.08255802124,2827135.5584026244,1691.4178,5.7825127,260.16696,-0.0014163208,5.6911826,6.0,1
2480,6580,384481.08255802124,2827135.5584026244,1691.2482,5.595308,238.30763,-0.001986016,5.72431,6.0,1
2480,6581,384511.08255802124,2827135.5584026244,1689.0638,6.1495667,216.87624,-0.0021790569,5.6291924,6.0,1
2480,6582,384541.08255802124,2827135.5584026244,1686.5247,5.6273766,191.74265,-0.0019311183,5.7185583,6.0,1
2480,6583,384571.08255802124,2827135.5584026244,1684.2389,4.7300844,142.00856,-0.0016517809,5.8932056,6.0,1
2480,6584,384601.08255802124,2827135.5584026244,1683.8036,5.875107,104.04304,-0.0015276084,5.6751866,6.0,1
2480,6585,384631.08255802124,2827135.5584026244,1682.8517,5.5859823,104.51704,-0.0011521404,5.725989,6.0,1
2481,6578,384421.08255802124,2827105.5584026244,1697.6366,7.6233387,263.31656,-0.0033410983,5.4122844,6.0,1
2481,6579,384451.08255802124,2827105.5584026244,1697.1261,7.4874167,251.64877,-0.003897027,5.4304852,6.0,1
2481,6580,384481.08255802124,2827105.5584026244,1695.086,6.798063,223.80475,-0.004383918,5.5280786,6.0,1
2481,6581,384511.08255802124,2827105.5584026244,1692.5115,7.4505424,190.73419,-0.004237162,5.4354787,6.0,1
2481,6582,384541.08255802124,2827105.5584026244,1688.015,9.913566,164.87985,-0.0030018785,5.1454706,6.0,1
2481,6583,384571.08255802124,2827105.5584026244,1681.8595,10.643269,138.96072,-0.0011514622,5.072901,6.0,1
2481,6584,384601.08255802124,2827105.5584026244,1678.293,9.753317,103.76321,4.1097053e-05,5.1620917,6.0,1
2481,6585,384631.08255802124,2827105.5584026244,1679.0011,8.310266,82.670105,0.00015262165,5.324886,6.0,1
2482,6580,384481.08255802124,2827075.5584026244,1696.25,11.733102,138.43993,-0.005656501,4.972893,6.0,1
2482,6581,384511.08255802124,2827075.5584026244,1690.6086,16.457668,132.18547,-0.004239536,4.6205883,6.0,1
2482,6582,384541.08255802124,2827075.5584026244,1684.2789,18.742487,129.0051,-0.0019510225,4.482044,6.0,1
2482,6583,384571.08255802124,2827075.5584026244,1676.2444,16.334545,122.60547,0.0004494557,4.628524,6.0,1
2508,7333,407071.08255802124,2826295.5584026244,1249.0886,9.170115,130.72356,0.00047810853,5.2248845,6.0,1
2508,7334,407101.08255802124,2826295.5584026244,1244.1484,11.655672,152.58806,0.002192349,4.979702,6.0,1
2508,7335,407131.08255802124,2826295.5584026244,1236.5844,11.500049,156.85388,0.005123155,4.993517,6.0,1
2508,7336,407161.08255802124,2826295.5584026244,1231.5968,4.9564266,154.48232,0.007312147,5.8462405,6.0,1
2508,7337,407191.08255802124,2826295.5584026244,1232.1951,4.1220093,309.8617,0.0074416436,6.0313563,6.0,1
2509,7332,407041.08255802124,2826265.5584026244,1245.255,7.5568986,88.98485,0.0020115154,5.421141,6.0,1
2509,7333,407071.08255802124,2826265.5584026244,1246.4167,4.907675,123.32605,0.0014082167,5.8561745,6.0,1
2509,7334,407101.08255802124,2826265.5584026244,1242.4435,8.091184,179.99342,0.0029775326,5.3519707,6.0,1
2509,7335,407131.08255802124,2826265.5584026244,1237.3983,8.801042,211.6267,0.0060602827,5.266646,6.0,1
2509,7336,407161.08255802124,2826265.5584026244,1233.8937,9.149438,265.93103,0.008202244,5.227181,6.0,1
2509,7337,407191.08255802124,2826265.5584026244,1236.162,15.418854,301.86728,0.0075974525,4.689277,6.0,1
2509,7338,407221.08255802124,2826265.5584026244,1243.2194,21.53686,307.39343,0.004630568,4.3309436,6.0,1
2510,7331,407011.08255802124,2826235.5584026244,1242.5073,2.6978273,133.5602,0.004299554,6.4562383,6.0,1
2510,7332,407041.08255802124,2826235.5584026244,1242.3729,2.6811807,41.922684,0.0034917195,6.4624367,6.0,1
2510,7333,407071.08255802124,2826235.5584026244,1245.1041,1.1950848,340.10535,0.002852478,7.2710624,6.0,1
2510,7334,407101.08255802124,2826235.5584026244,1243.668,6.013785,239.36673,0.0036891343,5.6516886,6.0,1
2510,7335,407131.08255802124,2826235.5584026244,1241.5259,11.797628,263.93753,0.0055412804,4.967252,6.0,1
2510,7336,407161.08255802124,2826235.5584026244,1241.6794,18.766481,283.7279,0.0064574517,4.480669,6.0,1
2510,7337,407191.08255802124,2826235.5584026244,1245.645,24.276749,296.4478,0.005170322,4.1974216,6.0,1
2510,7338,407221.08255802124,2826235.5584026244,1254.4019,26.170687,303.3692,0.002028402,4.111642,6.0,1
2510,7339,407251.08255802124,2826235.5584026244,1263.8209,23.592009,299.88086,-0.0013018453,4.2296534,6.0,1
2511,7331,407011.08255802124,2826205.5584026244,1243.5239,4.1656814,236.38629,0.0045669554,6.0207806,6.0,1
2511,7332,407041.08255802124,2826205.5584026244,1242.8088,4.7160764,307.561,0.0046916706,5.8961854,6.0,1
2511,7333,407071.08255802124,2826205.5584026244,1245.8444,8.308834,308.65076,0.0041208565,5.3250604,6.0,1
2511,7334,407101.08255802124,2826205.5584026244,1247.7382,12.720553,285.79202,0.0037945898,4.8895836,6.0,1
2511,7335,407131.08255802124,2826205.5584026244,1249.1364,20.039038,287.60596,0.00365075,4.4097624,6.0,1
2511,7336,407161.08255802124,2826205.5584026244,1254.9708,26.388233,291.7445,0.0026687626,4.1020775,6.0,1
2511,7337,407191.08255802124,2826205.5584026244,1261.4862,28.617996,292.97388,0.00076541526,4.0070205,6.0,1
2511,7338,407221.08255802124,2826205.5584026244,1268.4116,26.370586,295.19568,-0.0014605373,4.1028514,6.0,1
2511,7339,407251.08255802124,2826205.5584026244,1274.4791,20.805977,292.74515,-0.0033953183,4.368824,6.0,1
2512,7331,407011.08255802124,2826175.5584026244,1245.7155,8.715626,254.24774,0.004696316,5.2765517,6.0,1
2512,7332,407041.08255802124,2826175.5584026244,1245.8947,11.026063,295.67017,0.005282729,5.0367103,6.0,1
2512,7333,407071.08255802124,2826175.5584026244,1250.5476,16.711718,305.52905,0.0041985745,4.6043797,6.0,1
2512,7334,407101.08255802124,2826175.5584026244,1256.6322,20.828642,297.36404,0.0024350993,4.3676333,6.0,1
2512,7335,407131.08255802124,2826175.5584026244,1262.2859,24.736345,296.14783,0.00064225966,4.176168,6.0,1
2512,7336,407161.08255802124,2826175.5584026244,1270.6329,26.530455,297.75745,-0.0014550783,4.0958548,6.0,1
2512,7337,407191.08255802124,2826175.5584026244,1277.5808,25.163834,294.1902,-0.003451436,4.1566596,6.0,1
2512,7338,407221.08255802124,2826175.5584026244,1282.1403,21.74895,288.6085,-0.004698385,4.320146,6.0,1
2512,7339,407251.08255802124,2826175.5584026244,1284.0717,16.800343,279.88995,-0.00524804,4.5987763,6.0,1
2513,7331,407011.08255802124,2826145.5584026244,1251.5283,14.8478365,265.25122,0.0042031184,4.7288275,6.0,1
2513,7332,407041.08255802124,2826145.5584026244,1252.9026,17.96816,293.0578,0.004584893,4.527267,6.0,1
2513,7333,407071.08255802124,2826145.5584026244,1259.8015,21.800919,305.04248,0.0028593275,4.317513,6.0,1
2513,7334,407101.08255802124,2826145.5584026244,1268.3716,22.455208,303.72437,0.00035542797,4.284784,6.0,1
2513,7335,407131.08255802124,2826145.5584026244,1275.0005,21.898233,302.85342,-0.0017960613,4.312596,6.0,1
2513,7336,407161.08255802124,2826145.5584026244,1281.8654,20.584284,305.0296,-0.0037371153,4.3805285,6.0,1
2513,7337,407191.08255802124,2826145.5584026244,1287.864,17.47957,300.5221,-0.005447998,4.556676,6.0,1
2513,7338,407221.08255802124,2826145.5584026244,1291.6113,13.689936,286.97565,-0.006414897,4.813476,6.0,1
2513,7339,407251.08255802124,2826145.5584026244,1292.4417,10.358622,262.31873,-0.0064805094,5.100626,6.0,1
2514,7331,407011.08255802124,2826115.5584026244,1261.2909,17.05303,272.75763,0.0031963093,4.5829425,6.0,1
2514,7332,407041.08255802124,2826115.5584026244,1263.9901,19.951488,294.2513,0.0030472483,4.414518,6.0,1
2514,7333,407071.08255802124,2826115.5584026244,1270.3965,21.029707,305.01117,0.0012616643,4.3571153,6.0,1
2514,7334,407101.08255802124,2826115.5584026244,1277.4348,19.202778,307.99496,-0.0008488635,4.4559135,6.0,1
2514,7335,407131.08255802124,2826115.5584026244,1283.3312,16.917997,308.6691,-0.0024891496,4.5913777,6.0,1
2514,7336,407161.08255802124,2826115.5584026244,1288.7811,15.075872,311.38177,-0.004009162,4.7128706,6.0,1
2514,7337,407191.08255802124,2826115.5584026244,1294.0466,11.077733,306.4969,-0.005534329,5.031917,6.0,1
2514,7338,407221.08255802124,2826115.5584026244,1296.1655,5.283856,276.68442,-0.006377835,5.7819276,6.0,1
2514,7339,407251.08255802124,2826115.5584026244,1295.4691,5.35016,189.4523,-0.00614034,5.7693853,6.0,1
2515,7331,407011.08255802124,2826085.5584026244,1269.7931,15.005768,281.6369,0.002799038,4.7177525,6.0,1
2515,7332,407041.08255802124,2826085.5584026244,1273.8414,18.18698,298.98694,0.001921217,4.51432,6.0,1
2515,7333,407071.08255802124,2826085.5584026244,1279.0935,18.472721,303.6479,0.00021301286,4.497614,6.0,1
2515,7334,407101.08255802124,2826085.5584026244,1284.4218,16.742655,305.71713,-0.0013262599,4.6024203,6.0,1
2515,7335,407131.08255802124,2826085.5584026244,1289.4824,14.534649,306.7837,-0.0026022675,4.75111,6.0,1
2515,7336,407161.08255802124,2826085.5584026244,1293.8473,11.760636,309.12506,-0.0039986162,4.9704823,6.0,1
2515,7337,407191.08255802124,2826085.5584026244,1297.9254,5.965917,298.0518,-0.00521932,5.6597385,6.0,1
2515,7338,407221.08255802124,2826085.5584026244,1297.2808,4.7035675,178.22697,-0.0052626543,5.8988533,6.0,1
2515,7339,407251.08255802124,2826085.5584026244,1293.0864,11.204776,150.16893,-0.0040836926,5.020221,6.0,1
2516,7332,407041.08255802124,2826055.5584026244,1281.924,19.657055,297.63885,0.0007124159,4.430639,6.0,1
2516,7333,407071.08255802124,2826055.5584026244,1287.647,18.43924,296.8194,-0.001128845,4.49956,6.0,1
2516,7334,407101.08255802124,2826055.5584026244,1291.743,16.050756,297.68207,-0.002465651,4.6470194,6.0,1
2516,7335,407131.08255802124,2826055.5584026244,1296.0826,13.15534,298.44772,-0.0036797416,4.8548045,6.0,1
2516,7336,407161.08255802124,2826055.5584026244,1298.8046,8.273559,293.2045,-0.0048154024,5.3293753,6.0,1
2516,7337,407191.08255802124,2826055.5584026244,1300.0109,3.2525115,217.6734,-0.0051150853,6.268922,6.0,1
2516,7338,407221.08255802124,2826055.5584026244,1296.3479,10.740345,161.00563,-0.0037699044,5.063607,6.0,1
2517,7334,407101.08255802124,2826025.5584026244,1299.5376,11.48665,290.2754,-0.0042300755,4.9947143,6.0,1
2517,7335,407131.08255802124,2826025.5584026244,1302.1537,7.0690165,293.13495,-0.005125325,5.4886107,6.0,1
2517,7336,407161.08255802124,2826025.5584026244,1302.7098,2.6927555,232.26099,-0.005617574,6.4581227,6.0,1
2528,1155,221731.08255802124,2825695.5584026244,578.1101,13.971437,314.23444,-0.0056322906,4.7923093,6.0,1
2528,1156,221761.08255802124,2825695.5584026244,582.0826,12.978474,321.134,-0.0026085582,4.868821,6.0,1
2528,1157,221791.08255802124,2825695.5584026244,588.44586,15.411578,327.04013,-0.0006556533,4.6897726,6.0,1
2528,1158,221821.08255802124,2825695.5584026244,596.1604,17.75921,330.31992,-3.077183e-05,4.5397577,6.0,1
2528,1159,221851.08255802124,2825695.5584026244,604.9727,18.887678,338.64667,-0.00012303656,4.4737434,6.0,1
2529,1153,221671.08255802124,2825665.5584026244,570.9614,21.042332,334.55194,-0.00964269,4.3564577,6.0,1
2529,1154,221701.08255802124,2825665.5584026244,577.9124,11.928525,341.1411,-0.008261244,4.955896,6.0,1
2529,1155,221731.08255802124,2825665.5584026244,581.75165,8.399675,347.63895,-0.0054016453,5.314031,6.0,1
2529,1156,221761.08255802124,2825665.5584026244,585.99,10.385842,348.62256,-0.002828335,5.0979433,6.0,1
2529,1157,221791.08255802124,2825665.5584026244,592.29706,13.826495,350.12625,-0.0017266847,4.8031583,6.0,1
2529,1158,221821.08255802124,2825665.5584026244,600.9628,15.579676,351.31055,-0.001590305,4.6783767,6.0,1
2529,1159,221851.08255802124,2825665.5584026244,608.8999,15.892301,352.50696,-0.0013702221,4.657474,6.0,1
2529,1160,221881.08255802124,2825665.5584026244,616.7313,19.361107,354.53192,-0.0015571758,4.447048,6.0,1
2530,1153,221671.08255802124,2825635.5584026244,570.339,16.951553,27.222439,-0.008956163,4.5892763,6.0,1
2530,1154,221701.08255802124,2825635.5584026244,575.483,12.701245,43.74393,-0.0067180204,4.8911533,6.0,1
2530,1155,221731.08255802124,2825635.5584026244,579.2719,12.01813,41.444923,-0.0041227383,4.9481897,6.0,1
2530,1156,221761.08255802124,2825635.5584026244,584.57935,12.939587,27.444078,-0.0024687536,4.871927,6.0,1
2530,1157,221791.08255802124,2825635.5584026244,590.9679,14.254131,21.784964,-0.0017964679,4.771444,6.0,1
2530,1158,221821.08255802124,2825635.5584026244,598.7483,15.820922,24.925001,-0.0014171853,4.6622133,6.0,1
2530,1159,221851.08255802124,2825635.5584026244,607.3847,17.46257,24.006498,-0.0011454264,4.557712,6.0,1
2530,1160,221881.08255802124,2825635.5584026244,616.309,21.040617,14.563496,-0.0018061659,4.3565474,6.0,1
2530,1161,221911.08255802124,2825635.5584026244,629.16986,23.158802,10.6717615,-0.0036362715,4.2504144,6.0,1
2531,1153,221671.08255802124,2825605.5584026244,562.3392,20.39333,47.472466,-0.0055889552,4.390693,6.0,1
2531,1154,221701.08255802124,2825605.5584026244,568.0183,17.721144,58.10133,-0.0037322994,4.542047,6.0,1
2531,1155,221731.08255802124,2825605.5584026244,572.76105,17.31789,49.220856,-0.0021061879,4.5665655,6.0,1
2531,1156,221761.08255802124,2825605.5584026244,580.0469,17.234951,34.20497,-0.0017203777,4.57167,6.0,1
2531,1157,221791.08255802124,2825605.5584026244,587.75995,15.093527,30.486814,-0.0015503272,4.711644,6.0,1
2531,1158,221821.08255802124,2825605.5584026244,593.3525,14.948806,35.272095,-0.000642446,4.721735,6.0,1
2531,1159,221851.08255802124,2825605.5584026244,599.9971,18.860838,32.67412,-5.7593454e-05,4.475274,6.0,1
2531,1160,221881.08255802124,2825605.5584026244,611.43115,23.587952,27.160988,-0.0011140441,4.2298465,6.0,1
2531,1161,221911.08255802124,2825605.5584026244,625.48566,24.678322,27.878267,-0.0030755952,4.178835,6.0,1
2532,1152,221641.08255802124,2825575.5584026244,544.9488,22.277273,38.854225,-0.0026076594,4.293609,6.0,1
2532,1153,221671.08255802124,2825575.5584026244,553.57336,20.543352,53.221558,-0.0019819136,4.382701,6.0,1
2532,1154,221701.08255802124,2825575.5584026244,558.78595,20.139997,60.97647,-0.00038925163,4.4043,6.0,1
2532,1155,221731.08255802124,2825575.5584026244,564.32184,21.302511,48.46185,0.0002900191,4.3429747,6.0,1
2532,1156,221761.08255802124,2825575.5584026244,574.5098,21.754791,34.68817,-0.0008625626,4.3198495,6.0,1
2532,1157,221791.08255802124,2825575.5584026244,584.20294,17.218298,31.144718,-0.0019829816,4.5726976,6.0,1
2532,1158,221821.08255802124,2825575.5584026244,589.50867,13.517613,29.800783,-0.0014787123,4.826632,6.0,1
2532,1159,221851.08255802124,2825575.5584026244,595.6264,15.814358,29.582397,-0.0004100377,4.6626506,6.0,1
2532,1160,221881.08255802124,2825575.5584026244,604.80365,21.610428,36.91335,-0.0002669443,4.3271885,6.0,1
2532,1161,221911.08255802124,2825575.5584026244,616.10156,26.353262,43.404427,-0.0009933811,4.1036115,6.0,1
2533,1152,221641.08255802124,2825545.5584026244,537.5369,21.369112,45.315254,-4.8488146e-06,4.339545,6.0,1
2533,1153,221671.08255802124,2825545.5584026244,543.7146,20.033262,57.578888,0.0008982512,4.4100757,6.0,1
2533,1154,221701.08255802124,2825545.5584026244,547.9794,19.635777,56.70892,0.0022861904,4.431812,6.0,1
2533,1155,221731.08255802124,2825545.5584026244,554.49915,21.906527,41.631653,0.0021896022,4.3121777,6.0,1
2533,1156,221761.08255802124,2825545.5584026244,566.5605,24.039433,33.45491,-2.5973728e-05,4.2085137,6.0,1
2533,1157,221791.08255802124,2825545.5584026244,578.48895,20.999651,34.59971,-0.0024486284,4.3586826,6.0,1
2533,1158,221821.08255802124,2825545.5584026244,586.91327,16.57307,36.879654,-0.0031417338,4.6131983,6.0,1
2533,1159,221851.08255802124,2825545.5584026244,593.4719,14.856589,45.499657,-0.0019164364,4.728211,6.0,1
2533,1160,221881.08255802124,2825545.5584026244,597.3616,18.561644,54.60208,0.00017673068,4.4924603,6.0,1
2533,1161,221911.08255802124,2825545.5584026244,603.04834,24.990767,52.61112,0.0015676372,4.164528,6.0,1
2534,1153,221671.08255802124,2825515.5584026244,534.07355,16.568151,45.36294,0.002428691,4.613512,6.0,1
2534,1154,221701.08255802124,2825515.5584026244,540.52985,16.081434,36.823677,0.003005388,4.6450057,6.0,1
2534,1155,221731.08255802124,2825515.5584026244,548.75714,18.971582,29.956003,0.002448934,4.4689713,6.0,1
2534,1156,221761.08255802124,2825515.5584026244,559.7792,22.235252,34.13187,0.0006079443,4.2957015,6.0,1
2534,1157,221791.08255802124,2825515.5584026244,570.21277,23.23952,43.36989,-0.0015238104,4.246524,6.0,1
2534,1158,221821.08255802124,2825515.5584026244,579.90704,22.323542,52.200356,-0.0026254784,4.291309,6.0,1
2534,1159,221851.08255802124,2825515.5584026244,585.9555,19.883148,63.097954,-0.0016955736,4.4182415,6.0,1
2534,1160,221881.08255802124,2825515.5584026244,588.3387,18.768913,63.851414,0.0008409627,4.4805293,6.0,1
2534,1161,221911.08255802124,2825515.5584026244,593.00946,20.849688,50.42121,0.0029827375,4.3665285,6.0,1
2535,1153,221671.08255802124,2825485.5584026244,530.34863,14.146413,16.36359,0.0017963492,4.779349,6.0,1
2535,1154,221701.08255802124,2825485.5584026244,538.3873,13.895804,16.642334,0.0015935261,4.7979574,6.0,1
2535,1155,221731.08255802124,2825485.5584026244,545.58093,15.0737095,27.651516,0.0014313763,4.713021,6.0,1
2535,1156,221761.08255802124,2825485.5584026244,552.7911,18.236416,41.197884,0.0012525432,4.5114136,6.0,1
2535,1157,221791.08255802124,2825485.5584026244,559.894,21.54442,52.02208,0.00093831366,4.3305573,6.0,1
2535,1158,221821.08255802124,2825485.5584026244,567.10065,23.658531,58.476334,0.0007279456,4.226491,6.0,1
2535,1159,221851.08255802124,2825485.5584026244,573.8248,22.590256,62.353615,0.0012455243,4.2781224,6.0,1
2535,1160,221881.08255802124,2825485.5584026244,579.0627,20.165672,57.83958,0.0025179377,4.4029145,6.0,1
2536,1154,221701.08255802124,2825455.5584026244,537.3823,12.17711,20.133024,4.6759727e-05,4.9346495,6.0,1
2536,1155,221731.08255802124,2825455.5584026244,541.9304,11.91047,34.329025,0.000747952,4.957455,6.0,1
2536,1156,221761.08255802124,2825455.5584026244,546.5817,13.497242,42.9119,0.002020145,4.8281975,6.0,1
2536,1157,221791.08255802124,2825455.5584026244,551.34937,15.26595,50.328403,0.003307444,4.6997356,6.0,1
2536,1158,221821.08255802124,2825455.5584026244,556.142,17.629206,52.456673,0.0042522517,4.547594,6.0,1
2536,1159,221851.08255802124,2825455.5584026244,562.72034,19.030874,50.764236,0.0047451956,4.46561,6.0,1
2537,1157,221791.08255802124,2825425.5584026244,547.30927,9.5151,21.082123,0.004118466,5.1872916,6.0,1
2550,1056,218761.08255802124,2825035.5584026244,285.1058,9.500165,324.52527,-0.0030583953,5.188892,6.0,1
2550,1057,218791.08255802124,2825035.5584026244,287.39304,8.951064,282.0404,-0.002348548,5.2494698,6.0,1
2550,1058,218821.08255802124,2825035.5584026244,286.04306,10.920882,257.24567,-0.00027414097,5.0465336,6.0,1
2551,1054,218701.08255802124,2825005.5584026244,271.6493,14.406345,357.3382,0.0018378787,4.7603655,6.0,1
2551,1055,218731.08255802124,2825005.5584026244,279.4782,13.211136,356.45816,7.711636e-05,4.850419,6.0,1
2551,1056,218761.08255802124,2825005.5584026244,285.82806,11.316693,344.35117,-0.0014336142,5.010022,6.0,1
2551,1057,218791.08255802124,2825005.5584026244,290.96912,9.564368,310.03537,-0.0020301396,5.18203,6.0,1
2551,1058,218821.08255802124,2825005.5584026244,292.6694,10.99699,264.19116,-0.0009129164,5.0394163,6.0,1
2551,1059,218851.08255802124,2825005.5584026244,289.5374,11.705001,263.17188,0.00094538357,4.9753594,6.0,1
2551,1060,218881.08255802124,2825005.5584026244,290.37662,12.118423,300.6928,0.00078653963,4.939628,6.0,1
2552,1053,218671.08255802124,2824975.5584026244,265.82434,12.744312,316.5089,0.0040551336,4.8876543,6.0,1
2552,1054,218701.08255802124,2824975.5584026244,272.54703,14.572736,333.57138,0.003934267,4.7483773,6.0,1
2552,1055,218731.08255802124,2824975.5584026244,279.89615,14.993364,337.5028,0.0025062812,4.718619,6.0,1
2552,1056,218761.08255802124,2824975.5584026244,287.44678,15.4828005,332.31097,0.0003330569,4.6849303,6.0,1
2552,1057,218791.08255802124,2824975.5584026244,295.3053,13.391748,315.36188,-0.0015556589,4.83634,6.0,1
2552,1058,218821.08255802124,2824975.5584026244,298.83994,11.43596,275.06146,-0.0016218652,4.9992576,6.0,1
2552,1059,218851.08255802124,2824975.5584026244,296.8671,13.238833,265.95758,-0.00032452884,4.8482485,6.0,1
2552,1060,218881.08255802124,2824975.5584026244,297.1727,14.42484,289.91913,-0.00033257398,4.7590265,6.0,1
2552,1061,218911.08255802124,2824975.5584026244,301.60666,12.29342,295.3615,-0.002216992,4.9248476,6.0,1
2552,1103,220171.08255802124,2824975.5584026244,338.99796,9.523563,99.616066,-0.0010414971,5.186386,6.0,1
2552,1104,220201.08255802124,2824975.5584026244,339.22482,12.526319,76.00735,-0.00047136098,4.90548,6.0,1
2552,1105,220231.08255802124,2824975.5584026244,341.50235,16.264618,58.8867,-0.0009779867,4.6330547,6.0,1
2552,1106,220261.08255802124,2824975.5584026244,347.88684,19.76413,46.67479,-0.003228921,4.424753,6.0,1
2552,1107,220291.08255802124,2824975.5584026244,358.00363,17.598915,47.487457,-0.0059547843,4.549427,6.0,1
2553,1053,218671.08255802124,2824945.5584026244,273.24042,18.097807,295.2341,0.0028435602,4.51958,6.0,1
2553,1054,218701.08255802124,2824945.5584026244,277.90768,18.786621,305.66754,0.0035369447,4.479515,6.0,1
2553,1055,218731.08255802124,2824945.5584026244,284.90277,19.611027,314.1261,0.0025262532,4.433177,6.0,1
2553,1056,218761.08255802124,2824945.5584026244,293.31577,20.106895,316.67474,4.252128e-05,4.4060884,6.0,1
2553,1057,218791.08255802124,2824945.5584026244,301.46072,16.339344,306.08582,-0.0022852917,4.628214,6.0,1
2553,1058,218821.08255802124,2824945.5584026244,304.34625,12.244853,277.19922,-0.0027539995,4.92893,6.0,1
2553,1059,218851.08255802124,2824945.5584026244,304.05206,12.38431,272.92804,-0.0021955022,4.9172487,6.0,1
2553,1060,218881.08255802124,2824945.5584026244,305.99313,13.653556,288.682,-0.0027081808,4.816241,6.0,1
2553,1061,218911.08255802124,2824945.5584026244,308.7169,11.324636,277.63818,-0.003862508,5.0093017,6.0,1
2553,1102,220141.08255802124,2824945.5584026244,336.28177,12.914992,118.27152,-0.00061220804,4.8738956,6.0,1
2553,1103,220171.08255802124,2824945.5584026244,332.46503,14.276949,107.75258,0.00074648566,4.769776,6.0,1
2553,1104,220201.08255802124,2824945.5584026244,330.89743,14.513511,81.19023,0.0019034238,4.7526298,6.0,1
2553,1105,220231.08255802124,2824945.5584026244,333.93494,15.832252,60.503704,0.0017508359,4.66146,6.0,1
2553,1106,220261.08255802124,2824945.5584026244,338.69485,19.286915,50.15627,-4.4903194e-05,4.451195,6.0,1
2553,1107,220291.08255802124,2824945.5584026244,347.2566,20.840092,53.124268,-0.0025426145,4.367032,6.0,1
2553,1108,220321.08255802124,2824945.5584026244,353.26685,17.886227,74.06818,-0.0035301973,4.53215,6.0,1
2554,1052,218641.08255802124,2824915.5584026244,280.63962,20.168392,296.44687,-0.001444295,4.402768,6.0,1
2554,1053,218671.08255802124,2824915.5584026244,284.39832,22.113825,292.73837,-0.0006385041,4.301765,6.0,1
2554,1054,218701.08255802124,2824915.5584026244,289.0686,23.137287,294.3194,-2.4057925e-05,4.2514534,6.0,1
2554,1055,218731.08255802124,2824915.5584026244,294.6046,22.7393,301.38272,-0.0006492871,4.270807,6.0,1
2554,1056,218761.08255802124,2824915.5584026244,302.8897,21.00062,307.9914,-0.0026827748,4.3586316,6.0,1
2554,1057,218791.08255802124,2824915.5584026244,309.99533,15.070105,297.56348,-0.0044091884,4.7132716,6.0,1
2554,1058,218821.08255802124,2824915.5584026244,310.87726,10.19339,268.31287,-0.0043494757,5.117056,6.0,1
2554,1059,218851.08255802124,2824915.5584026244,309.77832,7.7856255,271.92838,-0.003809738,5.3909636,6.0,1
2554,1060,218881.08255802124,2824915.5584026244,311.94266,7.058879,301.3254,-0.004562115,5.490061,6.0,1
2554,1061,218911.08255802124,2824915.5584026244,314.3834,5.316053,267.28503,-0.005451508,5.775818,6.0,1
2554,1101,220111.08255802124,2824915.5584026244,332.9144,15.582743,125.522835,-0.0005103641,4.6781697,6.0,1
2554,1102,220141.08255802124,2824915.5584026244,329.23212,16.947374,118.832375,0.0011537425,4.5895376,6.0,1
2554,1103,220171.08255802124,2824915.5584026244,323.8349,16.644497,108.703064,0.003068678,4.608647,6.0,1
2554,1104,220201.08255802124,2824915.5584026244,322.90674,14.963702,74.911156,0.0039506275,4.720692,6.0,1
2554,1105,220231.08255802124,2824915.5584026244,327.90594,15.046371,52.691505,0.0031278227,4.7149224,6.0,1
2554,1106,220261.08255802124,2824915.5584026244,332.15994,15.544241,47.94301,0.0015505813,4.6807694,6.0,1
2554,1107,220291.08255802124,2824915.5584026244,338.57037,17.31335,52.564705,0.00010885461,4.566844,6.0,1
2554,1108,220321.08255802124,2824915.5584026244,343.61865,15.859288,68.21605,-0.0003968813,4.6596637,6.0,1
2554,1109,220351.08255802124,2824915.5584026244,344.1862,12.661952,77.01443,0.00030622707,4.8943553,6.0,1
2554,7015,397531.08255802124,2824915.5584026244,1640.1248,5.6868315,271.327,-0.0007432047,5.7079797,6.0,1
2554,7016,397561.08255802124,2824915.5584026244,1640.2448,5.509026,271.15613,-0.0011247083,5.7399483,6.0,1
2554,7017,397591.08255802124,2824915.5584026244,1640.9646,4.5636773,274.50412,-0.0016647,5.9291778,6.0,1
2554,7018,397621.08255802124,2824915.5584026244,1641.1196,3.4513643,240.60233,-0.0019127401,6.2094445,6.0,1
2555,1052,218641.08255802124,2824885.5584026244,289.70392,17.185858,311.6564,-0.0041784924,4.574702,6.0,1
2555,1053,218671.08255802124,2824885.5584026244,295.99698,18.88433,306.66745,-0.004500639,4.473934,6.0,1
2555,1054,218701.08255802124,2824885.5584026244,302.62946,19.38401,299.73663,-0.0047275457,4.4457707,6.0,1
2555,1055,218731.08255802124,2824885.5584026244,306.15582,18.161592,300.3432,-0.0051485016,4.5158153,6.0,1
2555,1056,218761.08255802124,2824885.5584026244,311.9604,14.333016,307.1195,-0.006081492,4.765689,6.0,1
2555,1057,218791.08255802124,2824885.5584026244,315.52664,6.908115,294.1871,-0.0065189614,5.5118656,6.0,1
2555,1058,218821.08255802124,2824885.5584026244,314.8577,4.0513687,220.29298,-0.005554106,6.048701,6.0,1
2555,1059,218851.08255802124,2824885.5584026244,312.0988,2.5639021,169.15637,-0.0043266295,6.5072265,6.0,1
2555,1060,218881.08255802124,2824885.5584026244,312.18423,4.2540984,75.64014,-0.0043465677,5.9997015,6.0,1
2555,1061,218911.08255802124,2824885.5584026244,313.6745,6.0790796,93.01493,-0.0048876023,5.6408086,6.0,1
2555,1101,220111.08255802124,2824885.5584026244,325.14032,18.482225,123.34542,0.0010396832,4.497062,6.0,1
2555,1102,220141.08255802124,2824885.5584026244,320.12735,17.515745,120.202965,0.0033203294,4.5544744,6.0,1
2555,1103,220171.08255802124,2824885.5584026244,314.43295,14.67419,107.24059,0.005423321,4.7411284,6.0,1
2555,1104,220201.08255802124,2824885.5584026244,315.1548,13.6221285,62.674244,0.0056491597,4.8186345,6.0,1
2555,1105,220231.08255802124,2824885.5584026244,321.51892,15.09064,41.957657,0.0037899353,4.7118444,6.0,1
2555,1106,220261.08255802124,2824885.5584026244,327.95453,13.377303,44.496643,0.0019555325,4.8374596,6.0,1
2555,1107,220291.08255802124,2824885.5584026244,331.58722,13.274376,50.91117,0.0012782796,4.845469,6.0,1
2555,1108,220321.08255802124,2824885.5584026244,335.94135,12.711621,56.14809,0.0011779701,4.8903093,6.0,1
2555,1109,220351.08255802124,2824885.5584026244,339.9613,10.650523,54.276962,0.0011168587,5.0722036,6.0,1
2555,7014,397501.08255802124,2824885.5584026244,1643.1915,5.519939,273.7117,-0.001981981,5.737957,6.0,1
2555,7015,397531.08255802124,2824885.5584026244,1643.7401,5.803167,267.9901,-0.0022805787,5.687593,6.0,1
2555,7016,397561.08255802124,2824885.5584026244,1643.1855,4.430636,252.85823,-0.0025128513,5.958885,6.0,1
2555,7017,397591.08255802124,2824885.5584026244,1642.6407,2.4266229,228.07756,-0.0024672106,6.5623255,6.0,1
2555,7018,397621.08255802124,2824885.5584026244,1641.5333,3.5936031,172.10652,-0.0020828925,6.1689563,6.0,1
2555,7019,397651.08255802124,2824885.5584026244,1639.0685,2.9205637,155.06088,-0.0019719442,6.376781,6.0,1
2555,7020,397681.08255802124,2824885.5584026244,1638.3317,2.2445116,181.74832,-0.0025928412,6.6404247,6.0,1
2556,1053,218671.08255802124,2824855.5584026244,301.3916,13.077059,349.9917,-0.0060196775,4.8609867,6.0,1
2556,1054,218701.08255802124,2824855.5584026244,308.15936,10.509606,347.4585,-0.0070554526,5.0858307,6.0,1
2556,1055,218731.08255802124,2824855.5584026244,312.75208,7.182642,347.76892,-0.0076156277,5.4724994,6.0,1
2556,1056,218761.08255802124,2824855.5584026244,315.44897,4.000379,21.488127,-0.007643111,6.0614085,6.0,1
2556,1057,218791.08255802124,2824855.5584026244,315.62662,5.311296,102.23009,-0.006920887,5.776718,6.0,1
2556,1058,218821.08255802124,2824855.5584026244,313.58044,9.484649,124.896095,-0.0052635446,5.1905565,6.0,1
2556,1059,218851.08255802124,2824855.5584026244,309.73364,11.5302725,118.82401,-0.003323466,4.99082,6.0,1
2556,1060,218881.08255802124,2824855.5584026244,307.30704,13.387437,101.06197,-0.0021621874,4.8366737,6.0,1
2556,1061,218911.08255802124,2824855.5584026244,306.40472,14.90333,91.76868,-0.0019702744,4.724924,6.0,1
2556,1101,220111.08255802124,2824855.5584026244,316.28754,17.582981,117.840935,0.003186069,4.550392,6.0,1
2556,1102,220141.08255802124,2824855.5584026244,312.3933,12.721452,118.22001,0.004933879,4.88951,6.0,1
2556,1103,220171.08255802124,2824855.5584026244,308.67752,6.858492,102.278175,0.006349954,5.5191445,6.0,1
2556,1104,220201.08255802124,2824855.5584026244,310.03683,8.925981,27.248505,0.005981971,5.252322,6.0,1
2556,1105,220231.08255802124,2824855.5584026244,317.13293,12.117251,21.790363,0.0038952467,4.939728,6.0,1
2556,1106,220261.08255802124,2824855.5584026244,323.3087,10.708366,35.939278,0.0021913992,5.06666,6.0,1
2556,1107,220291.08255802124,2824855.5584026244,327.04346,10.417998,42.847313,0.0017769197,5.0947833,6.0,1
2556,1108,220321.08255802124,2824855.5584026244,331.5768,10.443416,47.490444,0.0018115152,5.092292,6.0,1
2556,1109,220351.08255802124,2824855.5584026244,334.83667,11.261977,46.991936,0.0015026433,5.0149965,6.0,1
2556,1110,220381.08255802124,2824855.5584026244,340.17786,11.396896,43.871197,0.0008248477,5.0027714,6.0,1
2556,7013,397471.08255802124,2824855.5584026244,1644.7773,2.5853736,354.11267,-0.0025769724,6.498875,6.0,1
2556,7014,397501.08255802124,2824855.5584026244,1646.0293,2.2011683,319.92874,-0.003798794,6.659944,6.0,1
2556,7015,397531.08255802124,2824855.5584026244,1646.9503,1.8776761,227.05713,-0.0044010077,6.8190312,6.0,1
2556,7016,397561.08255802124,2824855.5584026244,1644.7852,3.7693934,171.63193,-0.0040377807,6.121066,6.0,1
2556,7017,397591.08255802124,2824855.5584026244,1642.8282,4.2435493,145.37155,-0.0030725098,6.0021935,6.0,1
2556,7018,397621.08255802124,2824855.5584026244,1640.4194,5.7139006,146.18875,-0.002195367,5.7032,6.0,1
2556,7019,397651.08255802124,2824855.5584026244,1636.7372,2.356719,117.54424,-0.0027734714,6.59159,6.0,1
2556,7020,397681.08255802124,2824855.5584026244,1638.7218,1.0028174,298.07593,-0.0050448948,7.446509,6.0,1
2556,7021,397711.08255802124,2824855.5584026244,1637.298,12.411288,182.234,-0.006086968,4.9150033,6.0,1
2557,1053,218671.08255802124,2824825.5584026244,298.49194,15.247356,39.696228,-0.0041683875,4.7010145,6.0,1
2557,1054,218701.08255802124,2824825.5584026244,304.7575,14.831506,47.532097,-0.005510398,4.7299786,6.0,1
2557,1055,218731.08255802124,2824825.5584026244,309.07278,13.09762,65.98798,-0.0063759275,4.8593593,6.0,1
2557,1056,218761.08255802124,2824825.5584026244,310.406,13.657158,87.39611,-0.006144621,4.8159666,6.0,1
2557,1057,218791.08255802124,2824825.5584026244,309.5703,15.442128,102.1635,-0.0050224983,4.687693,6.0,1
2557,1058,218821.08255802124,2824825.5584026244,306.51926,16.667515,111.800255,-0.0033410136,4.607184,6.0,1
2557,1059,218851.08255802124,2824825.5584026244,301.84552,16.246395,113.12567,-0.0014290365,4.6342382,6.0,1
2557,1060,218881.08255802124,2824825.5584026244,298.13458,15.182992,106.42496,0.0001864878,4.70545,6.0,1
2557,1061,218911.08255802124,2824825.5584026244,295.9679,14.456501,91.554375,0.000888994,4.7567387,6.0,1
2557,1101,220111.08255802124,2824825.5584026244,308.0517,11.903013,109.07302,0.0052135894,4.9581,6.0,1
2557,1102,220141.08255802124,2824825.5584026244,307.83813,4.8509593,82.9495,0.005393897,5.8678546,6.0,1
2557,1103,220171.08255802124,2824825.5584026244,308.35925,4.6626244,326.43878,0.0050374265,5.907635,6.0,1
2557,1104,220201.08255802124,2824825.5584026244,311.3849,9.819314,325.98004,0.0040672556,5.1552153,6.0,1
2557,1105,220231.08255802124,2824825.5584026244,317.87396,8.47098,340.57135,0.0028676945,5.3054547,6.0,1
2557,1106,220261.08255802124,2824825.5584026244,319.88687,6.56855,8.662331,0.002254088,5.562737,6.0,1
2557,1107,220291.08255802124,2824825.5584026244,324.72992,7.627307,24.483746,0.0022152625,5.411758,6.0,1
2557,1108,220321.08255802124,2824825.5584026244,327.71573,7.4178915,36.566677,0.002405582,5.4399204,6.0,1
2557,1109,220351.08255802124,2824825.5584026244,330.66043,9.082091,36.57379,0.0023841942,5.234695,6.0,1
2557,1110,220381.08255802124,2824825.5584026244,335.46655,10.327761,35.170544,0.0018630729,5.1036754,6.0,1
2557,7013,397471.08255802124,2824825.5584026244,1643.2406,5.48266,63.82274,-0.0035039263,5.7447753,6.0,1
2557,7014,397501.08255802124,2824825.5584026244,1645.3036,6.388142,74.18217,-0.005021634,5.590825,6.0,1
2557,7015,397531.08255802124,2824825.5584026244,1645.9379,8.896269,112.82939,-0.005396457,5.2557106,6.0,1
2557,7016,397561.08255802124,2824825.5584026244,1642.4376,11.371974,117.84512,-0.0043711346,5.005019,6.0,1
2557,7017,397591.08255802124,2824825.5584026244,1639.6377,9.935573,107.86927,-0.003199022,5.1432085,6.0,1
2557,7018,397621.08255802124,2824825.5584026244,1638.168,8.083589,116.79216,-0.0028835721,5.3529224,6.0,1
2557,7019,397651.08255802124,2824825.5584026244,1635.4395,4.9311028,72.91038,-0.0048576863,5.8513885,6.0,1
2557,7020,397681.08255802124,2824825.5584026244,1640.1973,3.9971874,51.13672,-0.008809407,6.062209,6.0,1
2557,7021,397711.08255802124,2824825.5584026244,1639.484,18.105366,161.7291,-0.009845954,4.519133,6.0,1
2558,1054,218701.08255802124,2824795.5584026244,296.4973,17.014263,58.538166,-0.0019927723,4.585358,6.0,1
2558,1055,218731.08255802124,2824795.5584026244,300.4875,16.847284,78.38851,-0.0029809568,4.595819,6.0,1
2558,1056,218761.08255802124,2824795.5584026244,300.63327,18.35044,93.44145,-0.002785585,4.504736,6.0,1
2558,1057,218791.08255802124,2824795.5584026244,299.2672,18.981033,100.35379,-0.0019252604,4.468435,6.0,1
2558,1058,218821.08255802124,2824795.5584026244,296.3064,17.677494,105.370125,-0.0009760708,4.5446773,6.0,1
2558,1059,218851.08255802124,2824795.5584026244,293.92477,15.396284,108.108925,3.5239384e-05,4.690815,6.0,1
2558,1060,218881.08255802124,2824795.5584026244,291.88135,13.37347,105.837746,0.0011306084,4.8377566,6.0,1
2558,1101,220111.08255802124,2824795.5584026244,303.66223,6.2520013,84.80931,0.0065254127,5.6125426,6.0,1
2558,1102,220141.08255802124,2824795.5584026244,306.35895,8.52079,2.3023257,0.0050338493,5.2995048,6.0,1
2558,1103,220171.08255802124,2824795.5584026244,313.15723,11.962454,327.33527,0.0024836392,4.9529715,6.0,1
2558,1104,220201.08255802124,2824795.5584026244,317.93283,11.305319,308.99997,0.00090638903,5.011054,6.0,1
2558,1105,220231.08255802124,2824795.5584026244,320.1013,7.37038,300.90063,0.0010284339,5.446418,6.0,1
2558,1106,220261.08255802124,2824795.5584026244,321.3656,4.888682,319.73462,0.0019441053,5.8600707,6.0,1
2558,1107,220291.08255802124,2824795.5584026244,323.79907,5.333817,350.67642,0.0026428564,5.772463,6.0,1
2558,1108,220321.08255802124,2824795.5584026244,326.68903,5.2633653,3.1985314,0.0030884552,5.7858353,6.0,1
2558,1109,220351.08255802124,2824795.5584026244,329.24112,7.136799,1.4891742,0.0031863572,5.4789696,6.0,1
2558,7012,397441.08255802124,2824795.5584026244,1639.963,10.567498,115.59242,-0.003198107,5.080211,6.0,1
2558,7013,397471.08255802124,2824795.5584026244,1638.5316,12.84362,88.533745,-0.0038497585,4.879628,6.0,1
2558,7014,397501.08255802124,2824795.5584026244,1640.5569,15.602708,91.1958,-0.0048888144,4.676824,6.0,1
2558,7015,397531.08255802124,2824795.5584026244,1638.2883,18.6755,107.83195,-0.0046102568,4.4858923,6.0,1
2558,7016,397561.08255802124,2824795.5584026244,1632.9574,18.432518,104.80919,-0.0034730362,4.4999514,6.0,1
2558,7017,397591.08255802124,2824795.5584026244,1632.4645,15.650596,91.876656,-0.0032303873,4.673602,6.0,1
2558,7018,397621.08255802124,2824795.5584026244,1632.9625,14.091846,98.464195,-0.004104479,4.783375,6.0,1
2558,7019,397651.08255802124,2824795.5584026244,1631.5872,15.404443,86.70849,-0.006681383,4.6902585,6.0,1
2558,7020,397681.08255802124,2824795.5584026244,1636.6865,18.75696,87.06854,-0.010616659,4.4812145,6.0,1
2558,7021,397711.08255802124,2824795.5584026244,1633.4602,28.27297,134.4682,-0.011051534,4.0213985,6.0,1
2559,1055,218731.08255802124,2824765.5584026244,291.4299,12.755637,84.916954,-0.0002946218,4.8867364,6.0,1
2559,1056,218761.08255802124,2824765.5584026244,289.98383,14.509964,99.60445,-0.00014045718,4.752885,6.0,1
2559,1057,218791.08255802124,2824765.5584026244,288.59424,15.177386,101.92432,0.0002912649,4.7058372,6.0,1
2559,1058,218821.08255802124,2824765.5584026244,287.688,14.945,101.88601,0.0005046422,4.722001,6.0,1
2559,1059,218851.08255802124,2824765.5584026244,286.72998,14.676718,103.83571,0.00079438125,4.7409487,6.0,1
2559,1102,220141.08255802124,2824765.5584026244,306.65567,15.431062,343.8953,0.003986494,4.6884456,6.0,1
2559,1103,220171.08255802124,2824765.5584026244,316.98105,16.384674,329.86426,-8.4135216e-05,4.6252866,6.0,1
2559,1104,220201.08255802124,2824765.5584026244,322.76822,11.20631,303.32175,-0.0019302963,5.0200806,6.0,1
2559,1105,220231.08255802124,2824765.5584026244,323.77292,8.116639,276.1504,-0.00078436965,5.3487873,6.0,1
2559,1106,220261.08255802124,2824765.5584026244,323.34357,6.2057023,283.17386,0.0013382805,5.6200347,6.0,1
2559,1107,220291.08255802124,2824765.5584026244,325.1851,5.7042627,309.5501,0.0027770062,5.704899,6.0,1
2559,1108,220321.08255802124,2824765.5584026244,326.97885,6.9598665,322.72885,0.0033175743,5.5043287,6.0,1
2559,1109,220351.08255802124,2824765.5584026244,330.4454,10.001395,326.08755,0.0029858993,5.1364703,6.0,1
2559,7012,397441.08255802124,2824765.5584026244,1632.2344,20.4172,113.39275,-0.0028274537,4.389418,6.0,1
2559,7013,397471.08255802124,2824765.5584026244,1628.8531,21.249226,94.79265,-0.0030526055,4.345725,6.0,1
2559,7014,397501.08255802124,2824765.5584026244,1629.341,22.569193,96.14818,-0.0038274806,4.2791595,6.0,1
2559,7015,397531.08255802124,2824765.5584026244,1625.2438,23.040865,104.437126,-0.0034750707,4.2561183,6.0,1
2559,7016,397561.08255802124,2824765.5584026244,1622.5645,21.102922,97.95765,-0.0030103554,4.353306,6.0,1
2559,7017,397591.08255802124,2824765.5584026244,1622.7465,20.103138,87.19486,-0.0039292066,4.4062915,6.0,1
2559,7018,397621.08255802124,2824765.5584026244,1624.622,21.375364,97.983604,-0.0052822195,4.3392234,6.0,1
2559,7019,397651.08255802124,2824765.5584026244,1619.8314,26.20722,100.52152,-0.006593594,4.110032,6.0,1
2559,7020,397681.08255802124,2824765.5584026244,1618.9414,31.574877,96.34275,-0.008484395,3.8879814,6.0,1
2559,7021,397711.08255802124,2824765.5584026244,1616.2089,35.868767,119.4184,-0.008468933,3.7254758,6.0,1
2560,1102,220141.08255802124,2824735.5584026244,311.38824,20.096039,329.8341,0.0016812898,4.4066753,6.0,1
2560,1103,220171.08255802124,2824735.5584026244,323.0141,17.601164,326.61856,-0.0023065184,4.5492907,6.0,1
2560,1104,220201.08255802124,2824735.5584026244,328.61752,10.080304,301.5677,-0.0036233095,5.128448,6.0,1
2560,1105,220231.08255802124,2824735.5584026244,328.60672,7.9967175,268.47626,-0.0019389936,5.3638706,6.0,1
2560,1106,220261.08255802124,2824735.5584026244,327.7012,8.202354,274.43787,0.0005282168,5.338139,6.0,1
2560,1107,220291.08255802124,2824735.5584026244,328.03217,9.443489,291.09106,0.0020538666,5.194986,6.0,1
2560,1108,220321.08255802124,2824735.5584026244,330.37222,11.676123,303.6759,0.0022895136,4.9778996,6.0,1
2560,7013,397471.08255802124,2824735.5584026244,1615.4633,26.562157,95.61243,-0.0015073651,4.094471,6.0,1
2560,7014,397501.08255802124,2824735.5584026244,1615.5256,26.322374,95.64076,-0.002956238,4.104967,6.0,1
2560,7015,397531.08255802124,2824735.5584026244,1612.242,25.404545,99.32012,-0.0034488256,4.1457806,6.0,1
2560,7016,397561.08255802124,2824735.5584026244,1611.2288,25.186817,96.30555,-0.0036680778,4.155617,6.0,1
2560,7017,397591.08255802124,2824735.5584026244,1610.2377,26.677982,90.2564,-0.004777628,4.089424,6.0,1
2560,7018,397621.08255802124,2824735.5584026244,1611.4076,28.548693,99.55248,-0.0057691443,4.0098996,6.0,1
2560,7019,397651.08255802124,2824735.5584026244,1603.8983,31.35823,108.37537,-0.0056436495,3.896474,6.0,1
2560,7020,397681.08255802124,2824735.5584026244,1597.4731,33.880634,104.23391,-0.005526225,3.7994661,6.0,1
2560,7021,397711.08255802124,2824735.5584026244,1592.9747,36.821316,114.31792,-0.0051297685,3.6906464,6.0,1
2561,1105,220231.08255802124,2824705.5584026244,331.77448,3.879785,283.43387,-0.0018450927,6.0921144,6.0,1
2561,1106,220261.08255802124,2824705.5584026244,332.08664,7.3406982,292.05603,-0.00022874624,5.4504976,6.0,1
2561,7013,397471.08255802124,2824705.5584026244,1599.911,30.155834,98.70995,3.055134e-05,3.9442322,6.0,1
2561,7014,397501.08255802124,2824705.5584026244,1598.209,31.814323,94.48493,-0.001984829,3.8786328,6.0,1
2561,7015,397531.08255802124,2824705.5584026244,1598.2927,31.564274,94.42615,-0.0034847348,3.8883963,6.0,1
2561,7016,397561.08255802124,2824705.5584026244,1595.1195,31.854588,97.69263,-0.004123569,3.8770645,6.0,1
2561,7017,397591.08255802124,2824705.5584026244,1592.4022,33.233128,93.82797,-0.0047175763,3.8240001,6.0,1
2561,7018,397621.08255802124,2824705.5584026244,1592.1647,34.102646,98.40279,-0.0053948634,3.7911067,6.0,1
2561,7019,397651.08255802124,2824705.5584026244,1586.3271,33.977745,107.1951,-0.005464105,3.7958064,6.0,1
2561,7020,397681.08255802124,2824705.5584026244,1579.608,33.371777,108.65995,-0.005142009,3.818727,6.0,1
2561,7021,397711.08255802124,2824705.5584026244,1572.1718,36.103035,116.33947,-0.0038430784,3.7168763,6.0,1
2562,7014,397501.08255802124,2824675.5584026244,1575.6688,37.211582,97.48089,0.00041744707,3.6764767,6.0,1
2562,7015,397531.08255802124,2824675.5584026244,1576.9003,38.129578,91.66477,-0.0015936275,3.6433527,6.0,1
2562,7016,397561.08255802124,2824675.5584026244,1574.7659,37.440872,96.53429,-0.0031318828,3.6681771,6.0,1
2562,7017,397591.08255802124,2824675.5584026244,1570.7241,37.184734,95.46376,-0.0038165622,3.6774497,6.0,1
2562,7018,397621.08255802124,2824675.5584026244,1569.9985,37.727726,97.33119,-0.004513109,3.6578188,6.0,1
2562,7019,397651.08255802124,2824675.5584026244,1565.4661,38.144096,102.67378,-0.0052829324,3.6428313,6.0,1
2562,7020,397681.08255802124,2824675.5584026244,1561.2297,38.362614,105.67079,-0.0052409535,3.6349869,6.0,1
2563,1097,219991.08255802124,2824645.5584026244,288.87988,4.603729,75.395065,0.005516849,5.9204025,6.0,1
2563,1098,220021.08255802124,2824645.5584026244,290.71396,9.655089,333.9883,0.0056963516,5.1724105,6.0,1
2563,1099,220051.08255802124,2824645.5584026244,298.99628,17.377434,329.42746,0.003334325,4.562914,6.0,1
2563,1100,220081.08255802124,2824645.5584026244,308.7856,17.732082,337.53015,-1.2495235e-05,4.541389,6.0,1
2563,1101,220111.08255802124,2824645.5584026244,317.52618,14.439267,345.70853,-0.0022252742,4.757983,6.0,1
2563,1102,220141.08255802124,2824645.5584026244,324.3298,10.377467,346.48862,-0.0025237272,5.098768,6.0,1
2563,7015,397531.08255802124,2824645.5584026244,1549.8636,39.57696,92.2616,0.0016863002,3.5916378,6.0,1
2563,7016,397561.08255802124,2824645.5584026244,1550.6522,40.16309,94.665375,-0.00094652,3.5708454,6.0,1
2563,7017,397591.08255802124,2824645.5584026244,1547.1943,40.11368,95.61678,-0.0024283514,3.5725951,6.0,1
2563,7018,397621.08255802124,2824645.5584026244,1545.8058,41.040283,98.1813,-0.0030764097,3.5398598,6.0,1
2563,7019,397651.08255802124,2824645.5584026244,1540.092,43.28794,102.50546,-0.003064813,3.4609952,6.0,1
2564,1096,219961.08255802124,2824615.5584026244,286.5196,4.7662935,24.33635,0.0046468265,5.885545,6.0,1
2564,1097,219991.08255802124,2824615.5584026244,289.67255,11.311406,327.34,0.004020784,5.0105014,6.0,1
2564,1098,220021.08255802124,2824615.5584026244,297.8743,17.274406,321.44742,0.0020879535,4.569239,6.0,1
2564,1099,220051.08255802124,2824615.5584026244,307.25546,15.569666,325.2175,-4.876891e-05,4.6790524,6.0,1
2564,1100,220081.08255802124,2824615.5584026244,312.93164,12.984862,340.45554,-0.0012545607,4.868312,6.0,1
2564,1101,220111.08255802124,2824615.5584026244,318.95203,13.337231,349.91663,-0.0018687947,4.840571,6.0,1
2564,1102,220141.08255802124,2824615.5584026244,325.5232,10.886546,344.00397,-0.0020046742,5.04976,6.0,1
2564,1103,220171.08255802124,2824615.5584026244,329.12457,7.6565146,327.96545,-0.0013277945,5.40789,6.0,1
2565,1095,219931.08255802124,2824585.5584026244,282.42642,6.195682,27.767347,0.0055192225,5.6216636,6.0,1
2565,1096,219961.08255802124,2824585.5584026244,287.84555,11.385567,351.02383,0.0039352337,5.003793,6.0,1
2565,1097,219991.08255802124,2824585.5584026244,295.8484,16.052313,337.596,0.0012289769,4.6469173,6.0,1
2565,1098,220021.08255802124,2824585.5584026244,305.51868,13.365189,336.24948,-0.00093119306,4.8383994,6.0,1
2565,1099,220051.08255802124,2824585.5584026244,308.93274,7.7106395,355.3698,-0.0009897784,5.4007607,6.0,1
2565,1100,220081.08255802124,2824585.5584026244,312.2561,10.084766,15.291505,-1.7869635e-05,5.1279964,6.0,1
2565,1101,220111.08255802124,2824585.5584026244,319.16263,14.173587,9.407858,-0.00019342195,4.7773495,6.0,1
2565,1102,220141.08255802124,2824585.5584026244,327.54825,12.911145,358.19858,-0.001371138,4.8742037,6.0,1
2565,1103,220171.08255802124,2824585.5584026244,332.68066,8.970991,336.22382,-0.002008896,5.2472095,6.0,1
2566,1095,219931.08255802124,2824555.5584026244,281.53735,8.783681,1.7728592,0.0055273436,5.2686515,6.0,1
2566,1096,219961.08255802124,2824555.5584026244,287.97818,15.396419,350.70728,0.0030138227,4.690806,6.0,1
2566,1097,219991.08255802124,2824555.5584026244,298.47977,15.578771,350.1386,4.54376e-05,4.6784377,6.0,1
2566,1098,220021.08255802124,2824555.5584026244,305.12094,8.683074,357.91974,-0.00083245174,5.2803516,6.0,1
2566,1099,220051.08255802124,2824555.5584026244,306.92084,4.9097304,19.335873,0.0008991578,5.8557534,6.0,1
2566,1100,220081.08255802124,2824555.5584026244,308.97736,9.272995,13.114652,0.0026828172,5.213533,6.0,1
2566,1101,220111.08255802124,2824555.5584026244,315.938,15.0655575,8.086474,0.002128169,4.7135878,6.0,1
2566,1102,220141.08255802124,2824555.5584026244,325.5979,15.48807,4.531371,-0.00021776836,4.684573,6.0,1
2566,1103,220171.08255802124,2824555.5584026244,333.71866,11.036299,354.56476,-0.002382126,5.035759,6.0,1
2566,1104,220201.08255802124,2824555.5584026244,338.3056,7.676878,333.95956,-0.0034677545,5.405202,6.0,1
2567,1095,219931.08255802124,2824525.5584026244,282.19406,13.120375,347.94095,0.0052050613,4.8575616,6.0,1
2567,1096,219961.08255802124,2824525.5584026244,291.16666,17.2542,341.9138,0.0023992753,4.570483,6.0,1
2567,1097,219991.08255802124,2824525.5584026244,300.11078,14.64441,340.3241,0.00029998762,4.7432513,6.0,1
2567,1098,220021.08255802124,2824525.5584026244,305.13272,8.556095,328.8866,0.000506719,5.295308,6.0,1
2567,1099,220051.08255802124,2824525.5584026244,306.77274,7.373246,312.8504,0.002433955,5.446025,6.0,1
2567,1100,220081.08255802124,2824525.5584026244,310.1359,10.750332,325.4263,0.003784595,5.0626554,6.0,1
2567,1101,220111.08255802124,2824525.5584026244,316.67188,14.600936,340.84918,0.0029931301,4.746358,6.0,1
2567,1102,220141.08255802124,2824525.5584026244,325.56253,15.288042,350.99036,0.00052111305,4.698219,6.0,1
2567,1103,220171.08255802124,2824525.5584026244,333.8887,11.777918,357.17618,-0.002183753,4.968972,6.0,1
2567,1104,220201.08255802124,2824525.5584026244,339.1487,7.7625456,0.476205,-0.0041867318,5.393969,6.0,1
2568,1095,219931.08255802124,2824495.5584026244,285.31326,17.88136,343.52744,0.0047420245,4.5324407,6.0,1
2568,1096,219961.08255802124,2824495.5584026244,295.20288,19.383389,334.98245,0.0016275872,4.4458055,6.0,1
2568,1097,219991.08255802124,2824495.5584026244,303.39563,17.185347,323.57925,-0.00011627225,4.5747333,6.0,1
2568,1098,220021.08255802124,2824495.5584026244,309.18027,14.781588,304.52243,-2.7092989e-05,4.7335052,6.0,1
2568,1099,220051.08255802124,2824495.5584026244,312.5448,14.949627,294.37625,0.0010301631,4.7216773,6.0,1
2568,1100,220081.08255802124,2824495.5584026244,316.4387,15.440677,300.7431,0.0016920558,4.687792,6.0,1
2568,1101,220111.08255802124,2824495.5584026244,321.249,14.827313,315.236,0.0011943141,4.7302747,6.0,1
2568,1102,220141.08255802124,2824495.5584026244,328.02444,12.765629,333.00385,-0.0002975635,4.8859267,6.0,1
2568,1103,220171.08255802124,2824495.5584026244,333.828,8.982604,354.0954,-0.0021629077,5.2458944,6.0,1
2568,1104,220201.08255802124,2824495.5584026244,338.1257,6.9434934,22.981941,-0.0039637843,5.506707,6.0,1
2569,1095,219931.08255802124,2824465.5584026244,288.54697,22.270344,337.47446,0.0039549423,4.293954,6.0,1
2569,1096,219961.08255802124,2824465.5584026244,300.40884,23.12052,329.41782,0.00019118417,4.2522635,6.0,1
2569,1097,219991.08255802124,2824465.5584026244,310.98245,20.951307,316.8753,-0.0021934086,4.361207,6.0,1
2569,1098,220021.08255802124,2824465.5584026244,318.21542,17.979435,301.25992,-0.0028793083,4.5265965,6.0,1
2569,1099,220051.08255802124,2824465.5584026244,321.91208,16.398817,292.35162,-0.002581329,4.624375,6.0,1
2569,1100,220081.08255802124,2824465.5584026244,325.14365,15.029641,293.6061,-0.0022060226,4.716088,6.0,1
2569,1101,220111.08255802124,2824465.5584026244,328.4915,12.425609,300.99945,-0.0021552276,4.913813,6.0,1
2569,1102,220141.08255802124,2824465.5584026244,331.65488,8.357697,316.0815,-0.002360738,5.3191137,6.0,1
2569,1103,220171.08255802124,2824465.5584026244,334.56702,3.8966048,357.27573,-0.0027118004,6.087775,6.0,1
2570,1096,219961.08255802124,2824435.5584026244,308.42035,24.79968,328.90433,-0.0020641326,4.173262,6.0,1
2570,1097,219991.08255802124,2824435.5584026244,319.83575,19.439402,321.58524,-0.0049165427,4.4426866,6.0,1
2570,1098,220021.08255802124,2824435.5584026244,325.89984,13.091652,309.36505,-0.0057861833,4.859832,6.0,1
2570,1099,220051.08255802124,2824435.5584026244,329.24377,8.864845,301.31073,-0.00546062,5.2593064,6.0,1
2570,1100,220081.08255802124,2824435.5584026244,331.645,6.130722,307.04816,-0.004970254,5.632285,6.0,1
2570,1101,220111.08255802124,2824435.5584026244,333.1859,4.1987085,322.4074,-0.0046540666,6.012855,6.0,1
2570,1102,220141.08255802124,2824435.5584026244,334.27148,1.3564053,16.360056,-0.004120085,7.1443996,6.0,1
2570,1103,220171.08255802124,2824435.5584026244,333.8539,4.449462,102.48891,-0.0032199773,5.954628,6.0,1
2571,1097,219991.08255802124,2824405.5584026244,324.4551,12.96939,334.43942,-0.0065308884,4.869546,6.0,1
2571,1098,220021.08255802124,2824405.5584026244,328.95554,4.6236324,357.58688,-0.0065011512,5.9160695,6.0,1
2571,1099,220051.08255802124,2824405.5584026244,330.10928,4.5777783,75.25859,-0.0054779896,5.9260798,6.0,1
2571,1100,220081.08255802124,2824405.5584026244,329.98972,7.5189347,78.69534,-0.0047724233,5.426236,6.0,1
2571,1101,220111.08255802124,2824405.5584026244,331.17694,8.810002,77.188866,-0.00466696,5.2656116,6.0,1
2571,1102,220141.08255802124,2824405.5584026244,332.18628,9.643975,97.52884,-0.004167065,5.1735845,6.0,1
2572,1099,220051.08255802124,2824375.5584026244,324.1109,11.621436,100.88707,-0.0033430734,4.982726,6.0,1
2572,1100,220081.08255802124,2824375.5584026244,323.15152,13.31396,90.38446,-0.0025906034,4.842382,6.0,1
2574,1111,220411.08255802124,2824315.5584026244,318.16983,19.175264,69.512054,0.0004337143,4.4574604,6.0,1
2574,1112,220441.08255802124,2824315.5584026244,321.73196,19.438475,83.31322,0.00050793996,4.442738,6.0,1
2574,1113,220471.08255802124,2824315.5584026244,319.75607,18.695301,103.57847,0.0022697784,4.484754,6.0,1
2574,1114,220501.08255802124,2824315.5584026244,316.2108,13.503797,103.71854,0.0044949595,4.827694,6.0,1
2575,1110,220381.08255802124,2824285.5584026244,307.22964,12.981718,65.15468,0.0030250126,4.8685627,6.0,1
2575,1111,220411.08255802124,2824285.5584026244,310.26376,12.137223,57.210636,0.0028280555,4.9380307,6.0,1
2575,1112,220441.08255802124,2824285.5584026244,313.02167,9.1375,72.16175,0.0031823646,5.228509,6.0,1
2575,1113,220471.08255802124,2824285.5584026244,312.58072,5.8093934,97.763115,0.0046041105,5.686513,6.0,1
2575,1114,220501.08255802124,2824285.5584026244,312.6267,3.0547614,32.87718,0.005593779,6.3317747,6.0,1
2575,1115,220531.08255802124,2824285.5584026244,316.54797,5.9627123,348.35422,0.0051395586,5.6602798,6.0,1
2575,1116,220561.08255802124,2824285.5584026244,319.91754,5.4818144,340.20947,0.004374237,5.7449303,6.0,1
2576,1109,220351.08255802124,2824255.5584026244,298.84555,10.191691,60.849987,0.004518755,5.117226,6.0,1
2576,1110,220381.08255802124,2824255.5584026244,302.40482,10.124428,33.97646,0.004046775,5.1239886,6.0,1
2576,1111,220411.08255802124,2824255.5584026244,307.6176,9.197468,12.64738,0.0031250254,5.2218547,6.0,1
2576,1112,220441.08255802124,2824255.5584026244,311.9012,5.468039,346.57352,0.003026971,5.747462,6.0,1
2576,1113,220471.08255802124,2824255.5584026244,313.22272,5.5930953,303.54477,0.0039222375,5.724708,6.0,1
2576,1114,220501.08255802124,2824255.5584026244,314.91397,8.964887,306.5411,0.0045582578,5.2479014,6.0,1
2576,1115,220531.08255802124,2824255.5584026244,318.98758,9.647686,309.38885,0.0045084977,5.173192,6.0,1
2576,1116,220561.08255802124,2824255.5584026244,321.55118,8.697433,305.62286,0.0045816125,5.278674,6.0,1
2576,1117,220591.08255802124,2824255.5584026244,323.8271,10.120157,312.62256,0.0046360865,5.124419,6.0,1
2577,1108,220321.08255802124,2824225.5584026244,292.49573,6.101835,56.13225,0.0047392445,5.637044,6.0,1
2577,1109,220351.08255802124,2824225.5584026244,295.45486,8.288428,8.5895605,0.0047133043,5.327554,6.0,1
2577,1110,220381.08255802124,2824225.5584026244,301.06592,11.336428,351.98776,0.0035233987,5.0082335,6.0,1
2577,1111,220411.08255802124,2824225.5584026244,308.50278,11.463596,345.12653,0.0022751198,4.996778,6.0,1
2577,1112,220441.08255802124,2824225.5584026244,314.19882,9.788189,329.41348,0.0018741187,5.158453,6.0,1
2577,1113,220471.08255802124,2824225.5584026244,317.32196,12.227995,309.4426,0.0020680237,4.9303503,6.0,1
2577,1114,220501.08255802124,2824225.5584026244,321.55576,15.685037,298.63696,0.0023005593,4.6712904,6.0,1
2577,1115,220531.08255802124,2824225.5584026244,324.3677,16.799768,290.86295,0.0026982203,4.5988126,6.0,1
2577,1116,220561.08255802124,2824225.5584026244,326.8804,18.168943,289.51535,0.0032288616,4.515382,6.0,1
2577,1117,220591.08255802124,2824225.5584026244,330.35953,19.737177,291.53934,0.00337844,4.426232,6.0,1
2578,1108,220321.08255802124,2824195.5584026244,292.04767,8.343598,340.34174,0.0038081869,5.320826,6.0,1
2578,1109,220351.08255802124,2824195.5584026244,297.87668,12.716687,330.10638,0.0027818892,4.8898973,6.0,1
2578,1110,220381.08255802124,2824195.5584026244,304.72406,13.374274,329.49472,0.0016911486,4.8376946,6.0,1
2578,1111,220411.08255802124,2824195.5584026244,310.65454,12.402178,332.4175,0.0012857141,4.915761,6.0,1
2578,1112,220441.08255802124,2824195.5584026244,316.00095,13.538192,329.1959,0.0011121709,4.825053,6.0,1
2578,1113,220471.08255802124,2824195.5584026244,323.0544,18.200926,319.3977,0.00022275273,4.5134993,6.0,1
2578,1114,220501.08255802124,2824195.5584026244,331.31818,21.422523,303.326,-0.0009614055,4.3368,6.0,1
2578,1115,220531.08255802124,2824195.5584026244,335.49686,23.812761,289.8113,-0.0013610756,4.2191854,6.0,1
2578,1116,220561.08255802124,2824195.5584026244,339.83685,25.834686,287.09915,-0.0011975772,4.126525,6.0,1
2578,1117,220591.08255802124,2824195.5584026244,344.9855,25.460855,284.7357,-0.0009084405,4.1432467,6.0,1
2579,1108,220321.08255802124,2824165.5584026244,295.88702,12.713468,335.4186,0.0018167198,4.890159,6.0,1
2579,1109,220351.08255802124,2824165.5584026244,303.32956,13.553573,331.68414,0.000278973,4.823874,6.0,1
2579,1110,220381.08255802124,2824165.5584026244,308.918,12.08892,330.7351,-0.00015248614,4.9421396,6.0,1
2579,1111,220411.08255802124,2824165.5584026244,313.8897,13.17373,330.65915,0.0002880349,4.8533573,6.0,1
2579,1112,220441.08255802124,2824165.5584026244,320.00995,17.480171,328.56784,4.55727e-05,4.556639,6.0,1
2579,1113,220471.08255802124,2824165.5584026244,329.90634,21.79974,326.648,-0.0018710494,4.3175726,6.0,1
2579,1114,220501.08255802124,2824165.5584026244,341.93234,21.891642,317.52692,-0.004436637,4.3129287,6.0,1
2579,1115,220531.08255802124,2824165.5584026244,349.7095,20.8789,302.66714,-0.005972307,4.3649964,6.0,1
2579,1116,220561.08255802124,2824165.5584026244,355.46793,20.067663,293.72028,-0.0061125862,4.408211,6.0,1
2579,1117,220591.08255802124,2824165.5584026244,358.9062,18.288832,286.89044,-0.005191057,4.5083394,6.0,1
2580,1108,220321.08255802124,2824135.5584026244,298.31326,12.248682,355.21643,0.0011685689,4.9286075,6.0,1
2580,1109,220351.08255802124,2824135.5584026244,305.5732,11.810335,358.46832,-0.00022431253,4.966144,6.0,1
2580,1110,220381.08255802124,2824135.5584026244,310.50848,11.011552,354.43652,-0.00048712007,5.03806,6.0,1
2580,1111,220411.08255802124,2824135.5584026244,316.51743,14.543471,345.88617,-0.00051478925,4.7504764,6.0,1
2580,1112,220441.08255802124,2824135.5584026244,326.01694,18.584642,340.8621,-0.0015935855,4.4911313,6.0,1
2580,1113,220471.08255802124,2824135.5584026244,336.57388,19.461689,342.47778,-0.0037743545,4.4414477,6.0,1
2580,1114,220501.08255802124,2824135.5584026244,347.03778,17.291025,347.8124,-0.006126378,4.5682163,6.0,1
2580,1115,220531.08255802124,2824135.5584026244,355.6578,12.381851,350.9002,-0.007461565,4.917454,6.0,1
2580,1116,220561.08255802124,2824135.5584026244,360.8605,7.1686325,355.15118,-0.0070687532,5.474472,6.0,1
2580,1117,220591.08255802124,2824135.5584026244,363.04456,5.808361,353.12805,-0.005453152,5.686692,6.0,1
2581,1109,220351.08255802124,2824105.5584026244,302.95813,11.614296,12.847344,0.0017890166,4.983358,6.0,1
2581,1110,220381.08255802124,2824105.5584026244,309.81686,12.505421,11.410337,0.0010953861,4.907204,6.0,1
2581,1111,220411.08255802124,2824105.5584026244,316.99106,16.175165,5.41457,-8.822139e-05,4.6388755,6.0,1
2581,1112,220441.08255802124,2824105.5584026244,328.09103,18.310345,4.306128,-0.0020578513,4.50708,6.0,1
2581,1113,220471.08255802124,2824105.5584026244,337.09888,16.356998,11.380569,-0.0039027743,4.627073,6.0,1
2581,1114,220501.08255802124,2824105.5584026244,344.9998,15.558036,25.328934,-0.0049420926,4.6798377,6.0,1
2581,1115,220531.08255802124,2824105.5584026244,352.15445,14.191424,43.529266,-0.004912923,4.776039,6.0,1
2581,1116,220561.08255802124,2824105.5584026244,355.84338,12.774914,60.609142,-0.0035175493,4.8851748,6.0,1
2582,1110,220381.08255802124,2824075.5584026244,308.08752,11.241763,9.078971,0.0037557813,5.01684,6.0,1
2582,1111,220411.08255802124,2824075.5584026244,314.78506,15.6560955,19.511438,0.0023893993,4.6732326,6.0,1
2582,1112,220441.08255802124,2824075.5584026244,325.33377,18.747456,24.88356,0.0002478281,4.4817595,6.0,1
2582,1113,220471.08255802124,2824075.5584026244,333.70926,16.852894,33.34198,-0.0014873843,4.595466,6.0,1
2582,1114,220501.08255802124,2824075.5584026244,339.5506,15.490552,42.6604,-0.0018071914,4.684405,6.0,1
2582,1115,220531.08255802124,2824075.5584026244,344.91034,14.564284,52.908,-0.0007543522,4.748983,6.0,1
2582,1116,220561.08255802124,2824075.5584026244,348.04312,13.061998,56.270138,0.00122495,4.8621798,6.0,1
2583,1111,220411.08255802124,2824045.5584026244,311.6357,10.266289,1.3439339,0.005206316,5.109776,6.0,1
2583,1112,220441.08255802124,2824045.5584026244,318.39328,15.033123,20.651073,0.0038249716,4.715845,6.0,1
2583,1113,220471.08255802124,2824045.5584026244,327.57455,15.439217,32.072884,0.002177946,4.687891,6.0,1
2583,1114,220501.08255802124,2824045.5584026244,333.78656,13.912246,38.69809,0.0017180971,4.796727,6.0,1
2591,4633,326071.08255802124,2823805.5584026244,1331.0641,13.064716,317.42102,0.0009784952,4.861964,6.0,1
2591,4634,326101.08255802124,2823805.5584026244,1337.7903,11.120673,319.43423,-0.0019544135,5.02795,6.0,1
2591,4635,326131.08255802124,2823805.5584026244,1340.4669,5.4328704,281.18457,-0.003217027,5.7539535,6.0,1
2591,4636,326161.08255802124,2823805.5584026244,1338.3901,7.1126704,218.80403,-0.0013056098,5.4823914,6.0,1
2591,4637,326191.08255802124,2823805.5584026244,1333.5465,8.112066,232.73404,0.0024712118,5.3493586,6.0,1
2592,4632,326041.08255802124,2823775.5584026244,1332.8082,11.74311,309.07556,0.0012445069,4.9720163,6.0,1
2592,4633,326071.08255802124,2823775.5584026244,1336.2809,12.145281,311.45474,-0.00054657017,4.937347,6.0,1
2592,4634,326101.08255802124,2823775.5584026244,1340.9977,8.719843,311.63037,-0.002164442,5.2760606,6.0,1
2592,4635,326131.08255802124,2823775.5584026244,1342.5343,4.1390114,260.52502,-0.0022137114,6.027226,6.0,1
2592,4636,326161.08255802124,2823775.5584026244,1340.7305,6.207692,220.56396,-7.147895e-05,5.6197114,6.0,1
2592,4637,326191.08255802124,2823775.5584026244,1337.8542,7.5613017,268.39297,0.0024836564,5.420552,6.0,1
2592,4638,326221.08255802124,2823775.5584026244,1341.1079,17.154303,314.59225,0.0027015177,4.5766544,6.0,1
2593,678,207421.08255802124,2823745.5584026244,63.113037,11.8252945,123.168045,-0.001103827,4.964842,3.0,1
2593,4631,326011.08255802124,2823745.5584026244,1331.3685,13.148282,328.29257,0.0017544555,4.8553605,6.0,1
2593,4632,326041.08255802124,2823745.5584026244,1337.7198,13.163734,314.06903,-0.00046542712,4.8541436,6.0,1
2593,4633,326071.08255802124,2823745.5584026244,1341.5824,10.853013,302.8018,-0.0017643566,5.0529203,6.0,1
2593,4634,326101.08255802124,2823745.5584026244,1344.4581,6.313669,289.5258,-0.0019283718,5.6026483,6.0,1
2593,4635,326131.08255802124,2823745.5584026244,1344.1266,3.8343577,220.91904,-0.0007367622,6.103928,6.0,1
2593,4636,326161.08255802124,2823745.5584026244,1341.5337,4.0126724,198.06369,0.0014460584,6.05833,6.0,1
2593,4637,326191.08255802124,2823745.5584026244,1340.5757,4.662268,325.26,0.0026957872,5.907712,6.0,1
2593,4638,326221.08255802124,2823745.5584026244,1346.4595,15.753268,342.89218,0.0013939075,4.6667237,6.0,1
2593,4639,326251.08255802124,2823745.5584026244,1357.3256,19.764252,345.8408,-0.0014548746,4.424746,6.0,1
2594,675,207331.08255802124,2823715.5584026244,63.001614,6.854899,35.10066,-0.0012957308,5.5196733,3.0,1
2594,676,207361.08255802124,2823715.5584026244,65.813194,6.832354,92.9728,-0.002465756,5.5229993,3.0,1
2594,677,207391.08255802124,2823715.5584026244,62.40751,10.21393,128.43126,-0.0015671073,5.115,3.0,1
2594,678,207421.08255802124,2823715.5584026244,57.75051,10.71325,131.3887,0.00033497278,5.066193,3.0,1
2594,679,207451.08255802124,2823715.5584026244,54.791504,9.461282,124.57095,0.0016453095,5.193069,3.0,1
2594,680,207481.08255802124,2823715.5584026244,52.1007,8.02215,122.270996,0.0020873463,5.3606534,3.0,1
2594,4631,326011.08255802124,2823715.5584026244,1336.1946,17.11048,322.3311,0.00020073776,4.5793715,6.0,1
2594,4632,326041.08255802124,2823715.5584026244,1343.7533,14.5677595,311.0802,-0.002218933,4.748734,6.0,1
2594,4633,326071.08255802124,2823715.5584026244,1347.1382,9.522737,288.18237,-0.0028037177,5.1864743,6.0,1
2594,4634,326101.08255802124,2823715.5584026244,1347.0139,5.828229,252.7529,-0.0016322157,5.683254,6.0,1
2594,4635,326131.08255802124,2823715.5584026244,1344.6716,5.9122643,209.70702,0.00059004046,5.6688375,6.0,1
2594,4636,326161.08255802124,2823715.5584026244,1340.9753,4.5659466,198.25494,0.003039517,5.9286785,6.0,1
2594,4637,326191.08255802124,2823715.5584026244,1340.4475,4.5965724,356.85757,0.003958537,5.921965,6.0,1
2594,4638,326221.08255802124,2823715.5584026244,1346.83,15.428828,2.6495163,0.0022634212,4.6885977,6.0,1
2594,4639,326251.08255802124,2823715.5584026244,1357.6934,18.200974,5.730251,-0.0004421319,4.5134964,6.0,1
2595,674,207301.08255802124,2823685.5584026244,59.82517,2.876529,259.92648,0.00027625193,6.3919992,3.0,1
2595,675,207331.08255802124,2823685.5584026244,60.88093,3.5327365,79.891266,-0.00038832452,6.1860833,3.0,1
2595,676,207361.08255802124,2823685.5584026244,60.40209,7.8636465,107.04885,-0.00092515623,5.3808675,3.0,1
2595,677,207391.08255802124,2823685.5584026244,58.426643,8.774838,126.347725,-0.0004216088,5.269675,3.0,1
2595,678,207421.08255802124,2823685.5584026244,54.749283,7.5226264,141.7854,0.0007430956,5.42574,3.0,1
2595,679,207451.08255802124,2823685.5584026244,51.212933,5.7224135,147.00847,0.0017315282,5.701701,3.0,1
2595,680,207481.08255802124,2823685.5584026244,49.437233,3.3528433,144.1237,0.00197409,6.2384734,3.0,1
2595,681,207511.08255802124,2823685.5584026244,49.034626,1.3231994,162.11256,0.0015214898,7.1691937,3.0,1
2595,4631,326011.08255802124,2823685.5584026244,1343.1376,17.213526,324.60693,-0.0017470976,4.5729923,6.0,1
2595,4632,326041.08255802124,2823685.5584026244,1350.1232,12.976819,313.28107,-0.0039216783,4.868953,6.0,1
2595,4633,326071.08255802124,2823685.5584026244,1352.0215,8.760666,275.32037,-0.0038888552,5.2713165,6.0,1
2595,4634,326101.08255802124,2823685.5584026244,1349.4265,8.833883,244.21822,-0.0020118884,5.2628617,6.0,1
2595,4635,326131.08255802124,2823685.5584026244,1347.147,9.61772,230.03168,0.0006703355,5.1763625,6.0,1
2595,4636,326161.08255802124,2823685.5584026244,1342.8411,8.569661,224.5895,0.0035989718,5.2937,6.0,1
2595,4637,326191.08255802124,2823685.5584026244,1340.9443,3.2619166,304.53094,0.005364617,6.266028,6.0,1
2595,4638,326221.08255802124,2823685.5584026244,1345.4725,13.544167,4.628085,0.00450592,4.824595,6.0,1
2595,4639,326251.08255802124,2823685.5584026244,1355.8689,16.983713,11.966464,0.002278002,4.587265,6.0,1
2595,4640,326281.08255802124,2823685.5584026244,1363.2095,14.782552,19.66788,0.0013218522,4.733437,6.0,1
2596,674,207301.08255802124,2823655.5584026244,62.059483,7.1043897,202.91003,-0.0010537837,5.483568,6.0,1
2596,675,207331.08255802124,2823655.5584026244,58.738625,6.0400014,151.26822,0.00011556619,5.6473064,6.0,1
2596,676,207361.08255802124,2823655.5584026244,56.04156,7.6735206,122.043686,0.00064944057,5.405645,3.0,1
2596,677,207391.08255802124,2823655.5584026244,54.522873,7.3488665,115.31673,0.0007055663,5.4493732,3.0,1
2596,678,207421.08255802124,2823655.5584026244,53.45324,5.3410873,126.68136,0.00071984506,5.7710924,3.0,1
2596,679,207451.08255802124,2823655.5584026244,51.665108,3.5101047,155.13083,0.0009306166,6.1925263,3.0,1
2596,680,207481.08255802124,2823655.5584026244,49.555176,1.6630946,181.61339,0.00093936286,6.9404635,3.0,1
2596,681,207511.08255802124,2823655.5584026244,49.69891,0.60199445,205.51344,0.00051241345,7.9568944,3.0,1
2596,682,207541.08255802124,2823655.5584026244,49.145596,1.5440537,190.35912,0.00017245501,7.014771,3.0,1
2596,4631,326011.08255802124,2823655.5584026244,1347.3223,14.386162,340.5823,-0.002652859,4.761828,6.0,1
2596,4632,326041.08255802124,2823655.5584026244,1353.6262,10.281393,331.22668,-0.0047557577,5.108274,6.0,1
2596,4633,326071.08255802124,2823655.5584026244,1356.5275,7.244245,285.5599,-0.0049767727,5.463868,6.0,1
2596,4634,326101.08255802124,2823655.5584026244,1355.1884,9.838792,249.39949,-0.0034073214,5.153194,6.0,1
2596,4635,326131.08255802124,2823655.5584026244,1352.5199,11.802403,238.08076,-0.0007373386,4.9668355,6.0,1
2596,4636,326161.08255802124,2823655.5584026244,1348.2733,12.357804,232.58829,0.0026763238,4.9194593,6.0,1
2596,4637,326191.08255802124,2823655.5584026244,1343.3931,8.151836,255.37776,0.005647956,5.3444014,6.0,1
2596,4638,326221.08255802124,2823655.5584026244,1344.9093,10.860832,337.4425,0.0062025627,5.0521827,6.0,1
2596,4639,326251.08255802124,2823655.5584026244,1353.9242,15.26932,354.24072,0.004697604,4.6995044,6.0,1
2596,4640,326281.08255802124,2823655.5584026244,1361.1171,14.280389,353.23425,0.0036431549,4.769525,6.0,1
2597,674,207301.08255802124,2823625.5584026244,63.416958,11.112023,174.92976,-0.0020337116,5.0287476,6.0,1
2597,675,207331.08255802124,2823625.5584026244,56.878395,9.705198,157.86186,0.00037469226,5.167134,6.0,1
2597,676,207361.08255802124,2823625.5584026244,52.608013,7.7113123,136.41945,0.0017241583,5.4006724,6.0,1
2597,677,207391.08255802124,2823625.5584026244,50.60763,6.72362,113.01225,0.0018333986,5.5391927,6.0,1
2597,678,207421.08255802124,2823625.5584026244,50.201374,5.5621085,96.78035,0.0012198617,5.730299,6.0,1
2597,679,207451.08255802124,2823625.5584026244,50.133377,3.189337,99.39335,0.0005616008,6.2885776,3.0,1
2597,680,207481.08255802124,2823625.5584026244,49.953156,1.57582,126.116104,0.00019592179,6.994396,3.0,1
2597,681,207511.08255802124,2823625.5584026244,49.27853,1.5025848,129.36725,7.353993e-05,7.0420084,3.0,1
2597,682,207541.08255802124,2823625.5584026244,49.008083,1.8266563,133.42451,0.00010476219,6.846598,3.0,1
2597,4631,326011.08255802124,2823625.5584026244,1348.2247,11.87635,359.60992,-0.0020955065,4.960408,6.0,1
2597,4632,326041.08255802124,2823625.5584026244,1354.523,9.726465,7.076346,-0.0041435407,5.1649027,6.0,1
2597,4633,326071.08255802124,2823625.5584026244,1359.0901,5.034938,354.49875,-0.005056898,5.8304443,6.0,1
2597,4634,326101.08255802124,2823625.5584026244,1360.2788,3.698805,249.51213,-0.0042486573,6.1400237,6.0,1
2597,4635,326131.08255802124,2823625.5584026244,1357.3348,7.9107018,233.38275,-0.0019226074,5.374825,6.0,1
2597,4636,326161.08255802124,2823625.5584026244,1354.1793,11.42524,240.3785,0.0012223308,5.000221,6.0,1
2597,4637,326191.08255802124,2823625.5584026244,1349.8455,13.430324,258.84482,0.004208476,4.833356,6.0,1
2597,4638,326221.08255802124,2823625.5584026244,1349.5972,14.410249,297.03702,0.0055700005,4.7600827,6.0,1
2597,4639,326251.08255802124,2823625.5584026244,1356.3824,16.638939,322.74094,0.004946357,4.6090007,6.0,1
2598,673,207271.08255802124,2823595.5584026244,68.633545,13.3778925,148.48984,-0.0037026256,4.837414,6.0,1
2598,674,207301.08255802124,2823595.5584026244,60.95918,14.900236,146.39705,-0.0010557343,4.725141,6.0,1
2598,675,207331.08255802124,2823595.5584026244,54.28826,11.011257,141.73485,0.0012324376,5.038088,6.0,1
2598,676,207361.08255802124,2823595.5584026244,50.574646,7.46524,138.74948,0.0023910482,5.4334855,6.0,1
2598,677,207391.08255802124,2823595.5584026244,47.50413,5.207625,123.55522,0.002621526,5.7965417,6.0,1
2598,678,207421.08255802124,2823595.5584026244,46.915394,3.8068767,76.12763,0.0019433782,6.111142,6.0,1
2598,679,207451.08255802124,2823595.5584026244,48.55103,2.843205,51.51995,0.0007628165,6.4036713,6.0,1
2598,680,207481.08255802124,2823595.5584026244,49.12722,1.228783,104.45357,8.767232e-05,7.2432466,6.0,1
2598,681,207511.08255802124,2823595.5584026244,48.335285,1.676323,141.63832,0.00021568192,6.932536,6.0,1
2598,682,207541.08255802124,2823595.5584026244,47.433807,1.286858,135.60143,0.0005185657,7.1970525,3.0,1
2598,4631,326011.08255802124,2823595.5584026244,1346.823,7.774972,13.5842705,-0.0010941568,5.3923497,6.0,1
2598,4632,326041.08255802124,2823595.5584026244,1351.2498,10.429312,36.14642,-0.0021855333,5.093673,6.0,1
2598,4633,326071.08255802124,2823595.5584026244,1356.7118,9.921477,43.66745,-0.0030595227,5.144657,6.0,1
2598,4634,326101.08255802124,2823595.5584026244,1359.2233,4.5563874,53.618805,-0.0029043239,5.9307833,6.0,1
2598,4635,326131.08255802124,2823595.5584026244,1358.7994,2.3428931,274.41052,-0.0016482205,6.5974803,6.0,1
2598,4636,326161.08255802124,2823595.5584026244,1358.446,9.555762,271.93802,-0.00013115768,5.1829476,6.0,1
2598,4637,326191.08255802124,2823595.5584026244,1358.9318,15.6726465,273.78714,0.0012938778,4.6721215,6.0,1
2598,4638,326221.08255802124,2823595.5584026244,1359.8867,17.390951,283.216,0.0026008096,4.5620866,6.0,1
2598,4639,326251.08255802124,2823595.5584026244,1363.3585,17.133259,305.78778,0.0030937025,4.577958,6.0,1
2599,674,207301.08255802124,2823565.5584026244,53.21297,14.542939,135.94719,0.0014457905,4.7505145,6.0,1
2599,675,207331.08255802124,2823565.5584026244,49.761562,8.324084,129.6822,0.0025081763,5.3232007,6.0,1
2599,676,207361.08255802124,2823565.5584026244,48.124153,4.8405204,140.34659,0.0026350392,5.870019,6.0,1
2599,677,207391.08255802124,2823565.5584026244,45.956547,2.229703,155.41594,0.0025569545,6.647051,6.0,1
2599,678,207421.08255802124,2823565.5584026244,45.758698,1.8920965,352.64374,0.0018723287,6.811375,6.0,1
2599,679,207451.08255802124,2823565.5584026244,48.1659,2.7239056,346.92963,0.0006401147,6.446604,6.0,1
2599,680,207481.08255802124,2823565.5584026244,49.0,0.8093508,272.69495,-3.4307915e-05,7.6608806,6.0,1
2599,681,207511.08255802124,2823565.5584026244,48.167343,1.6495489,231.44888,0.00018086328,6.948646,6.0,1
2599,682,207541.08255802124,2823565.5584026244,47.824497,1.9354928,255.62479,0.00052421034,6.788682,6.0,1
2599,4632,326041.08255802124,2823565.5584026244,1346.6699,9.88931,57.302315,0.00053148053,5.14797,6.0,1
2599,4633,326071.08255802124,2823565.5584026244,1350.9966,12.58266,46.919872,0.00039788135,4.900845,6.0,1
2599,4634,326101.08255802124,2823565.5584026244,1355.3333,10.003737,30.02316,-0.00022878032,5.136231,6.0,1
2599,4635,326131.08255802124,2823565.5584026244,1359.9213,8.296034,341.15576,-0.00096360943,5.326624,6.0,1
2599,4636,326161.08255802124,2823565.5584026244,1363.7423,12.139165,305.76813,-0.001754659,4.9378657,6.0,1
2599,4637,326191.08255802124,2823565.5584026244,1368.5123,14.330817,287.9478,-0.0019102647,4.7658486,6.0,1
2599,4638,326221.08255802124,2823565.5584026244,1369.8907,13.688618,278.13013,-0.00059031195,4.8135757,6.0,1
2600,674,207301.08255802124,2823535.5584026244,49.359802,7.6359086,147.656,0.0029188748,5.4106174,6.0,1
2600,675,207331.08255802124,2823535.5584026244,48.11303,2.5056717,160.97089,0.0026675065,6.5302296,6.0,1
2600,676,207361.08255802124,2823535.5584026244,47.499866,1.8799356,208.15674,0.0020029861,6.817828,6.0,1
2600,677,207391.08255802124,2823535.5584026244,46.85913,2.2884903,254.24286,0.0015775023,6.621,6.0,1
2600,678,207421.08255802124,2823535.5584026244,47.392612,3.1185014,307.67517,0.00095691474,6.311084,6.0,1
2600,679,207451.08255802124,2823535.5584026244,49.256744,2.7933528,322.6764,8.464813e-05,6.421389,6.0,1
2600,680,207481.08255802124,2823535.5584026244,49.820835,1.5072867,286.03088,-0.00038132456,7.0388823,6.0,1
2600,681,207511.08255802124,2823535.5584026244,49.629017,2.3153899,268.57074,-0.00032381166,6.6093016,6.0,1
2600,682,207541.08255802124,2823535.5584026244,49.557903,3.2156124,270.65573,-0.00020072513,6.280356,6.0,1
2600,4634,326101.08255802124,2823535.5584026244,1352.6736,15.278231,8.138491,0.0016299777,4.6988926,6.0,1
2600,4635,326131.08255802124,2823535.5584026244,1362.0729,15.3921175,344.94495,-0.0011942883,4.6910987,6.0,1
2600,4636,326161.08255802124,2823535.5584026244,1369.7522,13.439657,324.15964,-0.0034814114,4.832635,6.0,1
2600,4637,326191.08255802124,2823535.5584026244,1374.9325,9.357248,299.9072,-0.0038635256,5.2043266,6.0,1
2601,674,207301.08255802124,2823505.5584026244,49.930058,2.63168,172.11395,0.0023738034,6.481098,6.0,1
2601,675,207331.08255802124,2823505.5584026244,49.347824,1.922973,242.26846,0.001419096,6.7951765,6.0,1
2601,676,207361.08255802124,2823505.5584026244,48.81024,2.6330242,257.83444,0.00063532195,6.480587,6.0,1
2601,677,207391.08255802124,2823505.5584026244,48.715374,2.6962504,263.55515,0.0002836058,6.456824,6.0,1
2601,678,207421.08255802124,2823505.5584026244,48.78564,1.6357459,294.10654,0.000100393285,6.9570537,6.0,1
2601,679,207451.08255802124,2823505.5584026244,49.702427,1.1285892,3.3893554,-0.00013031432,7.3283267,6.0,1
2601,680,207481.08255802124,2823505.5584026244,50.0,1.0333059,20.836643,-0.00039704004,7.4165525,6.0,1
2601,681,207511.08255802124,2823505.5584026244,50.700405,1.4991158,332.205,-0.0007213572,7.0443206,6.0,1
2602,675,207331.08255802124,2823475.5584026244,49.934082,0.076922305,225.20242,0.00025864498,10.014383,6.0,1
2602,676,207361.08255802124,2823475.5584026244,50.349964,0.60974693,272.9275,-0.00036048144,7.944098,6.0,1
2602,677,207391.08255802124,2823475.5584026244,50.12698,0.98488194,224.02798,-0.0004742485,7.4645596,6.0,1
2602,678,207421.08255802124,2823475.5584026244,49.237762,0.83026147,177.85489,-0.00014751538,7.635369,6.0,1
2602,679,207451.08255802124,2823475.5584026244,48.55453,1.070106,88.62366,0.00018516542,7.3815503,6.0,1
2602,680,207481.08255802124,2823475.5584026244,49.100586,2.0135982,50.45114,7.944318e-05,6.7490892,6.0,1
2621,6957,395791.08255802124,2822905.5584026244,1596.4081,4.184364,302.3818,-0.00094506156,6.0162897,6.0,1
2622,6954,395701.08255802124,2822875.5584026244,1604.9241,11.061449,271.2605,-0.0055917017,5.0334253,6.0,1
2622,6955,395731.08255802124,2822875.5584026244,1603.0007,9.757713,249.13475,-0.0026595728,5.1616325,6.0,1
2622,6956,395761.08255802124,2822875.5584026244,1599.346,8.407334,248.77542,-6.127253e-05,5.3131065,6.0,1
2622,6957,395791.08255802124,2822875.5584026244,1598.3422,6.832368,279.0468,0.0008027819,5.5229974,6.0,1
2622,6958,395821.08255802124,2822875.5584026244,1600.8839,6.2291617,294.12003,0.00011423745,5.616232,6.0,1
2622,6959,395851.08255802124,2822875.5584026244,1601.6276,6.280492,256.51575,-0.00036963559,5.6079597,6.0,1
2623,6953,395671.08255802124,2822845.5584026244,1607.4004,9.813307,312.67648,-0.005919427,5.1558394,6.0,1
2623,6954,395701.08255802124,2822845.5584026244,1608.8745,6.3650208,261.37555,-0.0042610336,5.5944815,6.0,1
2623,6955,395731.08255802124,2822845.5584026244,1606.1316,7.916204,244.58853,-0.0018970405,5.374121,6.0,1
2623,6956,395761.08255802124,2822845.5584026244,1605.0623,9.560929,256.26794,-0.00010504818,5.182397,6.0,1
2623,6957,395791.08255802124,2822845.5584026244,1603.6593,9.550009,266.6616,0.0005032009,5.1835613,6.0,1
2623,6958,395821.08255802124,2822845.5584026244,1604.1615,7.8204117,279.27325,0.000109049506,5.3864503,6.0,1
2623,6959,395851.08255802124,2822845.5584026244,1605.1053,7.2565413,268.16714,-0.00051340746,5.462154,6.0,1
2623,6960,395881.08255802124,2822845.5584026244,1604.2152,8.619598,256.39908,-0.0007463243,5.2878017,6.0,1
2624,6953,395671.08255802124,2822815.5584026244,1610.5474,7.9062424,312.65607,-0.004435357,5.3753963,6.0,1
2624,6954,395701.08255802124,2822815.5584026244,1611.3506,5.7412963,262.64334,-0.0029814655,5.698385,6.0,1
2624,6955,395731.08255802124,2822815.5584026244,1609.4156,6.786408,253.4802,-0.0014874947,5.529811,6.0,1
2624,6956,395761.08255802124,2822815.5584026244,1610.2328,7.3938613,264.367,-0.0007531738,5.4432015,6.0,1
2624,6957,395791.08255802124,2822815.5584026244,1609.4227,7.9749274,260.22195,-0.0005481636,5.366635,6.0,1
2624,6958,395821.08255802124,2822815.5584026244,1608.145,7.196526,266.21127,-0.0005470106,5.4705477,6.0,1
2624,6959,395851.08255802124,2822815.5584026244,1608.557,6.1701546,270.12454,-0.0008722263,5.6258245,6.0,1
2624,6960,395881.08255802124,2822815.5584026244,1608.6841,6.0787134,256.8028,-0.0013572185,5.6408696,6.0,1
2624,6961,395911.08255802124,2822815.5584026244,1607.3525,6.20832,255.00626,-0.0019473268,5.6196094,6.0,1
2625,6952,395641.08255802124,2822785.5584026244,1609.6289,9.5133095,328.4137,-0.0045006983,5.1874833,6.0,1
2625,6953,395671.08255802124,2822785.5584026244,1612.8486,6.1165843,322.9103,-0.003278436,5.6346116,6.0,1
2625,6954,395701.08255802124,2822785.5584026244,1614.5363,4.6608434,276.80008,-0.0022021825,5.9080186,6.0,1
2625,6955,395731.08255802124,2822785.5584026244,1613.2911,5.509986,250.68517,-0.0012837388,5.739773,6.0,1
2625,6956,395761.08255802124,2822785.5584026244,1612.463,4.598381,262.15717,-0.00087025965,5.92157,6.0,1
2625,6957,395791.08255802124,2822785.5584026244,1612.6923,4.656562,258.26584,-0.0008693101,5.9089417,6.0,1
2625,6958,395821.08255802124,2822785.5584026244,1611.8291,4.8653564,251.86407,-0.0008008152,5.8648767,6.0,1
2625,6959,395851.08255802124,2822785.5584026244,1610.9752,3.8679142,257.78012,-0.00084587943,6.095188,6.0,1
2625,6960,395881.08255802124,2822785.5584026244,1610.7537,3.462114,245.24567,-0.0012781778,6.206327,6.0,1
2625,6961,395911.08255802124,2822785.5584026244,1609.2955,3.296374,232.97195,-0.0019441391,6.255497,6.0,1
2626,6952,395641.08255802124,2822755.5584026244,1611.1195,6.427755,329.14856,-0.003829888,5.5845914,6.0,1
2626,6953,395671.08255802124,2822755.5584026244,1613.183,5.20977,338.1027,-0.00209493,5.7961273,6.0,1
2626,6954,395701.08255802124,2822755.5584026244,1616.5818,3.674776,310.48996,-0.0015089249,6.1465597,6.0,1
2626,6955,395731.08255802124,2822755.5584026244,1615.7465,4.482777,247.11261,-0.0011293538,5.9471383,6.0,1
2626,6956,395761.08255802124,2822755.5584026244,1614.1885,4.2475214,248.96835,-0.0006137085,6.0012546,6.0,1
2626,6957,395791.08255802124,2822755.5584026244,1614.3031,3.130755,249.9467,-0.0003871324,6.307154,6.0,1
2626,6958,395821.08255802124,2822755.5584026244,1613.5685,3.0520074,233.66083,-0.00031229647,6.3326783,6.0,1
2626,6959,395851.08255802124,2822755.5584026244,1612.2439,2.7872212,238.40408,-0.000393575,6.42359,6.0,1
2626,6960,395881.08255802124,2822755.5584026244,1611.7457,2.7180836,231.23398,-0.00084964326,6.4487467,6.0,1
2626,6961,395911.08255802124,2822755.5584026244,1610.7279,3.4807558,197.45041,-0.0012552219,6.2009435,6.0,1
2627,6952,395641.08255802124,2822725.5584026244,1612.876,6.088305,312.461,-0.003322652,5.639281,6.0,1
2627,6953,395671.08255802124,2822725.5584026244,1613.8997,6.104408,317.59744,-0.0013665094,5.6366196,6.0,1
2627,6954,395701.08255802124,2822725.5584026244,1617.3483,5.6154766,310.89755,-0.0011193508,5.720689,6.0,1
2627,6955,395731.08255802124,2822725.5584026244,1618.3387,5.07632,259.0393,-0.0012210422,5.8222165,6.0,1
2627,6956,395761.08255802124,2822725.5584026244,1616.8903,5.4851556,241.26062,-0.00060360384,5.7443175,6.0,1
2627,6957,395791.08255802124,2822725.5584026244,1615.4274,4.254754,240.51904,7.154669e-05,5.999547,6.0,1
2627,6958,395821.08255802124,2822725.5584026244,1614.263,3.7911625,246.93088,0.00017411975,6.1152906,6.0,1
2627,6959,395851.08255802124,2822725.5584026244,1613.6802,4.2037864,250.80322,-0.0002466498,6.011642,6.0,1
2627,6960,395881.08255802124,2822725.5584026244,1612.8622,4.2564616,229.49661,-0.00069647894,5.999144,6.0,1
2627,6961,395911.08255802124,2822725.5584026244,1611.2576,5.476923,192.83032,-0.0004390123,5.7458286,6.0,1
2628,6953,395671.08255802124,2822695.5584026244,1617.5065,8.411644,302.1185,-0.0018315635,5.312587,6.0,1
2628,6954,395701.08255802124,2822695.5584026244,1620.4546,7.1608047,295.8396,-0.0016191948,5.4755764,6.0,1
2628,6955,395731.08255802124,2822695.5584026244,1621.5144,5.167145,257.8315,-0.0015418159,5.804388,6.0,1
2628,6956,395761.08255802124,2822695.5584026244,1619.7103,5.5835686,236.64322,-0.00075558125,5.7264237,6.0,1
2628,6957,395791.08255802124,2822695.5584026244,1617.6991,5.6260233,245.92801,1.6954138e-05,5.7188,6.0,1
2628,6958,395821.08255802124,2822695.5584026244,1616.7979,5.8702216,261.99048,-0.000118916854,5.6760244,6.0,1
2628,6959,395851.08255802124,2822695.5584026244,1617.021,6.0128345,254.87093,-0.0008520847,5.6518474,6.0,1
2628,6960,395881.08255802124,2822695.5584026244,1615.6217,6.459713,220.03174,-0.0009444851,5.57959,6.0,1
2628,6961,395911.08255802124,2822695.5584026244,1611.7808,7.5825553,195.13635,0.00021738699,5.417712,6.0,1
2629,6953,395671.08255802124,2822665.5584026244,1622.28,7.739269,310.83234,-0.0027414276,5.3970094,6.0,1
2629,6954,395701.08255802124,2822665.5584026244,1624.4127,4.8390207,278.93738,-0.0023801338,5.8703303,6.0,1
2629,6955,395731.08255802124,2822665.5584026244,1622.967,3.473392,227.41594,-0.0014641657,6.203067,6.0,1
2629,6956,395761.08255802124,2822665.5584026244,1621.7845,3.3786159,229.98233,-0.00049723306,6.2307982,6.0,1
2629,6957,395791.08255802124,2822665.5584026244,1620.608,4.342055,255.0997,-0.0002075194,5.97916,6.0,1
2629,6958,395821.08255802124,2822665.5584026244,1620.5935,4.902131,262.29816,-0.00076239696,5.85731,6.0,1
2629,6959,395851.08255802124,2822665.5584026244,1620.2732,4.6898146,230.6741,-0.0013578627,5.9017944,6.0,1
2629,6960,395881.08255802124,2822665.5584026244,1617.7488,7.1311054,195.8418,-0.00081193715,5.479776,6.0,1
2630,6954,395701.08255802124,2822635.5584026244,1625.9034,1.9702882,229.65938,-0.0022253417,6.77085,6.0,1
2630,6955,395731.08255802124,2822635.5584026244,1622.9845,3.279036,195.92262,-0.00073320174,6.2607822,6.0,1
2630,6956,395761.08255802124,2822635.5584026244,1622.0469,1.744767,249.71204,0.00014516195,6.892494,6.0,1
2630,6957,395791.08255802124,2822635.5584026244,1622.407,3.2929046,279.4286,-0.00025139702,6.256552,6.0,1
2630,6958,395821.08255802124,2822635.5584026244,1622.6556,3.7496507,247.57285,-0.0009978231,6.1263328,6.0,1
2630,6959,395851.08255802124,2822635.5584026244,1620.9961,5.5806975,195.77585,-0.0009161716,5.726941,6.0,1
2696,4631,326011.08255802124,2820655.5584026244,1500.7013,7.336759,71.16108,0.00030517584,5.4510407,6.0,1
2696,4632,326041.08255802124,2820655.5584026244,1503.4833,6.5072274,62.087822,0.00017940946,5.5721984,6.0,1
2696,4633,326071.08255802124,2820655.5584026244,1504.4607,6.161796,92.112976,0.000118577795,5.6271906,6.0,1
2696,4634,326101.08255802124,2820655.5584026244,1503.1826,7.252541,101.23349,0.0006824748,5.4627113,6.0,1
2696,4635,326131.08255802124,2820655.5584026244,1502.8862,5.681679,78.480736,0.0010244072,5.7088923,6.0,1
2697,4630,325981.08255802124,2820625.5584026244,1497.6243,4.326868,63.30111,-3.3738834e-05,5.982677,6.0,1
2697,4631,326011.08255802124,2820625.5584026244,1498.9065,4.5720854,37.158882,7.076672e-05,5.927329,6.0,1
2697,4632,326041.08255802124,2820625.5584026244,1501.7494,4.1035457,37.561752,-0.00038469097,6.035861,6.0,1
2697,4633,326071.08255802124,2820625.5584026244,1502.4137,3.435219,114.89066,-0.000117526506,6.214144,6.0,1
2697,4634,326101.08255802124,2820625.5584026244,1499.862,3.9172418,114.439926,0.00088161894,6.0824766,6.0,1
2697,4635,326131.08255802124,2820625.5584026244,1500.6912,4.572943,43.704998,0.001004469,5.9271407,6.0,1
2697,4636,326161.08255802124,2820625.5584026244,1504.1534,6.406221,26.30237,-0.00019249803,5.5879755,6.0,1
2698,4629,325951.08255802124,2820595.5584026244,1495.2794,5.01434,61.28645,-0.0006322903,5.834565,6.0,1
2698,4630,325981.08255802124,2820595.5584026244,1496.3378,4.97154,52.874817,-0.0004905531,5.8431807,6.0,1
2698,4631,326011.08255802124,2820595.5584026244,1498.5278,5.5336113,32.715416,-0.0010133531,5.7354674,6.0,1
2698,4632,326041.08255802124,2820595.5584026244,1500.8506,3.9223056,36.98542,-0.0017298718,6.081181,6.0,1
2698,4633,326071.08255802124,2820595.5584026244,1501.403,3.0284367,129.34698,-0.0013071018,6.340446,6.0,1
2698,4634,326101.08255802124,2820595.5584026244,1498.8623,3.2973123,125.83885,-2.6482623e-05,6.255212,6.0,1
2698,4635,326131.08255802124,2820595.5584026244,1499.623,4.7295,45.119057,0.0003730266,5.89333,6.0,1
2698,4636,326161.08255802124,2820595.5584026244,1502.4612,6.648085,40.094936,-0.00043979211,5.5505934,6.0,1
2698,4637,326191.08255802124,2820595.5584026244,1504.6075,6.0708575,58.253983,-0.0012191434,5.6421723,6.0,1
2699,4629,325951.08255802124,2820565.5584026244,1492.1407,7.5489407,77.50606,4.838717e-05,5.4222074,6.0,1
2699,4630,325981.08255802124,2820565.5584026244,1493.0153,8.802097,67.052284,-0.000103488375,5.266524,6.0,1
2699,4631,326011.08255802124,2820565.5584026244,1496.0886,9.443933,52.48833,-0.0011962552,5.194938,6.0,1
2699,4632,326041.08255802124,2820565.5584026244,1499.4275,7.4809537,61.510155,-0.0023623998,5.431359,6.0,1
2699,4633,326071.08255802124,2820565.5584026244,1499.9756,6.852674,109.06223,-0.0019925945,5.5200014,6.0,1
2699,4634,326101.08255802124,2820565.5584026244,1497.2411,7.4516454,109.45369,-0.00042812777,5.435329,6.0,1
2699,4635,326131.08255802124,2820565.5584026244,1497.1621,7.8700824,68.24576,0.0004429118,5.3800387,6.0,1
2699,4636,326161.08255802124,2820565.5584026244,1499.7631,8.518085,55.52266,0.000112338545,5.299827,6.0,1
2699,4637,326191.08255802124,2820565.5584026244,1501.7883,7.0931473,61.844437,-0.00045735677,5.485168,6.0,1
2700,4629,325951.08255802124,2820535.5584026244,1487.0225,5.8548617,95.59154,0.0009881592,5.678663,6.0,1
2700,4630,325981.08255802124,2820535.5584026244,1487.4353,8.678708,74.4999,0.0012064954,5.2808623,6.0,1
2700,4631,326011.08255802124,2820535.5584026244,1490.3678,11.560015,60.605106,7.3038726e-05,4.9881725,6.0,1
2700,4632,326041.08255802124,2820535.5584026244,1494.4067,11.511875,71.275734,-0.0013019479,4.9924607,6.0,1
2700,4633,326071.08255802124,2820535.5584026244,1494.7517,11.515745,102.99092,-0.00094814715,4.9921155,6.0,1
2700,4634,326101.08255802124,2820535.5584026244,1491.3481,11.018013,101.551506,0.00073937315,5.037459,6.0,1
2700,4635,326131.08255802124,2820535.5584026244,1491.7041,10.021715,66.600464,0.0016060384,5.1343985,6.0,1
2700,4636,326161.08255802124,2820535.5584026244,1495.0009,9.401367,50.85038,0.0011095173,5.1995378,6.0,1
2700,4637,326191.08255802124,2820535.5584026244,1497.8153,7.298754,45.596577,0.00016801624,5.456291,6.0,1
2700,4638,326221.08255802124,2820535.5584026244,1500.489,5.0448284,37.135315,-0.0007069226,5.828472,6.0,1
2701,4629,325951.08255802124,2820505.5584026244,1485.8103,3.4949894,176.57054,0.00071183953,6.1968527,6.0,1
2701,4630,325981.08255802124,2820505.5584026244,1484.0931,3.5973341,100.47881,0.0018323769,6.1679163,6.0,1
2701,4631,326011.08255802124,2820505.5584026244,1484.9618,7.7580914,62.922287,0.0014947171,5.3945503,6.0,1
2701,4632,326041.08255802124,2820505.5584026244,1487.8329,9.696941,74.47229,0.00060685904,5.1680017,6.0,1
2701,4633,326071.08255802124,2820505.5584026244,1487.9983,10.199424,103.52742,0.0010831368,5.1164513,6.0,1
2701,4634,326101.08255802124,2820505.5584026244,1485.1445,8.4087925,92.96375,0.002452596,5.3129306,6.0,1
2701,4635,326131.08255802124,2820505.5584026244,1487.5494,8.688697,39.27097,0.0025968766,5.2796946,6.0,1
2701,4636,326161.08255802124,2820505.5584026244,1492.1608,8.432744,18.070429,0.001331109,5.310045,6.0,1
2701,4637,326191.08255802124,2820505.5584026244,1495.7891,6.722261,9.733357,-0.000112067384,5.539397,6.0,1
2701,4638,326221.08255802124,2820505.5584026244,1500.0479,4.7239437,15.749451,-0.0010792711,5.8945107,6.0,1
2702,4629,325951.08255802124,2820475.5584026244,1487.4164,5.001155,171.06961,-0.0001945665,5.837211,6.0,1
2702,4630,325981.08255802124,2820475.5584026244,1483.492,3.3151424,156.88371,0.0014561631,6.249807,6.0,1
2702,4631,326011.08255802124,2820475.5584026244,1483.0239,3.126031,74.667,0.001969774,6.308667,6.0,1
2702,4632,326041.08255802124,2820475.5584026244,1483.9247,5.0398965,79.60775,0.0018226455,5.829455,6.0,1
2702,4633,326071.08255802124,2820475.5584026244,1483.5458,5.4209456,106.41578,0.0023965791,5.756164,6.0,1
2702,4634,326101.08255802124,2820475.5584026244,1482.2596,4.1318274,65.93245,0.0032444592,6.028969,6.0,1
2702,4635,326131.08255802124,2820475.5584026244,1485.6567,9.266991,14.127904,0.0026949735,5.214192,6.0,1
2702,4636,326161.08255802124,2820475.5584026244,1492.9681,9.879517,6.066672,0.0008737522,5.1489806,6.0,1
2702,4637,326191.08255802124,2820475.5584026244,1496.8916,7.040253,2.3169425,-0.0007653131,5.4927297,6.0,1
2703,4629,325951.08255802124,2820445.5584026244,1485.1987,6.165067,125.80512,0.00031344945,5.6266556,6.0,1
2703,4630,325981.08255802124,2820445.5584026244,1483.1277,3.723541,133.80556,0.0014380561,6.13334,6.0,1
2703,4631,326011.08255802124,2820445.5584026244,1482.0464,1.8678491,104.71918,0.0019355605,6.8242826,6.0,1
2703,4632,326041.08255802124,2820445.5584026244,1481.9884,2.2780323,95.07756,0.0020943535,6.625585,6.0,1
2703,4633,326071.08255802124,2820445.5584026244,1481.7842,2.1119034,102.59206,0.002632921,6.7013817,6.0,1
2703,4634,326101.08255802124,2820445.5584026244,1481.5704,3.1390717,22.66495,0.003178304,6.304496,6.0,1
2703,4635,326131.08255802124,2820445.5584026244,1485.0815,9.007568,10.317753,0.0026485869,5.243073,6.0,1
2703,4636,326161.08255802124,2820445.5584026244,1491.1123,10.483521,14.410078,0.0010637749,5.088372,6.0,1
2703,4637,326191.08255802124,2820445.5584026244,1495.9364,8.23759,14.729772,-0.00056786434,5.3337927,6.0,1
2704,4630,325981.08255802124,2820415.5584026244,1481.1564,0.9972793,109.78186,0.0019756064,7.452048,6.0,1
2704,4631,326011.08255802124,2820415.5584026244,1481.8623,0.6338646,226.93373,0.0018892756,7.9053035,6.0,1
2704,4632,326041.08255802124,2820415.5584026244,1481.0135,1.1614755,180.40536,0.0020951335,7.2995963,6.0,1
2704,4633,326071.08255802124,2820415.5584026244,1481.0199,0.89015794,101.25843,0.002746616,7.5657,6.0,1
2704,4634,326101.08255802124,2820415.5584026244,1481.5851,3.7724981,9.267234,0.0031981408,6.12024,6.0,1
2704,4635,326131.08255802124,2820415.5584026244,1484.4598,8.571172,357.80783,0.0027404106,5.293521,6.0,1
2704,4636,326161.08255802124,2820415.5584026244,1489.2224,10.240397,354.10394,0.0014020114,5.1123557,6.0,1
2705,4632,326041.08255802124,2820385.5584026244,1482.4105,4.451123,220.50311,0.0019589912,5.954253,6.0,1
2705,4633,326071.08255802124,2820385.5584026244,1480.051,1.4201382,255.98257,0.003082479,7.0984654,6.0,1
2705,4634,326101.08255802124,2820385.5584026244,1480.9574,6.1256495,333.6817,0.0032344903,5.633119,6.0,1
2831,7789,420751.08255802124,2816605.5584026244,1371.5569,7.9212165,333.29434,-0.0012720745,5.37348,6.0,1
2831,7790,420781.08255802124,2816605.5584026244,1373.8446,3.864283,294.6507,-0.0013257177,6.0961304,6.0,1
2831,7791,420811.08255802124,2816605.5584026244,1372.4208,3.948902,250.80435,-0.000110541354,6.074402,6.0,1
2832,7787,420691.08255802124,2816575.5584026244,1362.6323,7.813335,329.52502,0.0021190727,5.387367,6.0,1
2832,7788,420721.08255802124,2816575.5584026244,1367.3301,8.882889,343.644,0.00051659485,5.2572403,6.0,1
2832,7789,420751.08255802124,2816575.5584026244,1371.2336,7.5866094,344.81876,-0.0008468628,5.4171715,6.0,1
2832,7790,420781.08255802124,2816575.5584026244,1374.172,4.6224008,308.9299,-0.0011170452,5.9163375,6.0,1
2832,7791,420811.08255802124,2816575.5584026244,1373.8458,5.6698055,266.94995,-0.00033457443,5.710998,6.0,1
2832,7792,420841.08255802124,2816575.5584026244,1373.9347,6.560059,283.01764,0.0001385159,5.5640416,6.0,1
2832,7793,420871.08255802124,2816575.5584026244,1376.0331,7.366842,309.422,-0.0008310615,5.446903,6.0,1
2833,7786,420661.08255802124,2816545.5584026244,1362.804,6.4227896,287.72894,0.0031622315,5.585371,6.0,1
2833,7787,420691.08255802124,2816545.5584026244,1365.1554,7.261205,318.22592,0.0025324502,5.461505,6.0,1
2833,7788,420721.08255802124,2816545.5584026244,1368.2914,8.374688,332.53918,0.0014186266,5.3170533,6.0,1
2833,7789,420751.08255802124,2816545.5584026244,1372.7124,9.68213,332.07816,-0.00010247121,5.16956,6.0,1
2833,7790,420781.08255802124,2816545.5584026244,1377.6161,8.575357,308.73322,-0.0013842096,5.2930255,6.0,1
2833,7791,420811.08255802124,2816545.5584026244,1378.8173,8.323332,275.99634,-0.0016152615,5.3232927,6.0,1
2833,7792,420841.08255802124,2816545.5584026244,1378.9484,7.5919642,272.5349,-0.0013065593,5.416457,6.0,1
2833,7793,420871.08255802124,2816545.5584026244,1379.5577,5.210817,295.42413,-0.0016855876,5.795925,6.0,1
2833,7794,420901.08255802124,2816545.5584026244,1381.5831,3.1180723,341.18814,-0.002801751,6.3112216,6.0,1
2834,7786,420661.08255802124,2816515.5584026244,1366.2621,7.884707,277.71912,0.0029894682,5.3781586,6.0,1
2834,7787,420691.08255802124,2816515.5584026244,1367.971,8.221508,301.16113,0.0027176242,5.3357744,6.0,1
2834,7788,420721.08255802124,2816515.5584026244,1370.6208,9.608951,317.4546,0.0016891817,5.177292,6.0,1
2834,7789,420751.08255802124,2816515.5584026244,1375.6064,11.022681,326.3427,-0.00025227864,5.0370245,6.0,1
2834,7790,420781.08255802124,2816515.5584026244,1381.3097,8.3573475,318.5174,-0.0023047552,5.3191557,6.0,1
2834,7791,420811.08255802124,2816515.5584026244,1383.4291,4.6428933,277.53442,-0.00309689,5.9118943,6.0,1
2834,7792,420841.08255802124,2816515.5584026244,1382.5504,3.3523164,231.38278,-0.002586229,6.238631,6.0,1
2834,7793,420871.08255802124,2816515.5584026244,1381.1757,1.2387623,164.2697,-0.0020334201,7.235156,6.0,1
2834,7794,420901.08255802124,2816515.5584026244,1380.7395,3.2406228,93.94157,-0.0020573933,6.2725916,6.0,1
2835,7785,420631.08255802124,2816485.5584026244,1371.6432,10.342554,258.8655,0.0015832859,5.102213,6.0,1
2835,7786,420661.08255802124,2816485.5584026244,1371.4629,11.398884,273.77142,0.0018594697,5.002592,6.0,1
2835,7787,420691.08255802124,2816485.5584026244,1372.2076,11.597126,287.35272,0.0015175036,4.9848785,6.0,1
2835,7788,420721.08255802124,2816485.5584026244,1375.2012,11.40375,301.46582,0.000484348,5.002154,6.0,1
2835,7789,420751.08255802124,2816485.5584026244,1379.3146,9.431656,315.7364,-0.0011935086,5.196263,6.0,1
2835,7790,420781.08255802124,2816485.5584026244,1383.4119,4.3952365,329.18698,-0.0027355277,5.966939,6.0,1
2835,7791,420811.08255802124,2816485.5584026244,1383.9779,1.5844293,137.16692,-0.0031270008,6.988945,6.0,1
2835,7792,420841.08255802124,2816485.5584026244,1382.1538,5.170527,144.7005,-0.0022847832,5.80373,6.0,1
2835,7793,420871.08255802124,2816485.5584026244,1378.9703,5.515462,127.790115,-0.0011961535,5.7387733,6.0,1
2835,7794,420901.08255802124,2816485.5584026244,1378.1455,5.5211496,108.89563,-0.0005914984,5.737736,6.0,1
2836,7785,420631.08255802124,2816455.5584026244,1378.4525,11.539673,271.72275,-2.6923313e-05,4.9899826,6.0,1
2836,7786,420661.08255802124,2816455.5584026244,1378.895,12.712503,273.8137,-0.00046912296,4.890238,6.0,1
2836,7787,420691.08255802124,2816455.5584026244,1379.5956,12.1552725,280.86578,-0.0009779866,4.936499,6.0,1
2836,7788,420721.08255802124,2816455.5584026244,1381.7494,9.719142,288.13104,-0.0015895928,5.1656704,6.0,1
2836,7789,420751.08255802124,2816455.5584026244,1383.0151,4.8535337,291.4793,-0.002101983,5.8673215,6.0,1
2836,7790,420781.08255802124,2816455.5584026244,1383.1901,0.69865495,140.6736,-0.0022184923,7.807973,6.0,1
2836,7791,420811.08255802124,2816455.5584026244,1381.7089,4.781973,132.7174,-0.0017711385,5.8822455,6.0,1
2836,7792,420841.08255802124,2816455.5584026244,1379.5972,7.08164,138.0691,-0.0007368978,5.4868083,6.0,1
2836,7793,420871.08255802124,2816455.5584026244,1376.253,6.5793834,128.52441,0.0004317897,5.5610743,6.0,1
2836,7794,420901.08255802124,2816455.5584026244,1375.2239,5.3439226,109.73689,0.0011727905,5.770559,6.0,1
2837,7786,420661.08255802124,2816425.5584026244,1385.3807,7.4808917,269.21347,-0.00242296,5.431367,6.0,1
2837,7787,420691.08255802124,2816425.5584026244,1385.3936,5.186257,272.05563,-0.0026571993,5.800676,6.0,1
2837,7788,420721.08255802124,2816425.5584026244,1385.6785,2.6248035,266.1531,-0.0026104737,6.4837184,6.0,1
2837,7789,420751.08255802124,2816425.5584026244,1384.2395,2.2134502,185.25505,-0.002130093,6.654374,6.0,1
2837,7790,420781.08255802124,2816425.5584026244,1382.0486,3.8826938,153.29898,-0.0012560696,6.091363,6.0,1
2837,7791,420811.08255802124,2816425.5584026244,1379.9248,5.9578924,146.24843,-0.00020524763,5.661094,6.0,1
2837,7792,420841.08255802124,2816425.5584026244,1376.8723,7.517626,142.99936,0.0010519748,5.4264126,6.0,1
2837,7793,420871.08255802124,2816425.5584026244,1373.6627,5.9163976,129.78093,0.0022217478,5.6681337,6.0,1
2837,7794,420901.08255802124,2816425.5584026244,1372.3859,3.1539376,99.989655,0.0027859157,6.299762,6.0,1
2838,7786,420661.08255802124,2816395.5584026244,1387.1489,2.6544895,166.1508,-0.0022642685,6.472456,6.0,1
2838,7787,420691.08255802124,2816395.5584026244,1384.9879,3.415761,123.4008,-0.0018665568,6.219838,6.0,1
2838,7788,420721.08255802124,2816395.5584026244,1384.4805,3.5867124,109.68825,-0.0015944418,6.170881,6.0,1
2838,7789,420751.08255802124,2816395.5584026244,1383.1383,3.6737442,137.29082,-0.001213311,6.1468415,6.0,1
2838,7790,420781.08255802124,2816395.5584026244,1381.0623,4.4673777,157.58115,-0.00039055716,5.9505935,6.0,1
2838,7791,420811.08255802124,2816395.5584026244,1378.5222,6.5090766,161.84694,0.0009130181,5.571912,6.0,1
2838,7792,420841.08255802124,2816395.5584026244,1374.1825,6.8591967,159.16351,0.002486674,5.5190406,6.0,1
2838,7793,420871.08255802124,2816395.5584026244,1371.2083,2.3476477,151.747,0.0035316977,6.595451,6.0,1
2838,7794,420901.08255802124,2816395.5584026244,1371.6149,3.0716312,318.7968,0.00346622,6.3262568,6.0,1
2839,7787,420691.08255802124,2816365.5584026244,1381.8464,4.6471233,122.48284,0.00024495443,5.9109797,6.0,1
2839,7788,420721.08255802124,2816365.5584026244,1381.674,3.4515414,99.888405,0.00029585097,6.209393,6.0,1
2839,7789,420751.08255802124,2816365.5584026244,1381.6315,2.121957,116.13205,-4.3741893e-06,6.696628,6.0,1
2839,7790,420781.08255802124,2816365.5584026244,1380.8171,3.1707475,180.69653,0.00016143802,6.2944355,6.0,1
2839,7791,420811.08255802124,2816365.5584026244,1377.8446,6.372904,191.47307,0.0012978447,5.593233,6.0,1
2839,7792,420841.08255802124,2816365.5584026244,1373.7328,6.116972,203.32121,0.0028844536,5.6345477,6.0,1
2839,7793,420871.08255802124,2816365.5584026244,1371.7529,4.57685,277.3395,0.0035072155,5.9262834,6.0,1
2840,7788,420721.08255802124,2816335.5584026244,1380.4972,0.9989743,124.90041,0.0016237724,7.4503493,6.0,1
2840,7789,420751.08255802124,2816335.5584026244,1380.8131,1.1406498,12.521344,0.00094173854,7.317694,6.0,1
2840,7790,420781.08255802124,2816335.5584026244,1381.7124,2.4472508,253.93979,0.00021023228,6.5538507,6.0,1
2840,7791,420811.08255802124,2816335.5584026244,1379.7087,6.95685,224.44608,0.00061218266,5.5047665,6.0,1
2840,7792,420841.08255802124,2816335.5584026244,1376.4911,7.6022735,234.81387,0.0018510947,5.4150844,6.0,1
2913,6403,379171.08255802124,2814145.5584026244,1873.0345,2.4605427,52.95242,0.0006844414,6.5484276,6.0,1
2913,6404,379201.08255802124,2814145.5584026244,1872.8015,1.3381357,80.12152,0.0010661146,7.157965,6.0,1
2913,6405,379231.08255802124,2814145.5584026244,1872.6461,0.9543344,79.879326,0.0016324192,7.4960732,6.0,1
2913,6406,379261.08255802124,2814145.5584026244,1872.5454,0.83776915,80.714264,0.0020618015,7.6263657,6.0,1
2913,6407,379291.08255802124,2814145.5584026244,1873.1401,1.4934945,37.704205,0.0020385403,7.048079,6.0,1
2914,6402,379141.08255802124,2814115.5584026244,1870.7246,4.96247,351.74185,0.0008731079,5.845016,6.0,1
2914,6403,379171.08255802124,2814115.5584026244,1872.6017,4.2808533,315.54013,0.00040713843,5.9934087,6.0,1
2914,6404,379201.08255802124,2814115.5584026244,1873.3271,5.325391,285.61914,0.00048668764,5.7740526,6.0,1
2914,6405,379231.08255802124,2814115.5584026244,1874.0121,6.3631735,275.02518,0.00084289565,5.5947742,6.0,1
2914,6406,379261.08255802124,2814115.5584026244,1874.1871,5.9040713,264.0324,0.0012851631,5.6702337,6.0,1
2914,6407,379291.08255802124,2814115.5584026244,1873.7847,3.9960473,269.36548,0.0014862061,6.062495,6.0,1
2914,6408,379321.08255802124,2814115.5584026244,1874.7264,2.2151258,317.06,0.0010611641,6.653617,6.0,1
2915,6401,379111.08255802124,2814085.5584026244,1867.942,5.866099,3.5193973,0.0017855497,5.676732,6.0,1
2915,6402,379141.08255802124,2814085.5584026244,1872.185,7.9465737,343.82016,0.00032762322,5.3702426,6.0,1
2915,6403,379171.08255802124,2814085.5584026244,1876.1338,7.9929304,316.8336,-0.0010008409,5.3643503,6.0,1
2915,6404,379201.08255802124,2814085.5584026244,1878.4852,8.452119,291.85275,-0.0016131932,5.3077164,6.0,1
2915,6405,379231.08255802124,2814085.5584026244,1879.7247,8.519945,274.69287,-0.0015135024,5.2996054,6.0,1
2915,6406,379261.08255802124,2814085.5584026244,1879.3657,7.9686394,255.38083,-0.0008376058,5.3674335,6.0,1
2915,6407,379291.08255802124,2814085.5584026244,1877.1052,6.36489,248.52272,-2.760149e-05,5.594502,6.0,1
2915,6408,379321.08255802124,2814085.5584026244,1876.3306,3.465055,247.83423,0.00036922883,6.205476,6.0,1
2915,6409,379351.08255802124,2814085.5584026244,1875.2897,1.5512898,196.61412,0.00043202715,7.010093,6.0,1
2916,6400,379081.08255802124,2814055.5584026244,1865.1156,1.5591887,323.32346,0.002742479,7.005012,6.0,1
2916,6401,379111.08255802124,2814055.5584026244,1867.2451,6.486183,1.5919943,0.002167053,5.5754657,6.0,1
2916,6402,379141.08255802124,2814055.5584026244,1872.8533,9.717407,0.026377467,0.00019429528,5.1658525,6.0,1
2916,6403,379171.08255802124,2814055.5584026244,1878.6133,8.401525,350.89856,-0.0020103622,5.313808,6.0,1
2916,6404,379201.08255802124,2814055.5584026244,1882.2299,5.0233874,329.14883,-0.0032491388,5.832753,6.0,1
2916,6405,379231.08255802124,2814055.5584026244,1883.2957,3.10288,282.14963,-0.0032698228,6.3161154,6.0,1
2916,6406,379261.08255802124,2814055.5584026244,1882.5504,4.190652,237.06746,-0.0024845037,6.014783,6.0,1
2916,6407,379291.08255802124,2814055.5584026244,1880.2827,5.2345867,227.0171,-0.0014430408,5.791349,6.0,1
2916,6408,379321.08255802124,2814055.5584026244,1878.2795,4.71895,218.42627,-0.0005144925,5.895573,6.0,1
2916,6409,379351.08255802124,2814055.5584026244,1876.0348,3.8697963,196.11803,0.00022098114,6.0947003,6.0,1
2917,6400,379081.08255802124,2814025.5584026244,1866.4998,4.6584706,263.34155,0.0021867538,5.90853,6.0,1
2917,6401,379111.08255802124,2814025.5584026244,1867.3483,4.9307733,336.42865,0.0023386977,5.8514557,6.0,1
2917,6402,379141.08255802124,2814025.5584026244,1871.7798,9.028072,5.90945,0.0007946438,5.2407613,6.0,1
2917,6403,379171.08255802124,2814025.5584026244,1877.5192,9.187728,15.373888,-0.001474033,5.2229323,6.0,1
2917,6404,379201.08255802124,2814025.5584026244,1881.7268,5.4833236,28.157772,-0.0029581026,5.744653,6.0,1
2917,6405,379231.08255802124,2814025.5584026244,1882.6744,2.2736638,54.018116,-0.0032038712,6.6275067,6.0,1
2917,6406,379261.08255802124,2814025.5584026244,1882.9434,0.9822884,162.29819,-0.0027938164,7.4671965,6.0,1
2917,6407,379291.08255802124,2814025.5584026244,1881.7596,3.4014058,198.5007,-0.002115648,6.22406,6.0,1
2917,6408,379321.08255802124,2814025.5584026244,1879.5294,5.0355263,192.7133,-0.0011169773,5.830327,6.0,1
2917,6409,379351.08255802124,2814025.5584026244,1876.5505,5.232512,182.58513,3.3264194e-05,5.7917476,6.0,1
2918,6400,379081.08255802124,2813995.5584026244,1870.5115,6.82036,253.65778,0.00060702855,5.524773,6.0,1
2918,6401,379111.08255802124,2813995.5584026244,1869.5181,4.3650103,282.545,0.001666124,5.9738665,6.0,1
2918,6402,379141.08255802124,2813995.5584026244,1871.1913,5.7690573,356.76535,0.0013824463,5.693528,6.0,1
2918,6403,379171.08255802124,2813995.5584026244,1875.7383,7.9368606,21.568089,-5.8797094e-05,5.3714814,6.0,1
2918,6404,379201.08255802124,2813995.5584026244,1879.3503,6.460715,41.055027,-0.0014132012,5.5794334,6.0,1
2918,6405,379231.08255802124,2813995.5584026244,1881.0576,4.4945655,52.88304,-0.002075738,5.9445014,6.0,1
2918,6406,379261.08255802124,2813995.5584026244,1882.1952,2.21477,71.00887,-0.0023121473,6.6537776,6.0,1
2918,6407,379291.08255802124,2813995.5584026244,1881.98,2.7880406,155.96423,-0.0020762125,6.4232955,6.0,1
2918,6408,379321.08255802124,2813995.5584026244,1879.7666,5.3433447,170.85371,-0.0011169433,5.7706676,6.0,1
2918,6409,379351.08255802124,2813995.5584026244,1876.0173,5.2950654,175.71242,0.00011962888,5.7797966,6.0,1
2919,6401,379111.08255802124,2813965.5584026244,1872.4027,4.373198,245.52338,0.00040571427,5.9719853,6.0,1
2919,6402,379141.08255802124,2813965.5584026244,1871.6962,2.3597403,325.60364,0.0013431124,6.590307,6.0,1
2919,6403,379171.08255802124,2813965.5584026244,1874.0001,5.044777,23.671774,0.0010690985,5.828482,6.0,1
2919,6404,379201.08255802124,2813965.5584026244,1876.5483,5.9164634,43.703403,0.00017890085,5.6681223,6.0,1
2919,6405,379231.08255802124,2813965.5584026244,1878.7004,5.706376,47.275196,-0.0007767741,5.704526,6.0,1
2919,6406,379261.08255802124,2813965.5584026244,1881.0264,3.840906,59.9275,-0.0015366279,6.1022167,6.0,1
2919,6407,379291.08255802124,2813965.5584026244,1880.791,3.1719222,128.18437,-0.0015849473,6.2940645,6.0,1
2919,6408,379321.08255802124,2813965.5584026244,1878.6232,4.7447343,162.4069,-0.0007599894,5.8900995,6.0,1
2919,6409,379351.08255802124,2813965.5584026244,1875.7635,4.0492363,181.49866,0.00021938745,6.049229,6.0,1
2920,6401,379111.08255802124,2813935.5584026244,1874.3739,3.3129232,229.55074,-0.0007028198,6.2504783,6.0,1
2920,6402,379141.08255802124,2813935.5584026244,1872.8662,2.4382415,258.00555,0.0006634522,6.5575433,6.0,1
2920,6403,379171.08255802124,2813935.5584026244,1873.1196,1.6007184,351.17615,0.0013190038,6.9787116,6.0,1
2920,6404,379201.08255802124,2813935.5584026244,1874.4065,3.5618684,40.087185,0.0012101576,6.17785,6.0,1
2920,6405,379231.08255802124,2813935.5584026244,1876.3798,5.3949375,41.963398,0.0004340278,5.7610016,6.0,1
2920,6406,379261.08255802124,2813935.5584026244,1878.877,4.458532,50.97555,-0.0005695259,5.9525833,6.0,1
2920,6407,379291.08255802124,2813935.5584026244,1879.3503,2.5929205,111.63029,-0.000937127,6.4959564,6.0,1
2920,6408,379321.08255802124,2813935.5584026244,1877.8899,3.109279,163.04254,-0.0004893663,6.314051,6.0,1
2920,6409,379351.08255802124,2813935.5584026244,1876.3794,2.7315595,189.81288,9.962293e-05,6.443794,6.0,1
2921,6402,379141.08255802124,2813905.5584026244,1874.9318,2.4611893,248.24896,-0.00018022326,6.5481644,6.0,1
2921,6403,379171.08255802124,2813905.5584026244,1874.3577,1.8497406,246.15872,0.0008833483,6.8340316,6.0,1
2921,6404,379201.08255802124,2813905.5584026244,1873.6265,0.6655,16.097027,0.0015596517,7.856596,6.0,1
2921,6405,379231.08255802124,2813905.5584026244,1874.5665,3.7204754,25.793196,0.0012805854,6.1341662,6.0,1
2921,6406,379261.08255802124,2813905.5584026244,1877.0608,3.8061223,31.902254,0.00029368082,6.111341,6.0,1
2921,6407,379291.08255802124,2813905.5584026244,1878.3179,1.6665611,89.07446,-0.00034461118,6.9383802,6.0,1
2921,6408,379321.08255802124,2813905.5584026244,1877.4318,1.753262,153.55714,-0.0002960545,6.8876343,6.0,1
2922,6403,379171.08255802124,2813875.5584026244,1875.332,1.8348624,218.55525,0.00049428304,6.842113,6.0,1
2922,6404,379201.08255802124,2813875.5584026244,1873.9374,1.6102998,266.94983,0.001341451,6.9727407,6.0,1
2922,6405,379231.08255802124,2813875.5584026244,1874.3326,3.0272994,328.97122,0.0013106283,6.340822,6.0,1
2922,6406,379261.08255802124,2813875.5584026244,1876.6497,2.4728189,350.63586,0.0006147935,6.5434446,6.0,1
3130,6672,387241.08255802124,2807635.5584026244,1294.4099,38.19215,258.3961,-0.00040408666,3.641105,6.0,1
3130,6673,387271.08255802124,2807635.5584026244,1292.2123,36.775864,258.4605,-0.005035231,3.6923003,6.0,1
3130,6674,387301.08255802124,2807635.5584026244,1288.0768,35.42487,245.69421,-0.008735623,3.741835,6.0,1
3130,6675,387331.08255802124,2807635.5584026244,1275.1611,35.354958,226.86983,-0.009921944,3.7444196,6.0,1
3130,6676,387361.08255802124,2807635.5584026244,1257.5476,35.985382,213.15741,-0.009120517,3.7211924,6.0,1
3130,6677,387391.08255802124,2807635.5584026244,1239.2009,36.932117,207.2131,-0.0075541176,3.6866179,6.0,1
3131,6671,387211.08255802124,2807605.5584026244,1324.0387,35.078827,248.29018,-0.0017389257,3.7546492,6.0,1
3131,6672,387241.08255802124,2807605.5584026244,1316.3235,31.983892,249.94144,-0.0046694265,3.872036,6.0,1
3131,6673,387271.08255802124,2807605.5584026244,1310.5957,28.403082,245.03784,-0.008180304,4.015963,6.0,1
3131,6674,387301.08255802124,2807605.5584026244,1301.5674,29.161526,227.45804,-0.010824654,3.9845934,6.0,1
3131,6675,387331.08255802124,2807605.5584026244,1285.572,34.42742,211.4018,-0.010801053,3.7789245,6.0,1
3131,6676,387361.08255802124,2807605.5584026244,1265.1741,37.65243,199.5995,-0.008408168,3.6605349,6.0,1
3131,6677,387391.08255802124,2807605.5584026244,1242.8258,35.926445,192.24487,-0.006000536,3.7233567,6.0,1
3131,6678,387421.08255802124,2807605.5584026244,1225.4628,34.289646,191.22684,-0.005044759,3.7840858,6.0,1
3132,6670,387181.08255802124,2807575.5584026244,1348.6658,30.920961,232.18036,-0.0034326515,3.9137168,6.0,1
3132,6671,387211.08255802124,2807575.5584026244,1338.5482,27.258398,233.73593,-0.004131776,4.06436,6.0,1
3132,6672,387241.08255802124,2807575.5584026244,1330.725,24.831959,231.29678,-0.0059121368,4.1717834,6.0,1
3132,6673,387271.08255802124,2807575.5584026244,1321.024,23.359684,223.25467,-0.008602769,4.2407503,6.0,1
3132,6674,387301.08255802124,2807575.5584026244,1311.7988,25.866058,211.24976,-0.011117859,4.1251297,6.0,1
3132,6675,387331.08255802124,2807575.5584026244,1297.5752,34.38348,196.8579,-0.0109640155,3.7805696,6.0,1
3132,6676,387361.08255802124,2807575.5584026244,1274.708,40.548084,187.02596,-0.0073452415,3.5572278,6.0,1
3132,6677,387391.08255802124,2807575.5584026244,1244.5818,36.52317,184.43478,-0.003846809,3.7015095,6.0,1
3132,6678,387421.08255802124,2807575.5584026244,1225.3474,33.63426,184.62643,-0.003137818,3.8087738,6.0,1
3133,6670,387181.08255802124,2807545.5584026244,1360.273,28.781548,221.092,-0.0051844954,4.0002437,6.0,1
3133,6671,387211.08255802124,2807545.5584026244,1348.5697,25.627047,221.1106,-0.0051095923,4.1357913,6.0,1
3133,6672,387241.08255802124,2807545.5584026244,1338.8815,23.364962,215.39041,-0.0065308977,4.2404976,6.0,1
3133,6673,387271.08255802124,2807545.5584026244,1327.6179,23.424122,202.75261,-0.009024489,4.237664,6.0,1
3133,6674,387301.08255802124,2807545.5584026244,1315.995,26.820402,184.2337,-0.010841472,4.0832396,6.0,1
3133,6675,387331.08255802124,2807545.5584026244,1300.0597,37.521748,172.13223,-0.009471538,3.6652539,6.0,1
3133,6676,387361.08255802124,2807545.5584026244,1269.3976,41.300552,171.09578,-0.005244479,3.5306928,6.0,1
3133,6677,387391.08255802124,2807545.5584026244,1245.0066,34.149693,176.12517,-0.0024670407,3.7893386,6.0,1
3133,6678,387421.08255802124,2807545.5584026244,1230.6213,34.7679,179.0404,-0.0022968887,3.7662106,6.0,1
3133,6679,387451.08255802124,2807545.5584026244,1204.204,36.20278,175.79732,-0.0026401433,3.7132215,6.0,1
3134,6670,387181.08255802124,2807515.5584026244,1371.6913,24.968618,207.25494,-0.0063619995,4.165538,6.0,1
3134,6671,387211.08255802124,2807515.5584026244,1357.4108,24.929565,205.69537,-0.00684889,4.16732,6.0,1
3134,6672,387241.08255802124,2807515.5584026244,1345.6727,24.468098,195.75458,-0.008167013,4.1885366,6.0,1
3134,6673,387271.08255802124,2807515.5584026244,1332.3135,28.024956,178.68893,-0.009493477,4.031805,6.0,1
3134,6674,387301.08255802124,2807515.5584026244,1314.4857,35.139008,164.46774,-0.008768581,3.7524168,6.0,1
3134,6675,387331.08255802124,2807515.5584026244,1289.8699,41.697254,160.417,-0.0053383717,3.5167413,6.0,1
3134,6676,387361.08255802124,2807515.5584026244,1262.203,38.670113,162.44095,-0.0020003591,3.6239722,6.0,1
3134,6677,387391.08255802124,2807515.5584026244,1244.6613,31.4554,166.35278,-0.0017053568,3.8926606,6.0,1
3134,6678,387421.08255802124,2807515.5584026244,1226.6923,36.45838,169.902,-0.0024118042,3.7038746,6.0,1
3134,6679,387451.08255802124,2807515.5584026244,1199.3536,37.03314,169.81526,-0.0024423548,3.6829488,6.0,1
3135,6670,387181.08255802124,2807485.5584026244,1374.236,21.593319,183.17442,-0.0071197515,4.328061,6.0,1
3135,6671,387211.08255802124,2807485.5584026244,1361.6427,25.34477,179.70726,-0.008518948,4.148475,6.0,1
3135,6672,387241.08255802124,2807485.5584026244,1347.1411,31.09745,167.53116,-0.008782824,3.9067407,6.0,1
3135,6673,387271.08255802124,2807485.5584026244,1327.6788,37.701195,155.71483,-0.007318861,3.6587758,6.0,1
3135,6674,387301.08255802124,2807485.5584026244,1304.6907,41.924347,151.66197,-0.003976406,3.5087647,6.0,1
3135,6675,387331.08255802124,2807485.5584026244,1277.3741,41.68874,154.04228,-0.00038374122,3.5170405,6.0,1
3135,6676,387361.08255802124,2807485.5584026244,1254.4094,33.899773,156.90976,0.0002990045,3.7987444,6.0,1
3135,6677,387391.08255802124,2807485.5584026244,1239.7229,29.543373,163.19403,-0.0020971,3.9689946,6.0,1
3135,6678,387421.08255802124,2807485.5584026244,1221.5369,36.99661,169.3101,-0.0034688995,3.6842752,6.0,1
3135,6679,387451.08255802124,2807485.5584026244,1196.5665,38.03586,167.454,-0.002814365,3.646722,6.0,1
3136,6670,387181.08255802124,2807455.5584026244,1372.9567,23.208134,166.20203,-0.007694736,4.2480354,6.0,1
3136,6671,387211.08255802124,2807455.5584026244,1359.5793,31.63669,160.4577,-0.008559944,3.8855643,6.0,1
3136,6672,387241.08255802124,2807455.5584026244,1339.4894,40.570564,154.47662,-0.0064163213,3.5564337,6.0,1
3136,6673,387271.08255802124,2807455.5584026244,1311.2561,43.32495,149.7478,-0.0023764374,3.459701,6.0,1
3136,6674,387301.08255802124,2807455.5584026244,1286.4912,41.478485,149.51698,0.0012346059,3.5244322,6.0,1
3136,6675,387331.08255802124,2807455.5584026244,1264.613,37.01045,153.84772,0.0024682279,3.6837726,6.0,1
3136,6676,387361.08255802124,2807455.5584026244,1247.1522,28.319187,156.85365,5.9034443e-05,4.019466,6.0,1
3136,6677,387391.08255802124,2807455.5584026244,1236.772,28.258602,162.73103,-0.0039358176,4.022,6.0,1
3136,6678,387421.08255802124,2807455.5584026244,1218.1924,38.663067,166.19078,-0.005011224,3.6242244,6.0,1
3137,6671,387211.08255802124,2807425.5584026244,1351.3167,37.915176,155.34778,-0.0070833676,3.6510644,6.0,1
3137,6672,387241.08255802124,2807425.5584026244,1323.6277,43.462322,156.13666,-0.0031374446,3.4548984,6.0,1
3137,6673,387271.08255802124,2807425.5584026244,1296.4899,40.597992,156.46547,0.0010095219,3.5554647,6.0,1
3137,6674,387301.08255802124,2807425.5584026244,1276.5393,36.32916,158.93494,0.0028385762,3.7085967,6.0,1
3137,6675,387331.08255802124,2807425.5584026244,1257.2339,32.715042,159.15933,0.001949734,3.8438048,6.0,1
3137,6676,387361.08255802124,2807425.5584026244,1243.0986,27.309189,152.77014,-0.0014977693,4.0621843,6.0,1
3137,6677,387391.08255802124,2807425.5584026244,1231.6475,32.339573,151.95708,-0.0049293684,3.8582597,6.0,1
3137,6678,387421.08255802124,2807425.5584026244,1210.703,41.59764,156.74799,-0.004781223,3.5202422,6.0,1
3138,6672,387241.08255802124,2807395.5584026244,1313.6384,42.243446,158.36414,-0.0020241286,3.4975681,6.0,1
3138,6673,387271.08255802124,2807395.5584026244,1290.2448,38.173355,157.88069,0.0008431336,3.6417801,6.0,1
3138,6674,387301.08255802124,2807395.5584026244,1272.2324,36.01788,156.07568,0.0015223518,3.7199993,6.0,1
3138,6675,387331.08255802124,2807395.5584026244,1250.7081,34.82454,152.22868,0.00064185157,3.764101,6.0,1
3138,6676,387361.08255802124,2807395.5584026244,1234.373,31.825012,143.3538,-0.0015752837,3.8782163,6.0,1
3138,6677,387391.08255802124,2807395.5584026244,1219.5333,37.203827,146.33104,-0.0031989203,3.6767578,6.0,1
3139,6674,387301.08255802124,2807365.5584026244,1258.8895,38.12895,147.79189,0.0014544333,3.6433756,6.0,1
3139,6675,387331.08255802124,2807365.5584026244,1238.5503,36.30026,147.61578,0.0012504752,3.7096539,6.0,1
3208,8030,427981.08255802124,2805295.5584026244,1232.7556,10.369412,286.4165,-0.0007960681,5.0995617,3.0,1
3208,8031,428011.08255802124,2805295.5584026244,1236.5912,11.026339,298.50986,-0.0022591825,5.0366845,3.0,1
3209,8028,427921.08255802124,2805265.5584026244,1238.4978,4.5695252,273.07056,-0.0029442345,5.9278917,3.0,1
3209,8029,427951.08255802124,2805265.5584026244,1237.2189,3.2835958,225.37642,-0.0023457508,6.25939,3.0,1
3209,8030,427981.08255802124,2805265.5584026244,1235.9655,1.5650856,11.235884,-0.0021607461,7.001235,3.0,1
3209,8031,428011.08255802124,2805265.5584026244,1238.8134,4.9857073,29.61548,-0.0032736885,5.8403206,3.0,1
3209,8032,428041.08255802124,2805265.5584026244,1240.7738,3.3684576,79.85148,-0.0042902967,6.233816,3.0,1
3209,8033,428071.08255802124,2805265.5584026244,1238.4845,3.861576,136.36597,-0.00406484,6.096833,3.0,1
3210,8027,427891.08255802124,2805235.5584026244,1236.916,2.3903482,32.026993,-0.00337165,6.577405,3.0,1
3210,8028,427921.08255802124,2805235.5584026244,1237.4836,4.2121997,114.4896,-0.0031164212,6.0096354,3.0,1
3210,8029,427951.08255802124,2805235.5584026244,1234.6813,7.1921573,127.73765,-0.0018525864,5.4711614,3.0,1
3210,8030,427981.08255802124,2805235.5584026244,1232.4053,7.8894873,98.20891,-0.00083329936,5.377545,3.0,1
3210,8031,428011.08255802124,2805235.5584026244,1233.5383,10.513254,77.31762,-0.0011569554,5.0854754,3.0,1
3210,8032,428041.08255802124,2805235.5584026244,1234.9277,10.930939,84.18861,-0.0020718384,5.045591,3.0,1
3210,8033,428071.08255802124,2805235.5584026244,1235.1025,9.096011,95.026596,-0.0024600897,5.2331376,3.0,1
3210,8034,428101.08255802124,2805235.5584026244,1234.1608,8.129845,107.10319,-0.0019750637,5.34714,3.0,1
3211,8026,427861.08255802124,2805205.5584026244,1235.0084,2.6178007,87.47511,-0.0026526558,6.4863935,3.0,1
3211,8027,427891.08255802124,2805205.5584026244,1235.0497,5.541454,95.97929,-0.0022380573,5.7340426,3.0,1
3211,8028,427921.08255802124,2805205.5584026244,1234.053,7.175898,113.04425,-0.0015241156,5.4734488,3.0,1
3211,8029,427951.08255802124,2805205.5584026244,1231.3458,7.470529,127.37567,-0.00030442985,5.4327693,3.0,1
3211,8030,427981.08255802124,2805205.5584026244,1228.2058,6.406693,116.8659,0.0008694119,5.587901,3.0,1
3211,8031,428011.08255802124,2805205.5584026244,1227.2886,7.2465067,89.631004,0.0011516318,5.463553,3.0,1
3211,8032,428041.08255802124,2805205.5584026244,1228.1309,8.717114,80.94645,0.00051340734,5.2763786,3.0,1
3211,8033,428071.08255802124,2805205.5584026244,1229.1823,8.847331,86.26336,-0.00012230773,5.2613163,3.0,1
3211,8034,428101.08255802124,2805205.5584026244,1230.0212,8.932932,104.71844,0.00037719728,5.251531,3.0,1
3211,8035,428131.08255802124,2805205.5584026244,1226.3291,7.2539926,110.67644,0.0018484837,5.462509,3.0,1
3212,8026,427861.08255802124,2805175.5584026244,1232.3203,5.379325,116.059166,-0.0015361531,5.763917,3.0,1
3212,8027,427891.08255802124,2805175.5584026244,1230.7577,5.838355,107.37573,-0.0006728448,5.6815057,3.0,1
3212,8028,427921.08255802124,2805175.5584026244,1229.7147,5.204705,112.46543,-0.00024549695,5.7971053,3.0,1
3212,8029,427951.08255802124,2805175.5584026244,1228.5721,4.044448,133.99623,0.00013339569,6.0504165,3.0,1
3212,8030,427981.08255802124,2805175.5584026244,1227.3833,3.4073527,153.21954,0.00073503284,6.222309,3.0,1
3212,8031,428011.08255802124,2805175.5584026244,1225.6514,2.8903828,132.53409,0.0013387382,6.3871865,3.0,1
3212,8032,428041.08255802124,2805175.5584026244,1225.2073,4.3655376,93.15933,0.0015817261,5.9737453,3.0,1
3212,8033,428071.08255802124,2805175.5584026244,1226.0903,6.276467,89.57552,0.0017438761,5.608606,3.0,1
3212,8034,428101.08255802124,2805175.5584026244,1224.628,5.608165,98.46402,0.0024963717,5.722,3.0,1
3212,8035,428131.08255802124,2805175.5584026244,1224.4529,2.4150312,44.10192,0.0033104112,6.5671196,3.0,1
3213,8026,427861.08255802124,2805145.5584026244,1229.7737,5.6362886,121.33597,-0.00048116047,5.7169657,3.0,1
3213,8027,427891.08255802124,2805145.5584026244,1228.6774,4.7018957,109.14712,0.00010128438,5.89921,3.0,1
3213,8028,427921.08255802124,2805145.5584026244,1228.6116,3.6089242,98.75153,-6.1204715e-05,6.164691,3.0,1
3213,8029,427951.08255802124,2805145.5584026244,1228.3984,2.751363,116.71447,-0.00047319196,6.4365587,3.0,1
3213,8030,427981.08255802124,2805145.5584026244,1227.3344,3.2472036,144.8293,-0.00037312828,6.270559,3.0,1
3213,8031,428011.08255802124,2805145.5584026244,1225.5404,3.9095914,146.09904,0.00051628955,6.084438,3.0,1
3213,8032,428041.08255802124,2805145.5584026244,1223.5696,4.0908775,125.047325,0.0018117267,6.038964,3.0,1
3213,8033,428071.08255802124,2805145.5584026244,1221.759,3.6262732,90.80933,0.0029147337,6.1598825,3.0,1
3213,8034,428101.08255802124,2805145.5584026244,1223.0332,2.7623165,23.491556,0.0034576417,6.4325795,3.0,1
3213,8035,428131.08255802124,2805145.5584026244,1224.4183,6.4537477,336.48438,0.0030980427,5.5805216,3.0,1
3214,8026,427861.08255802124,2805115.5584026244,1227.4017,5.7451625,115.70307,7.286922e-05,5.6977067,3.0,1
3214,8027,427891.08255802124,2805115.5584026244,1225.822,5.26462,106.29719,0.00021925184,5.7855954,3.0,1
3214,8028,427921.08255802124,2805115.5584026244,1225.857,5.28704,89.659256,-0.00015879312,5.781322,3.0,1
3214,8029,427951.08255802124,2805115.5584026244,1226.2623,5.325249,97.52824,-0.00068603514,5.7740793,3.0,1
3214,8030,427981.08255802124,2805115.5584026244,1225.558,5.786056,115.902145,-0.0005097792,5.690566,3.0,1
3214,8031,428011.08255802124,2805115.5584026244,1223.7686,5.481366,123.5772,0.0006103855,5.7450128,3.0,1
3214,8032,428041.08255802124,2805115.5584026244,1221.6499,2.9782145,123.40218,0.0021343993,6.357199,3.0,1
3214,8033,428071.08255802124,2805115.5584026244,1221.0353,1.760662,350.57758,0.003151618,6.8834195,3.0,1
3214,8034,428101.08255802124,2805115.5584026244,1223.087,7.0237284,332.4103,0.0028879123,5.4951034,3.0,1
3214,8035,428131.08255802124,2805115.5584026244,1227.9741,11.18364,324.48688,0.0013801744,5.0221586,3.0,1
3215,8026,427861.08255802124,2805085.5584026244,1224.8907,5.6794543,106.99015,0.00042148164,5.709286,3.0,1
3215,8027,427891.08255802124,2805085.5584026244,1223.3434,5.2128696,108.83656,0.00025600853,5.7955294,3.0,1
3215,8028,427921.08255802124,2805085.5584026244,1222.9364,5.3118157,93.92011,6.917324e-05,5.77662,3.0,1
3215,8029,427951.08255802124,2805085.5584026244,1222.8738,6.0247207,99.07092,-1.0176268e-07,5.649858,3.0,1
3215,8030,427981.08255802124,2805085.5584026244,1221.8809,6.4617386,110.807144,0.0005803087,5.5792737,3.0,1
3215,8031,428011.08255802124,2805085.5584026244,1220.0958,4.270511,100.39741,0.0015241157,5.9958367,3.0,1
3215,8032,428041.08255802124,2805085.5584026244,1220.7245,2.4589605,358.39758,0.0020759073,6.5490713,3.0,1
3215,8033,428071.08255802124,2805085.5584026244,1222.4698,6.3971634,317.17627,0.0019240993,5.589402,3.0,1
3215,8034,428101.08255802124,2805085.5584026244,1225.6644,10.627058,322.16644,0.00079308386,5.0744605,3.0,1
3216,8027,427891.08255802124,2805055.5584026244,1220.8875,5.20665,112.84501,0.0005250719,5.7967296,3.0,1
3216,8028,427921.08255802124,2805055.5584026244,1220.3942,5.53824,100.77224,0.000679457,5.7346263,3.0,1
3216,8029,427951.08255802124,2805055.5584026244,1219.8608,5.4743705,99.38933,0.0010197279,5.7462974,3.0,1
3216,8030,427981.08255802124,2805055.5584026244,1218.8109,3.6837876,100.428764,0.0015712484,6.1441035,3.0,1
3216,8031,428011.08255802124,2805055.5584026244,1218.2548,2.6800153,9.199383,0.0017110527,6.462872,3.0,1
3216,8032,428041.08255802124,2805055.5584026244,1221.7974,7.0868,336.8282,0.0008654108,5.4860725,3.0,1
3216,8033,428071.08255802124,2805055.5584026244,1226.5424,8.368801,325.23218,-0.00045260967,5.3177667,3.0,1
3216,8034,428101.08255802124,2805055.5584026244,1230.2162,9.166004,331.43588,-0.0017971126,5.225341,3.0,1
3217,8028,427921.08255802124,2805025.5584026244,1217.0798,4.958667,105.80707,0.0014455838,5.8457866,3.0,1
3217,8029,427951.08255802124,2805025.5584026244,1216.6213,3.8126006,83.20547,0.0016692097,6.1096354,3.0,1
3217,8030,427981.08255802124,2805025.5584026244,1217.5494,2.5752358,33.0733,0.001512553,6.5028095,3.0,1
3217,8031,428011.08255802124,2805025.5584026244,1219.8145,5.0382967,353.28235,0.0006927829,5.829774,3.0,1
3217,8032,428041.08255802124,2805025.5584026244,1223.8226,7.4379597,355.1451,-0.00085639115,5.437188,3.0,1
3217,8033,428071.08255802124,2805025.5584026244,1228.2957,6.641646,6.5592523,-0.0023248969,5.5515714,3.0,1
3274,8048,428521.08255802124,2803315.5584026244,1213.6902,4.933477,75.31892,-0.0004881117,5.850905,3.0,1
3275,8045,428431.08255802124,2803285.5584026244,1213.0729,4.4658675,147.3017,0.00012695316,5.950933,3.0,1
3275,8046,428461.08255802124,2803285.5584026244,1211.373,3.8756583,131.97878,0.0006335788,6.093182,3.0,1
3275,8047,428491.08255802124,2803285.5584026244,1210.1322,5.0584884,104.41153,0.00080210366,5.8257537,3.0,1
3275,8048,428521.08255802124,2803285.5584026244,1209.933,6.6546836,81.93446,0.00044765888,5.5495925,3.0,1
3275,8049,428551.08255802124,2803285.5584026244,1211.1472,6.3396897,78.555695,-0.00024498836,5.5985017,3.0,1
3275,8050,428581.08255802124,2803285.5584026244,1211.514,5.096257,97.57341,-0.0006411065,5.818276,3.0,1
3276,8044,428401.08255802124,2803255.5584026244,1212.9266,5.757912,132.63322,-5.7237405e-05,5.695475,3.0,1
3276,8045,428431.08255802124,2803255.5584026244,1211.2487,4.855974,130.10022,0.00024166536,5.866816,3.0,1
3276,8046,428461.08255802124,2803255.5584026244,1209.8661,5.129902,134.77458,0.0007074992,5.811661,3.0,1
3276,8047,428491.08255802124,2803255.5584026244,1207.314,5.454882,124.65771,0.0013741388,5.7498856,3.0,1
3276,8048,428521.08255802124,2803255.5584026244,1205.856,5.0393314,83.63768,0.0013970269,5.829568,3.0,1
3276,8049,428551.08255802124,2803255.5584026244,1207.4956,5.335271,66.47336,0.00053812657,5.7721887,3.0,1
3276,8050,428581.08255802124,2803255.5584026244,1208.4828,5.085413,96.04357,-8.097335e-05,5.8204174,3.0,1
3276,8051,428611.08255802124,2803255.5584026244,1207.5266,5.8106403,105.14932,5.4897806e-05,5.686297,3.0,1
3277,8043,428371.08255802124,2803225.5584026244,1213.3951,5.3551536,144.11746,0.00028493244,5.768447,3.0,1
3277,8044,428401.08255802124,2803225.5584026244,1210.6066,4.574481,140.3411,0.00055243605,5.926803,3.0,1
3277,8045,428431.08255802124,2803225.5584026244,1209.5474,3.7006633,135.72578,0.00054541696,6.13952,3.0,1
3277,8046,428461.08255802124,2803225.5584026244,1207.9633,4.6601133,147.6442,0.00085238984,5.908176,3.0,1
3277,8047,428491.08255802124,2803225.5584026244,1205.1824,3.9059024,146.87721,0.001495158,6.085385,3.0,1
3277,8048,428521.08255802124,2803225.5584026244,1204.3904,1.844523,71.183304,0.0014513143,6.8368583,3.0,1
3277,8049,428551.08255802124,2803225.5584026244,1206.1493,2.8349895,54.063484,0.0006241862,6.4065695,3.0,1
3277,8050,428581.08255802124,2803225.5584026244,1206.5024,3.782594,112.30839,0.00029127332,6.11756,3.0,1
3277,8051,428611.08255802124,2803225.5584026244,1204.3839,4.899207,115.448044,0.00081044517,5.8579097,3.0,1
3277,8052,428641.08255802124,2803225.5584026244,1204.0615,4.877033,85.002785,0.001115248,5.862468,3.0,1
3278,8043,428371.08255802124,2803195.5584026244,1211.7308,4.401989,153.53093,0.00069831003,5.965398,3.0,1
3278,8044,428401.08255802124,2803195.5584026244,1209.8606,3.2069247,157.59406,0.0007558186,6.2830667,3.0,1
3278,8045,428431.08255802124,2803195.5584026244,1208.7499,2.9280527,158.49524,0.0006189304,6.3742156,3.0,1
3278,8046,428461.08255802124,2803195.5584026244,1207.0933,3.642461,166.69745,0.00074859627,6.1554165,3.0,1
3278,8047,428491.08255802124,2803195.5584026244,1204.8885,2.5192173,178.87721,0.0009937541,6.5248313,3.0,1
3278,8048,428521.08255802124,2803195.5584026244,1204.5255,0.21026811,64.84495,0.00075768365,9.008792,3.0,1
3278,8049,428551.08255802124,2803195.5584026244,1205.266,1.6060166,82.160355,0.00027794734,6.9754057,3.0,1
3278,8050,428581.08255802124,2803195.5584026244,1204.6497,3.2322154,130.08247,0.00044264056,6.275195,3.0,1
3278,8051,428611.08255802124,2803195.5584026244,1202.7426,3.0657191,133.93417,0.001225552,6.3281875,3.0,1
3278,8052,428641.08255802124,2803195.5584026244,1202.0,1.9580709,81.77418,0.001703254,6.7770753,3.0,1
3279,8043,428371.08255802124,2803165.5584026244,1211.0009,3.2436738,167.8514,0.00073228625,6.271649,3.0,1
3279,8044,428401.08255802124,2803165.5584026244,1209.8253,2.8561916,169.95622,0.000690918,6.3991065,3.0,1
3279,8045,428431.08255802124,2803165.5584026244,1208.3785,3.2354777,164.16025,0.0006603665,6.274184,3.0,1
3279,8046,428461.08255802124,2803165.5584026244,1206.5822,2.9837906,163.89839,0.0006799655,6.355325,3.0,1
3279,8047,428491.08255802124,2803165.5584026244,1205.598,2.1931868,165.65977,0.0005693902,6.6635804,3.0,1
3279,8048,428521.08255802124,2803165.5584026244,1204.7333,1.6283234,132.57524,0.00035200335,6.961604,3.0,1
3279,8049,428551.08255802124,2803165.5584026244,1204.2506,2.2707634,112.90117,0.00031389025,6.6287847,3.0,1
3279,8050,428581.08255802124,2803165.5584026244,1203.2908,2.508375,131.30957,0.00072859024,6.52915,3.0,1
3279,8051,428611.08255802124,2803165.5584026244,1202.3359,1.2402736,148.32892,0.0013626777,7.2339363,3.0,1
3279,8052,428641.08255802124,2803165.5584026244,1202.1125,0.9580822,320.4769,0.0016959636,7.4921527,3.0,1
3280,8043,428371.08255802124,2803135.5584026244,1211.1381,3.2084699,194.26976,0.0004986233,6.282584,3.0,1
3280,8044,428401.08255802124,2803135.5584026244,1209.7012,3.3118544,182.97765,0.00067060674,6.2508016,3.0,1
3280,8045,428431.08255802124,2803135.5584026244,1207.5732,3.5481505,174.2277,0.00089847133,6.1817183,3.0,1
3280,8046,428461.08255802124,2803135.5584026244,1205.9028,3.1162944,162.50757,0.0009851413,6.311793,3.0,1
3280,8047,428491.08255802124,2803135.5584026244,1204.9766,3.3173194,144.77852,0.00090264215,6.249149,3.0,1
3280,8048,428521.08255802124,2803135.5584026244,1203.2634,3.3771703,126.040794,0.00087849936,6.231227,3.0,1
3280,8049,428551.08255802124,2803135.5584026244,1202.6781,2.7329693,106.532234,0.0009840901,6.443277,3.0,1
3280,8050,428581.08255802124,2803135.5584026244,1202.3209,1.3678204,101.540665,0.0011860826,7.136016,3.0,1
3280,8051,428611.08255802124,2803135.5584026244,1202.0905,0.9723703,320.6572,0.0013269382,7.477347,3.0,1
3280,8052,428641.08255802124,2803135.5584026244,1202.9048,3.196096,309.62128,0.0011961196,6.2864566,3.0,1
3281,8044,428401.08255802124,2803105.5584026244,1209.8757,3.876026,208.41875,0.0005403307,6.0930867,3.0,1
3281,8045,428431.08255802124,2803105.5584026244,1207.9413,4.1362333,217.42853,0.00075998955,6.0278997,3.0,1
3281,8046,428461.08255802124,2803105.5584026244,1205.9095,4.669713,207.66525,0.0009620497,5.9061093,3.0,1
3281,8047,428491.08255802124,2803105.5584026244,1203.453,4.2921686,185.51912,0.0013652886,5.990759,3.0,1
3281,8048,428521.08255802124,2803105.5584026244,1201.6729,2.5765464,161.97995,0.0017399767,6.5023003,3.0,1
3281,8049,428551.08255802124,2803105.5584026244,1201.0646,0.5816978,88.79724,0.0017523872,7.9911942,3.0,1
3281,8050,428581.08255802124,2803105.5584026244,1201.7404,2.1462312,330.25446,0.0013634576,6.685243,3.0,1
3281,8051,428611.08255802124,2803105.5584026244,1203.008,4.7626843,310.80054,0.00068891735,5.886306,3.0,1
3281,8052,428641.08255802124,2803105.5584026244,1204.9011,6.5994473,302.10178,-0.000116204115,5.5580025,3.0,1
3282,8044,428401.08255802124,2803075.5584026244,1211.1539,4.307857,240.09097,-0.00020409469,5.987097,3.0,1
3282,8045,428431.08255802124,2803075.5584026244,1210.5215,5.91026,249.66516,-0.00048706052,5.669179,3.0,1
3282,8046,428461.08255802124,2803075.5584026244,1209.102,7.937582,228.11107,-0.0002931044,5.3713894,3.0,1
3282,8047,428491.08255802124,2803075.5584026244,1204.732,7.763278,212.81775,0.0008620877,5.3938737,3.0,1
3282,8048,428521.08255802124,2803075.5584026244,1202.2856,4.086369,210.81013,0.0019911702,6.04007,3.0,1
3282,8049,428551.08255802124,2803075.5584026244,1201.5372,1.3925174,290.89154,0.002105272,7.1181145,3.0,1
3282,8050,428581.08255802124,2803075.5584026244,1203.1443,4.6085334,330.3188,0.0011088393,5.919355,3.0,1
3282,8051,428611.08255802124,2803075.5584026244,1206.0471,7.143726,321.97003,-0.00051293266,5.477989,3.0,1
3283,8045,428431.08255802124,2803045.5584026244,1214.2687,5.145613,254.75555,-0.0023865425,5.808586,3.0,1
3283,8046,428461.08255802124,2803045.5584026244,1212.9316,7.551385,216.77296,-0.0020503742,5.42188,3.0,1
3283,8047,428491.08255802124,2803045.5584026244,1207.9928,9.049984,204.32776,-0.00026845292,5.2382965,3.0,1
3283,8048,428521.08255802124,2803045.5584026244,1203.304,5.7186103,205.75319,0.0015964762,5.70237,3.0,1
3283,8049,428551.08255802124,2803045.5584026244,1202.0447,1.0834159,266.95822,0.0021010337,7.3691864,3.0,1
3283,8050,428581.08255802124,2803045.5584026244,1203.5996,4.6302276,357.93845,0.0009616428,5.914638,3.0,1
3595,8357,437791.08255802124,2793685.5584026244,822.44806,14.958001,89.4728,0.0016979642,4.7210913,3.0,1
3595,8358,437821.08255802124,2793685.5584026244,822.9525,15.662857,79.274666,0.0017344325,4.6727786,3.0,1
3596,8355,437731.08255802124,2793655.5584026244,818.33124,11.950884,101.141106,-0.00030100497,4.953968,3.0,1
3596,8356,437761.08255802124,2793655.5584026244,816.3031,12.440277,103.5066,0.0010913934,4.9125957,3.0,1
3596,8357,437791.08255802124,2793655.5584026244,814.89996,12.010076,90.038284,0.0022168818,4.94888,3.0,1
3596,8358,437821.08255802124,2793655.5584026244,816.0862,11.941091,74.93402,0.0020488487,4.954812,3.0,1
3596,8359,437851.08255802124,2793655.5584026244,818.23706,12.040799,76.40664,0.0010983784,4.946249,3.0,1
3596,8360,437881.08255802124,2793655.5584026244,819.03253,12.390348,95.194824,0.00055353774,4.9167457,3.0,1
3597,8354,437701.08255802124,2793625.5584026244,812.8581,11.454625,95.34047,-0.0005059475,4.9975824,3.0,1
3597,8355,437731.08255802124,2793625.5584026244,812.3657,11.405703,101.962776,6.474815e-05,5.001978,3.0,1
3597,8356,437761.08255802124,2793625.5584026244,810.32434,10.856345,103.94173,0.0013794452,5.052606,3.0,1
3597,8357,437791.08255802124,2793625.5584026244,809.34753,9.512915,84.66434,0.0021816508,5.1875257,3.0,1
3597,8358,437821.08255802124,2793625.5584026244,811.0021,9.153941,64.64514,0.0015514967,5.2266803,3.0,1
3597,8359,437851.08255802124,2793625.5584026244,813.15234,7.9970922,70.98038,0.00027784577,5.363823,3.0,1
3597,8360,437881.08255802124,2793625.5584026244,813.1526,7.472499,100.21783,-0.0004270936,5.4325023,3.0,1
3597,8361,437911.08255802124,2793625.5584026244,811.88947,8.606475,119.83582,-0.00023837609,5.2893486,3.0,1
3598,8353,437671.08255802124,2793595.5584026244,807.5797,11.704853,98.42845,0.00040025508,4.9753723,3.0,1
3598,8354,437701.08255802124,2793595.5584026244,806.9257,12.909324,96.596985,0.00044040254,4.8743496,3.0,1
3598,8355,437731.08255802124,2793595.5584026244,806.5098,12.492654,95.87177,0.0008924525,4.908259,3.0,1
3598,8356,437761.08255802124,2793595.5584026244,804.8842,9.766365,91.917595,0.0014774238,5.160729,3.0,1
3598,8357,437791.08255802124,2793595.5584026244,804.88794,7.285017,67.97588,0.0013720873,5.458195,3.0,1
3598,8358,437821.08255802124,2793595.5584026244,807.48553,7.1204515,48.198742,8.307543e-05,5.4812865,3.0,1
3598,8359,437851.08255802124,2793595.5584026244,810.50214,5.7479043,60.08842,-0.0016212465,5.6972265,3.0,1
3598,8360,437881.08255802124,2793595.5584026244,811.2264,5.675234,108.22675,-0.0024997627,5.710035,3.0,1
3598,8361,437911.08255802124,2793595.5584026244,809.0239,9.622693,129.08723,-0.0018424478,5.1758356,3.0,1
3598,8362,437941.08255802124,2793595.5584026244,805.30115,13.20311,127.28372,0.00049928454,4.851049,3.0,1
3599,8353,437671.08255802124,2793565.5584026244,801.1921,11.377031,110.33704,0.0013936191,5.0045624,3.0,1
3599,8354,437701.08255802124,2793565.5584026244,798.79956,13.257806,102.472885,0.0021513025,4.846764,3.0,1
3599,8355,437731.08255802124,2793565.5584026244,798.1212,12.4287405,84.86612,0.0023179627,4.913553,3.0,1
3599,8356,437761.08255802124,2793565.5584026244,799.97644,9.282624,63.084293,0.0013753595,5.2124767,3.0,1
3599,8357,437791.08255802124,2793565.5584026244,803.00085,6.757254,47.111813,-0.00016599875,5.5341563,3.0,1
3599,8358,437821.08255802124,2793565.5584026244,805.6013,6.7262006,57.61073,-0.0017881098,5.5388055,3.0,1
3599,8359,437851.08255802124,2793565.5584026244,807.9512,8.709092,80.78143,-0.0031867982,5.2773137,3.0,1
3599,8360,437881.08255802124,2793565.5584026244,808.01575,11.793777,106.9982,-0.0035960728,4.9675875,3.0,1
3599,8361,437911.08255802124,2793565.5584026244,804.7106,16.092657,122.89947,-0.0019994103,4.6442704,3.0,1
3599,8362,437941.08255802124,2793565.5584026244,797.6371,17.093828,122.40246,0.0014502292,4.580405,3.0,1
3600,8353,437671.08255802124,2793535.5584026244,796.5559,9.461725,130.38133,0.002065328,5.1930213,3.0,1
3600,8354,437701.08255802124,2793535.5584026244,792.309,9.555288,117.212074,0.0034651186,5.182998,3.0,1
3600,8355,437731.08255802124,2793535.5584026244,791.5546,9.108905,69.66374,0.0033170404,5.2316966,3.0,1
3600,8356,437761.08255802124,2793535.5584026244,796.72986,10.499865,44.48854,0.0010525682,5.086779,3.0,1
3600,8357,437791.08255802124,2793535.5584026244,801.1744,8.747617,58.9247,-0.0014102173,5.2728305,3.0,1
3600,8358,437821.08255802124,2793535.5584026244,802.23193,10.323207,89.604095,-0.0026159496,5.1041265,3.0,1
3600,8359,437851.08255802124,2793535.5584026244,800.82153,14.341438,98.12133,-0.0029288908,4.765076,3.0,1
3600,8360,437881.08255802124,2793535.5584026244,799.5519,17.727316,108.140396,-0.0023958334,4.5416756,3.0,1
3600,8361,437911.08255802124,2793535.5584026244,794.1313,20.05379,118.91729,-7.8871264e-05,4.4089627,3.0,1
3600,8362,437941.08255802124,2793535.5584026244,788.62604,17.198668,113.96414,0.0033766006,4.5739098,3.0,1
3601,8353,437671.08255802124,2793505.5584026244,793.8685,7.535496,149.26433,0.0017331273,5.4240108,3.0,1
3601,8354,437701.08255802124,2793505.5584026244,789.3238,5.843219,145.50763,0.003104248,5.6806674,3.0,1
3601,8355,437731.08255802124,2793505.5584026244,788.46747,5.006247,58.60166,0.0028697373,5.8361883,3.0,1
3601,8356,437761.08255802124,2793505.5584026244,792.67816,9.5359335,46.004696,0.0005926514,5.185064,3.0,1
3601,8357,437791.08255802124,2793505.5584026244,796.0805,10.1878605,77.68915,-0.0015407137,5.11761,3.0,1
3601,8358,437821.08255802124,2793505.5584026244,795.1107,13.343017,105.02491,-0.0019521586,4.8401213,3.0,1
3601,8359,437851.08255802124,2793505.5584026244,792.13794,16.072565,108.03762,-0.0013432481,4.645588,3.0,1
3601,8360,437881.08255802124,2793505.5584026244,789.38806,17.85961,112.16349,-0.00013668489,4.53374,3.0,1
3601,8361,437911.08255802124,2793505.5584026244,784.87256,18.865,119.617874,0.0023967829,4.4750366,3.0,1
3601,8362,437941.08255802124,2793505.5584026244,779.2558,14.957937,102.973526,0.005159336,4.7210956,3.0,1
3602,8353,437671.08255802124,2793475.5584026244,792.0777,5.5663924,153.7262,0.00055353803,5.729524,3.0,1
3602,8354,437701.08255802124,2793475.5584026244,789.5521,4.4035287,167.09546,0.001374783,5.9650464,3.0,1
3602,8355,437731.08255802124,2793475.5584026244,787.6377,1.9308466,84.60357,0.001289232,6.791087,3.0,1
3602,8356,437761.08255802124,2793475.5584026244,789.37555,6.013868,55.190987,-0.00014002479,5.6516743,3.0,1
3602,8357,437791.08255802124,2793475.5584026244,790.796,7.715852,93.63156,-0.0014614022,5.4000764,3.0,1
3602,8358,437821.08255802124,2793475.5584026244,788.2044,11.482537,121.48641,-0.0013217671,4.9950824,3.0,1
3602,8359,437851.08255802124,2793475.5584026244,784.2771,14.369604,121.63633,-0.00011423748,4.7630296,3.0,1
3602,8360,437881.08255802124,2793475.5584026244,780.9187,16.341684,118.57034,0.0016606987,4.6280622,3.0,1
3602,8361,437911.08255802124,2793475.5584026244,776.3249,16.048733,119.50824,0.0041339793,4.647152,3.0,1
3603,8354,437701.08255802124,2793445.5584026244,789.361,4.860586,143.72414,-0.0003159248,5.8658624,3.0,1
3603,8355,437731.08255802124,2793445.5584026244,787.2,4.557338,119.2426,-0.00011878123,5.9305735,3.0,1
3603,8356,437761.08255802124,2793445.5584026244,787.1207,5.9358697,81.06303,-0.00086983584,5.664824,3.0,1
3603,8357,437791.08255802124,2793445.5584026244,787.70337,6.9973216,104.0005,-0.0019254218,5.498908,3.0,1
3603,8358,437821.08255802124,2793445.5584026244,784.9708,11.269184,135.79393,-0.0016395908,5.01434,3.0,1
3603,8359,437851.08255802124,2793445.5584026244,779.2206,15.119465,135.53967,0.0003578186,4.709845,3.0,1
3603,8360,437881.08255802124,2793445.5584026244,773.014,15.377619,124.91723,0.0029623585,4.692088,3.0,1
3603,8361,437911.08255802124,2793445.5584026244,768.7366,11.337976,112.57336,0.005004391,5.008093,3.0,1
3604,8355,437731.08255802124,2793415.5584026244,784.0051,8.185679,121.83124,-0.0005292426,5.340202,3.0,1
3604,8356,437761.08255802124,2793415.5584026244,782.4063,8.898248,95.06369,-0.00089360564,5.2554846,3.0,1
3604,8357,437791.08255802124,2793415.5584026244,783.71655,10.17431,101.5631,-0.0020259432,5.1189694,3.0,1
3604,8358,437821.08255802124,2793415.5584026244,780.75073,14.416372,131.93721,-0.0016976591,4.7596393,3.0,1
3604,8359,437851.08255802124,2793415.5584026244,772.9201,17.237421,138.00043,0.0010185579,4.571518,3.0,1
3604,8360,437881.08255802124,2793415.5584026244,765.66833,12.87272,125.80466,0.004018555,4.8772874,3.0,1
3664,2217,253591.08255802124,2791615.5584026244,241.18787,18.391108,315.52972,-4.602621e-05,4.5023627,3.0,1
3664,2218,253621.08255802124,2791615.5584026244,247.62125,13.061604,305.8154,-0.0016353437,4.862211,3.0,1
3664,2219,253651.08255802124,2791615.5584026244,249.84738,10.824524,294.56708,-0.001521386,5.0556126,3.0,1
3664,2220,253681.08255802124,2791615.5584026244,252.36014,10.937541,291.63214,-0.001029892,5.044972,3.0,1
3664,2221,253711.08255802124,2791615.5584026244,253.79915,10.755131,277.75348,-0.0007865311,5.0621986,3.0,1
3665,2215,253531.08255802124,2791585.5584026244,240.1084,21.437386,278.08255,0.0022827617,4.3360376,3.0,1
3665,2216,253561.08255802124,2791585.5584026244,242.95284,20.787813,291.2521,0.001173507,4.3697796,3.0,1
3665,2217,253591.08255802124,2791585.5584026244,248.82799,16.984533,300.75674,-6.362895e-05,4.587214,3.0,1
3665,2218,253621.08255802124,2791585.5584026244,252.75285,11.829847,297.22394,-0.0006094827,4.9644456,3.0,1
3665,2219,253651.08255802124,2791585.5584026244,254.6845,10.459986,296.91437,-0.0005976699,5.0906706,3.0,1
3665,2220,253681.08255802124,2791585.5584026244,257.62033,11.648132,296.6649,-0.00088467065,4.980367,3.0,1
3665,2221,253711.08255802124,2791585.5584026244,259.9038,11.934374,280.03568,-0.0013473086,4.9553914,3.0,1
3665,2222,253741.08255802124,2791585.5584026244,259.72934,11.894707,263.42206,-0.0013587994,4.9588184,3.0,1
3666,2215,253531.08255802124,2791555.5584026244,253.35588,19.71232,277.43582,-0.00015357113,4.4275975,3.0,1
3666,2216,253561.08255802124,2791555.5584026244,255.04443,17.637846,282.16815,-0.00048093585,4.5470715,3.0,1
3666,2217,253591.08255802124,2791555.5584026244,256.31793,14.759739,286.92508,-0.00030571842,4.735052,3.0,1
3666,2218,253621.08255802124,2791555.5584026244,257.8592,12.123792,284.77002,5.1519637e-05,4.939172,3.0,1
3666,2219,253651.08255802124,2791555.5584026244,258.942,11.837275,294.30908,-7.9074496e-05,4.9638,3.0,1
3666,2220,253681.08255802124,2791555.5584026244,263.44174,13.176181,300.73083,-0.0012525264,4.853164,3.0,1
3666,2221,253711.08255802124,2791555.5584026244,266.75458,12.809284,283.58093,-0.0026108935,4.8823967,3.0,1
3666,2222,253741.08255802124,2791555.5584026244,266.6906,12.638904,259.74756,-0.0028597047,4.896238,3.0,1
3666,2223,253771.08255802124,2791555.5584026244,264.5307,12.281659,238.84064,-0.001719746,4.9258347,3.0,1
3667,2214,253501.08255802124,2791525.5584026244,261.8794,15.806959,279.84415,-0.00057363295,4.663143,3.0,1
3667,2215,253531.08255802124,2791525.5584026244,262.13046,13.994601,272.49377,-0.001233847,4.790585,3.0,1
3667,2216,253561.08255802124,2791525.5584026244,261.86667,12.644922,278.00327,-0.0008910965,4.895746,3.0,1
3667,2217,253591.08255802124,2791525.5584026244,263.5709,12.716079,283.14188,-0.0004474385,4.889947,3.0,1
3667,2218,253621.08255802124,2791525.5584026244,264.84482,12.35947,278.59433,-0.00014858245,4.9193206,3.0,1
3667,2219,253651.08255802124,2791525.5584026244,265.6099,12.104625,290.64597,-0.00053097634,4.940802,3.0,1
3667,2220,253681.08255802124,2791525.5584026244,269.51932,12.901297,304.2947,-0.0022951423,4.8749933,3.0,1
3667,2221,253711.08255802124,2791525.5584026244,273.47687,11.4658785,289.0544,-0.0043824427,4.996574,3.0,1
3667,2222,253741.08255802124,2791525.5584026244,273.72604,11.163138,253.69313,-0.0047998894,5.0240407,3.0,1
3667,2223,253771.08255802124,2791525.5584026244,269.8207,12.792665,227.02824,-0.002972268,4.8837395,3.0,1
3668,2214,253501.08255802124,2791495.5584026244,268.8578,13.0366125,276.098,-0.0015071658,4.864194,3.0,1
3668,2215,253531.08255802124,2791495.5584026244,268.10754,12.067324,266.7605,-0.001425811,4.943982,3.0,1
3668,2216,253561.08255802124,2791495.5584026244,267.6067,11.98457,276.68777,-0.00095810794,4.95107,3.0,1
3668,2217,253591.08255802124,2791495.5584026244,269.7613,11.719949,283.00897,-0.0009471047,4.974047,3.0,1
3668,2218,253621.08255802124,2791495.5584026244,271.14896,10.077866,273.0994,-0.0010008239,5.128695,3.0,1
3668,2219,253651.08255802124,2791495.5584026244,270.91806,8.107414,286.96625,-0.0013722822,5.34994,3.0,1
3668,2220,253681.08255802124,2791495.5584026244,274.36597,8.327516,319.26605,-0.0031420134,5.322783,3.0,1
3668,2221,253711.08255802124,2791495.5584026244,278.34607,5.7646155,311.51932,-0.0054884763,5.6943035,3.0,1
3668,2222,253741.08255802124,2791495.5584026244,278.59592,5.5616937,238.30113,-0.0061424,5.730374,3.0,1
3668,2223,253771.08255802124,2791495.5584026244,274.5842,10.724363,216.83315,-0.0043154396,5.0651317,3.0,1
3669,2214,253501.08255802124,2791465.5584026244,275.19797,11.822625,270.73532,-0.0028092535,4.965074,3.0,1
3669,2215,253531.08255802124,2791465.5584026244,274.611,12.422423,271.03378,-0.0026504686,4.9140778,3.0,1
3669,2216,253561.08255802124,2791465.5584026244,274.81345,13.520489,275.96094,-0.0027257877,4.8264112,3.0,1
3669,2217,253591.08255802124,2791465.5584026244,275.79617,11.921423,272.57886,-0.0029074182,4.956509,3.0,1
3669,2218,253621.08255802124,2791465.5584026244,275.9584,8.663167,253.83344,-0.0026185522,5.2826824,3.0,1
3669,2219,253651.08255802124,2791465.5584026244,273.7499,4.1394877,248.37308,-0.0022946761,6.02711,3.0,1
3669,2220,253681.08255802124,2791465.5584026244,274.82645,2.8867533,41.039066,-0.0030633544,6.3884454,3.0,1
3669,2221,253711.08255802124,2791465.5584026244,277.64655,6.942955,72.34009,-0.0045910724,5.5067854,3.0,1
3669,2222,253741.08255802124,2791465.5584026244,278.22028,6.259612,93.83374,-0.0054841195,5.6113167,3.0,1
3669,2223,253771.08255802124,2791465.5584026244,276.54645,3.5690215,173.81479,-0.0050630188,6.1758385,3.0,1
3670,2215,253531.08255802124,2791435.5584026244,280.99304,7.136729,290.842,-0.0048478614,5.4789796,3.0,1
3670,2216,253561.08255802124,2791435.5584026244,283.26236,8.445374,282.21548,-0.0058334265,5.3085265,3.0,1
3670,2217,253591.08255802124,2791435.5584026244,282.9621,7.613333,250.7174,-0.00602094,5.4136133,3.0,1
3670,2218,253621.08255802124,2791435.5584026244,279.71002,7.2940407,217.63356,-0.0050848727,5.456944,3.0,1
3670,2219,253651.08255802124,2791435.5584026244,275.7164,6.509797,185.73924,-0.003750763,5.5718,3.0,1
3670,2220,253681.08255802124,2791435.5584026244,272.35513,8.557553,131.47105,-0.0025757682,5.295135,3.0,1
3670,2221,253711.08255802124,2791435.5584026244,269.62338,13.91632,99.30491,-0.0019660569,4.7964225,3.0,1
3670,2222,253741.08255802124,2791435.5584026244,270.20364,15.425141,79.7065,-0.002577765,4.688849,3.0,1
3670,2223,253771.08255802124,2791435.5584026244,273.82532,10.93663,65.74642,-0.004178823,5.0450573,3.0,1
3671,2215,253531.08255802124,2791405.5584026244,281.77008,8.445071,63.52841,-0.005701786,5.3085628,3.0,1
3671,2216,253561.08255802124,2791405.5584026244,284.45245,7.660214,71.11789,-0.0073161405,5.407401,3.0,1
3671,2217,253591.08255802124,2791405.5584026244,284.1866,6.9358897,117.38498,-0.007899474,5.5078135,3.0,1
3671,2218,253621.08255802124,2791405.5584026244,279.81857,9.293802,142.33452,-0.007031343,5.2112517,3.0,1
3671,2219,253651.08255802124,2791405.5584026244,276.39664,13.616345,143.74998,-0.004978455,4.8190756,3.0,1
3671,2220,253681.08255802124,2791405.5584026244,268.41147,18.626991,134.85312,-0.0017842399,4.4886866,3.0,1
3671,2221,253711.08255802124,2791405.5584026244,260.76935,19.030615,110.12404,0.0010626349,4.4656243,3.0,1
3671,2222,253741.08255802124,2791405.5584026244,259.70557,19.351358,76.20349,0.0011171468,4.4475923,3.0,1
3672,2216,253561.08255802124,2791375.5584026244,274.8548,19.998234,83.51008,-0.0055640754,4.4119763,3.0,1
3672,2217,253591.08255802124,2791375.5584026244,276.936,19.240822,93.467834,-0.0067886054,4.453778,3.0,1
3672,2218,253621.08255802124,2791375.5584026244,274.24582,18.705647,111.356575,-0.006806289,4.4841595,3.0,1
3672,2219,253651.08255802124,2791375.5584026244,268.672,23.129564,128.29535,-0.0044380105,4.2518263,3.0,1
3672,2220,253681.08255802124,2791375.5584026244,257.5326,26.47797,129.20233,0.00015231245,4.0981483,3.0,1
3672,2221,253711.08255802124,2791375.5584026244,248.96515,22.687084,108.96402,0.004033364,4.2733655,3.0,1
3672,2222,253741.08255802124,2791375.5584026244,248.6144,21.180826,74.04299,0.0043119392,4.349264,3.0,1
3673,2218,253621.08255802124,2791345.5584026244,262.31897,22.355053,102.5031,-0.004783558,4.2897444,3.0,1
3673,2219,253651.08255802124,2791345.5584026244,257.3127,25.609976,127.99906,-0.0026213755,4.1365557,3.0,1
3673,2220,253681.08255802124,2791345.5584026244,243.62234,27.005083,131.61674,0.002507778,4.0752535,3.0,1
3724,2224,253801.08255802124,2789815.5584026244,157.69719,23.20429,53.82428,0.0009139677,4.2482204,3.0,1
3724,2225,253831.08255802124,2789815.5584026244,163.56854,27.131077,56.664692,0.0013344913,4.0698266,3.0,1
3724,2226,253861.08255802124,2789815.5584026244,174.84589,30.171959,54.03026,0.00033786765,3.9435844,3.0,1
3724,2227,253891.08255802124,2789815.5584026244,185.25124,28.017658,65.28425,-0.0009141918,4.032112,3.0,1
3725,2223,253771.08255802124,2789785.5584026244,143.70308,16.687366,42.62222,-0.00019506243,4.6059237,3.0,1
3725,2224,253801.08255802124,2789785.5584026244,149.20128,16.439219,50.42877,0.0021308772,4.621774,3.0,1
3725,2225,253831.08255802124,2789785.5584026244,153.65054,19.197731,47.229225,0.0036567342,4.4561973,3.0,1
3725,2226,253861.08255802124,2789785.5584026244,162.53842,22.98715,43.845013,0.0032571708,4.2587237,3.0,1
3725,2227,253891.08255802124,2789785.5584026244,171.15977,20.917593,49.310368,0.0013334404,4.3629704,3.0,1
3725,2228,253921.08255802124,2789785.5584026244,176.6363,16.354748,50.269215,-0.002015737,4.6272182,3.0,1
3725,2229,253951.08255802124,2789785.5584026244,183.13123,13.177764,75.270874,-0.0063965404,4.8530397,3.0,1
3726,2222,253741.08255802124,2789755.5584026244,130.41473,21.4753,40.896713,-0.0015514909,4.334094,3.0,1
3726,2223,253771.08255802124,2789755.5584026244,137.86874,16.68151,39.60523,-0.0007693884,4.606295,3.0,1
3726,2224,253801.08255802124,2789755.5584026244,143.49571,13.836336,36.246548,0.001157337,4.802418,3.0,1
3726,2225,253831.08255802124,2789755.5584026244,149.21036,14.333202,26.78525,0.0025816855,4.7656755,3.0,1
3726,2226,253861.08255802124,2789755.5584026244,156.41977,17.146973,18.704742,0.0019127144,4.5771084,3.0,1
3726,2227,253891.08255802124,2789755.5584026244,165.93654,17.341667,10.9468,-0.0018356709,4.565106,3.0,1
3726,2228,253921.08255802124,2789755.5584026244,175.18758,12.237285,10.773437,-0.007752202,4.9295673,3.0,1
3726,2229,253951.08255802124,2789755.5584026244,181.20638,13.1906395,122.131546,-0.011447861,4.852028,3.0,1
3727,2221,253711.08255802124,2789725.5584026244,108.61974,26.816288,35.293385,0.001604557,4.083418,3.0,1
3727,2222,253741.08255802124,2789725.5584026244,122.57186,23.793695,30.196995,-0.0012877292,4.2200866,3.0,1
3727,2223,253771.08255802124,2789725.5584026244,132.78429,17.87751,27.675121,-0.0021076142,4.5326705,3.0,1
3727,2224,253801.08255802124,2789725.5584026244,140.09816,14.563737,22.347662,-0.0013586576,4.7490225,3.0,1
3727,2225,253831.08255802124,2789725.5584026244,147.8255,14.243804,16.568665,-0.0007696234,4.772199,3.0,1
3727,2226,253861.08255802124,2789725.5584026244,155.65639,17.063387,12.382112,-0.0025574584,4.582298,3.0,1
3727,2227,253891.08255802124,2789725.5584026244,167.00198,18.297737,14.876477,-0.008082157,4.5078177,3.0,1
3727,2228,253921.08255802124,2789725.5584026244,177.6024,12.645545,61.827503,-0.014288802,4.895695,3.0,1
3727,2229,253951.08255802124,2789725.5584026244,175.62671,31.714157,133.53583,-0.013963474,3.8825388,3.0,1
3727,2230,253981.08255802124,2789725.5584026244,149.92027,46.872684,140.25616,-0.0043421616,3.3357818,3.0,1
3728,2221,253711.08255802124,2789695.5584026244,102.48645,26.242004,26.530844,0.0023197723,4.1085005,3.0,1
3728,2222,253741.08255802124,2789695.5584026244,117.61827,25.56927,26.882881,-0.0014494432,4.138379,3.0,1
3728,2223,253771.08255802124,2789695.5584026244,129.01607,21.03876,31.213488,-0.0033304505,4.3566437,3.0,1
3728,2224,253801.08255802124,2789695.5584026244,138.04207,17.882006,33.639587,-0.0036980207,4.532402,3.0,1
3728,2225,253831.08255802124,2789695.5584026244,145.26205,16.798725,34.743214,-0.004237722,4.5988784,3.0,1
3728,2226,253861.08255802124,2789695.5584026244,152.3965,18.586803,39.865173,-0.0068136747,4.4910064,3.0,1
3728,2227,253891.08255802124,2789695.5584026244,162.1352,22.656696,64.12228,-0.011497719,4.2748566,3.0,1
3728,2228,253921.08255802124,2789695.5584026244,166.43848,32.73998,101.186905,-0.014213469,3.8428478,3.0,1
3728,2229,253951.08255802124,2789695.5584026244,155.03842,45.242867,127.5238,-0.009440002,3.3927197,3.0,1
3728,2230,253981.08255802124,2789695.5584026244,124.20162,47.634228,137.47679,0.0018895065,3.3091156,3.0,1
3729,2221,253711.08255802124,2789665.5584026244,95.63721,25.479088,33.7731,0.0027237472,4.142427,3.0,1
3729,2222,253741.08255802124,2789665.5584026244,109.07666,27.767931,38.94313,-0.0004734613,4.0426536,3.0,1
3729,2223,253771.08255802124,2789665.5584026244,120.83451,26.144766,45.508205,-0.0025673087,4.1127853,3.0,1
3729,2224,253801.08255802124,2789665.5584026244,129.65334,23.888128,49.595387,-0.0040777987,4.2156286,3.0,1
3729,2225,253831.08255802124,2789665.5584026244,137.76868,22.239561,52.323864,-0.006039555,4.2954865,3.0,1
3729,2226,253861.08255802124,2789665.5584026244,144.92311,22.762964,70.31988,-0.008366265,4.2696486,3.0,1
3729,2227,253891.08255802124,2789665.5584026244,146.79327,31.873075,97.6024,-0.00919004,3.876345,3.0,1
3729,2228,253921.08255802124,2789665.5584026244,138.61739,42.458607,112.22931,-0.0064524733,3.4900253,3.0,1
3729,2229,253951.08255802124,2789665.5584026244,122.42363,44.90535,123.333115,-6.5441476e-05,3.4045014,3.0,1
3729,2230,253981.08255802124,2789665.5584026244,103.34678,37.85081,134.12247,0.007256154,3.6533825,3.0,1
3730,2221,253711.08255802124,2789635.5584026244,86.561165,21.912125,39.71092,0.0037928305,4.311896,3.0,1
3730,2222,253741.08255802124,2789635.5584026244,96.41501,25.954948,41.566994,0.0017211832,4.1211824,3.0,1
3730,2223,253771.08255802124,2789635.5584026244,107.92067,26.115744,46.425022,-0.00038488634,4.1140666,3.0,1
3730,2224,253801.08255802124,2789635.5584026244,117.39812,25.224789,52.028736,-0.002812989,4.1538973,3.0,1
3730,2225,253831.08255802124,2789635.5584026244,126.70404,24.948914,61.09462,-0.0055261888,4.1664367,3.0,1
3730,2226,253861.08255802124,2789635.5584026244,132.48433,26.84129,90.4376,-0.0064592124,4.0823345,3.0,1
3730,2227,253891.08255802124,2789635.5584026244,125.69572,35.07661,114.50476,-0.0031857914,3.7547314,3.0,1
3730,2228,253921.08255802124,2789635.5584026244,111.31091,38.143394,120.87068,0.0028812839,3.6428566,3.0,1
3730,2229,253951.08255802124,2789635.5584026244,98.45365,31.910389,122.04474,0.007606288,3.874893,3.0,1
3730,2230,253981.08255802124,2789635.5584026244,92.64255,19.956926,130.04073,0.009245355,4.414222,3.0,1
3731,2222,253741.08255802124,2789605.5584026244,88.942795,20.559784,28.56,0.0027068967,4.3818283,3.0,1
3731,2223,253771.08255802124,2789605.5584026244,99.35812,20.410164,36.026443,0.0005844643,4.389794,3.0,1
3731,2224,253801.08255802124,2789605.5584026244,107.50096,20.706709,52.91823,-0.0014143074,4.3740525,3.0,1
3731,2225,253831.08255802124,2789605.5584026244,114.42061,23.776388,72.53572,-0.0027721217,4.2209053,3.0,1
3731,2226,253861.08255802124,2789605.5584026244,116.02807,27.701889,101.458664,-0.0015666196,4.045452,3.0,1
3731,2227,253891.08255802124,2789605.5584026244,106.48508,30.948645,121.99371,0.0033671167,3.912621,3.0,1
3731,2228,253921.08255802124,2789605.5584026244,94.780235,26.277548,127.01898,0.008931112,4.106937,3.0,1
3731,2229,253951.08255802124,2789605.5584026244,88.63049,15.109818,119.132935,0.010828137,4.710514,3.0,1
3731,2230,253981.08255802124,2789605.5584026244,88.09364,4.961546,109.363914,0.00900781,5.845203,3.0,1
3732,2222,253741.08255802124,2789575.5584026244,86.04028,17.831852,20.110323,0.0022399754,4.535401,3.0,1
3732,2223,253771.08255802124,2789575.5584026244,95.462326,16.026543,34.453304,0.0004970848,4.648611,3.0,1
3732,2224,253801.08255802124,2789575.5584026244,100.1648,15.6472,65.18305,0.00024368684,4.67383,3.0,1
3732,2225,253831.08255802124,2789575.5584026244,101.25433,19.474548,85.88006,0.0014724629,4.4407334,3.0,1
3732,2226,253861.08255802124,2789575.5584026244,99.75647,20.935823,106.173386,0.0041689384,4.362016,3.0,1
3732,2227,253891.08255802124,2789575.5584026244,93.09987,18.105915,127.79181,0.008099244,4.5191007,3.0,1
3732,2228,253921.08255802124,2789575.5584026244,87.17616,10.53564,144.16606,0.011229208,5.0833,3.0,1
3732,2229,253951.08255802124,2789575.5584026244,84.70561,0.57878697,183.41127,0.0112743275,7.996211,3.0,1
3733,2224,253801.08255802124,2789545.5584026244,92.976234,10.136787,66.94356,0.0028373399,5.1227427,3.0,1
3733,2225,253831.08255802124,2789545.5584026244,91.69084,7.0424123,82.298996,0.0050005955,5.4924197,3.0,1
3733,2226,253861.08255802124,2789545.5584026244,91.36314,0.94180024,109.59355,0.0070135794,7.5092964,3.0,1
3733,2227,253891.08255802124,2789545.5584026244,90.35955,8.468134,257.856,0.008492235,5.3057957,3.0,1
3733,2228,253921.08255802124,2789545.5584026244,89.684685,15.438152,261.023,0.009538939,4.6879635,3.0,1
4021,8347,437491.08255802124,2780905.5584026244,162.14078,13.451856,218.24762,0.0018424479,4.8316936,3.0,1
4021,8348,437521.08255802124,2780905.5584026244,158.03148,11.066817,229.54732,0.00070162886,5.032928,3.0,1
4021,8349,437551.08255802124,2780905.5584026244,154.68752,11.365125,216.49747,-0.0003801133,5.0056376,3.0,1
4021,8350,437581.08255802124,2780905.5584026244,148.36848,13.596903,197.34007,2.669444e-05,4.8205595,3.0,1
4021,8351,437611.08255802124,2780905.5584026244,140.50848,12.788654,191.03284,0.0013703833,4.8840637,3.0,1
4021,8352,437641.08255802124,2780905.5584026244,134.55327,10.230199,193.97548,0.0021504848,5.1133738,3.0,1
4022,8346,437461.08255802124,2780875.5584026244,173.90446,16.63045,209.80699,0.0010518098,4.609541,3.0,1
4022,8347,437491.08255802124,2780875.5584026244,167.7872,14.132425,223.86372,0.00079413084,4.78038,3.0,1
4022,8348,437521.08255802124,2780875.5584026244,163.62419,12.284171,229.64365,-0.00035536045,4.925624,3.0,1
4022,8349,437551.08255802124,2780875.5584026244,159.3975,13.69071,219.12444,-0.0010129716,4.813417,3.0,1
4022,8350,437581.08255802124,2780875.5584026244,150.99832,16.451677,210.69183,-8.655549e-05,4.6209736,3.0,1
4022,8351,437611.08255802124,2780875.5584026244,143.07446,15.331047,212.90887,0.0014666663,4.6952715,3.0,1
4022,8352,437641.08255802124,2780875.5584026244,137.43777,12.624315,223.05821,0.0019628357,4.8974314,3.0,1
4022,8353,437671.08255802124,2780875.5584026244,133.37885,10.958482,232.87436,0.0009044352,5.0430117,3.0,1
4023,8345,437431.08255802124,2780845.5584026244,184.90427,14.338291,200.02304,0.0014652632,4.765305,3.0,1
4023,8346,437461.08255802124,2780845.5584026244,179.60805,13.885964,210.63373,0.0006064139,4.798694,3.0,1
4023,8347,437491.08255802124,2780845.5584026244,173.00476,13.300528,213.81073,-0.00018199498,4.8434286,3.0,1
4023,8348,437521.08255802124,2780845.5584026244,168.15594,10.899217,212.83711,-0.0010583921,5.0485682,3.0,1
4023,8349,437551.08255802124,2780845.5584026244,163.39763,11.6335945,213.02122,-0.0016887919,4.9816513,3.0,1
4023,8350,437581.08255802124,2780845.5584026244,157.71526,15.587875,212.69722,-0.0012389204,4.6778235,3.0,1
4023,8351,437611.08255802124,2780845.5584026244,149.27888,15.999185,217.26088,-0.00018035882,4.6504116,3.0,1
4023,8352,437641.08255802124,2780845.5584026244,143.41316,13.37896,229.69678,-0.00012499065,4.8373313,3.0,1
4023,8353,437671.08255802124,2780845.5584026244,140.05629,12.305165,231.34987,-0.0013495423,4.923863,3.0,1
4024,8345,437431.08255802124,2780815.5584026244,187.54387,15.164734,207.49472,0.0017824217,4.7067113,3.0,1
4024,8346,437461.08255802124,2780815.5584026244,182.89015,12.581616,206.38818,0.0006414411,4.900931,3.0,1
4024,8347,437491.08255802124,2780815.5584026244,176.42491,13.531112,197.84431,-0.00010756159,4.825596,3.0,1
4024,8348,437521.08255802124,2780815.5584026244,168.93387,11.227299,190.0188,-0.00041925197,5.018161,3.0,1
4024,8349,437551.08255802124,2780815.5584026244,165.19972,8.741492,184.63777,-0.0010233944,5.273542,3.0,1
4024,8350,437581.08255802124,2780815.5584026244,161.01103,11.359898,188.38615,-0.0014180248,5.00611,3.0,1
4024,8351,437611.08255802124,2780815.5584026244,153.41559,12.179558,197.44836,-0.0013559851,4.934442,3.0,1
4024,8352,437641.08255802124,2780815.5584026244,148.40663,9.814934,207.30043,-0.0018470298,5.15567,3.0,1
4024,8353,437671.08255802124,2780815.5584026244,144.63327,10.5422125,194.48524,-0.0027654627,5.082662,3.0,1
4024,8354,437701.08255802124,2780815.5584026244,137.98468,14.057676,174.76189,-0.0027339258,4.785903,3.0,1
4025,8345,437431.08255802124,2780785.5584026244,192.38579,17.451345,208.12115,0.0013118403,4.558397,3.0,1
4025,8346,437461.08255802124,2780785.5584026244,185.00375,14.307838,204.21107,0.0008097625,4.7675223,3.0,1
4025,8347,437491.08255802124,2780785.5584026244,178.53903,15.137357,193.57146,0.0006488928,4.708606,3.0,1
4025,8348,437521.08255802124,2780785.5584026244,169.39018,13.608127,185.52887,0.0010249628,4.8197026,3.0,1
4025,8349,437551.08255802124,2780785.5584026244,163.68289,9.524489,175.21689,0.0007355204,5.186287,3.0,1
4025,8350,437581.08255802124,2780785.5584026244,158.89432,9.574474,175.19649,-0.00026448566,5.1809545,3.0,1
4025,8351,437611.08255802124,2780785.5584026244,153.66776,10.219827,182.18709,-0.0012064958,5.11441,3.0,1
4025,8352,437641.08255802124,2780785.5584026244,148.98845,10.355905,176.64397,-0.0018917676,5.100894,3.0,1
4025,8353,437671.08255802124,2780785.5584026244,143.56007,14.441955,163.4644,-0.0017729844,4.757789,3.0,1
4025,8354,437701.08255802124,2780785.5584026244,134.29503,18.645294,157.00102,-0.0003327415,4.487632,3.0,1
4026,8345,437431.08255802124,2780755.5584026244,197.22772,18.371006,206.43777,0.00029328663,4.5035353,3.0,1
4026,8346,437461.08255802124,2780755.5584026244,188.70482,16.889305,205.17648,0.00039894978,4.593178,3.0,1
4026,8347,437491.08255802124,2780755.5584026244,180.21397,17.355433,197.23004,0.0009955047,4.564262,3.0,1
4026,8348,437521.08255802124,2780755.5584026244,170.7762,15.801283,192.6616,0.0019919204,4.6635213,3.0,1
4026,8349,437551.08255802124,2780755.5584026244,163.32358,10.827145,193.81107,0.0019506157,5.0553646,3.0,1
4026,8350,437581.08255802124,2780755.5584026244,159.56331,8.910504,196.77017,0.0005381688,5.254086,3.0,1
4026,8351,437611.08255802124,2780755.5584026244,154.79718,10.399388,193.95175,-0.0009714379,5.096611,3.0,1
4026,8352,437641.08255802124,2780755.5584026244,148.7424,12.97693,184.09091,-0.0013518819,4.868944,3.0,1
4026,8353,437671.08255802124,2780755.5584026244,140.01273,16.903862,175.39104,-0.00012228463,4.592264,3.0,1
4026,8354,437701.08255802124,2780755.5584026244,129.29852,18.037672,173.81802,0.001999571,4.5231395,3.0,1
4027,8345,437431.08255802124,2780725.5584026244,201.73067,17.623016,201.98044,-0.000620774,4.5479684,3.0,1
4027,8346,437461.08255802124,2780725.5584026244,193.27094,17.523865,203.38985,-0.0005084228,4.5539804,3.0,1
4027,8347,437491.08255802124,2780725.5584026244,183.65866,18.84614,202.32791,0.00025373214,4.476113,3.0,1
4027,8348,437521.08255802124,2780725.5584026244,173.10132,17.781393,202.52357,0.0014445708,4.538426,3.0,1
4027,8349,437551.08255802124,2780725.5584026244,166.0283,13.053759,203.37558,0.0016503101,4.862833,3.0,1
4027,8350,437581.08255802124,2780725.5584026244,161.44972,9.701801,197.99513,0.00038496236,5.167491,3.0,1
4027,8351,437611.08255802124,2780725.5584026244,157.06848,10.726759,189.99104,-0.0011197533,5.064903,3.0,1
4027,8352,437641.08255802124,2780725.5584026244,150.25119,13.792517,189.34195,-0.0014496357,4.8057165,3.0,1
4027,8353,437671.08255802124,2780725.5584026244,141.57939,16.96846,194.35431,-0.00033423142,4.5882187,3.0,1
4028,8346,437461.08255802124,2780695.5584026244,196.13316,15.556605,193.40143,-0.00091467996,4.679934,3.0,1
4028,8347,437491.08255802124,2780695.5584026244,188.13634,16.906439,201.75023,-0.0010803473,4.5921025,3.0,1
4028,8348,437521.08255802124,2780695.5584026244,178.62447,18.58187,205.84845,-0.0005663296,4.491291,3.0,1
4028,8349,437551.08255802124,2780695.5584026244,169.18892,16.393196,202.34982,4.6560366e-05,4.6247373,3.0,1
4028,8350,437581.08255802124,2780695.5584026244,162.06212,12.267572,190.81558,-0.00015943329,4.9270186,3.0,1
4028,8351,437611.08255802124,2780695.5584026244,156.6104,11.178279,179.6324,-0.0010609012,5.0226502,3.0,1
4028,8352,437641.08255802124,2780695.5584026244,150.50499,12.313964,181.23222,-0.0017163127,4.9231257,3.0,1
4028,8353,437671.08255802124,2780695.5584026244,144.238,13.999958,189.90208,-0.0016566913,4.7901864,3.0,1
4029,8347,437491.08255802124,2780665.5584026244,190.57623,12.826602,186.961,-0.0015428842,4.8809996,3.0,1
4029,8348,437521.08255802124,2780665.5584026244,183.50082,16.240795,193.83437,-0.0022955025,4.634602,3.0,1
4029,8349,437551.08255802124,2780665.5584026244,173.48947,18.598234,191.35056,-0.0015524969,4.490346,3.0,1
4029,8350,437581.08255802124,2780665.5584026244,162.97612,15.817517,182.0047,-0.0004258516,4.6624403,3.0,1
4029,8351,437611.08255802124,2780665.5584026244,156.34717,13.065538,168.26859,-0.00022741535,4.8618994,3.0,1
4029,8352,437641.08255802124,2780665.5584026244,149.86314,12.820109,159.89496,-0.0007782027,4.881523,3.0,1
4274,8290,435781.08255802124,2773315.5584026244,124.96572,13.514698,26.49718,0.003783987,4.826856,3.0,1
4274,8291,435811.08255802124,2773315.5584026244,131.50932,14.887371,31.713509,0.0031614536,4.726045,3.0,1
4274,8292,435841.08255802124,2773315.5584026244,137.38625,19.085358,42.174377,0.0023813588,4.4625287,3.0,1
4275,8288,435721.08255802124,2773285.5584026244,107.72631,13.889007,12.110169,0.0059679076,4.798466,3.0,1
4275,8289,435751.08255802124,2773285.5584026244,115.20656,13.344004,3.3514373,0.0040343353,4.8400445,3.0,1
4275,8290,435781.08255802124,2773285.5584026244,122.91838,12.385634,0.7839857,0.0025833214,4.9171386,3.0,1
4275,8291,435811.08255802124,2773285.5584026244,129.19395,9.672495,7.8666863,0.0023788007,5.1705747,3.0,1
4275,8292,435841.08255802124,2773285.5584026244,132.65053,10.48627,24.084087,0.0026974236,5.0881042,3.0,1
4275,8293,435871.08255802124,2773285.5584026244,138.73643,16.941685,31.819931,0.001781807,4.589894,3.0,1
4275,8294,435901.08255802124,2773285.5584026244,149.23442,18.58542,46.841957,-0.000116394716,4.491086,3.0,1
4276,8287,435691.08255802124,2773255.5584026244,102.29387,16.608997,311.86487,0.0054597473,4.6109066,3.0,1
4276,8288,435721.08255802124,2773255.5584026244,110.080315,18.227365,322.0639,0.0037907688,4.5119452,3.0,1
4276,8289,435751.08255802124,2773255.5584026244,118.59872,16.869274,322.28635,0.0015543429,4.594436,3.0,1
4276,8290,435781.08255802124,2773255.5584026244,125.15345,13.260176,322.21545,6.426708e-05,4.8465786,3.0,1
4276,8291,435811.08255802124,2773255.5584026244,130.41472,8.90806,324.7304,-0.000100195175,5.2543645,3.0,1
4276,8292,435841.08255802124,2773255.5584026244,133.78906,5.5110035,344.47357,0.0005035654,5.7395873,3.0,1
4276,8293,435871.08255802124,2773255.5584026244,136.77768,9.282397,30.669163,0.00058887067,5.2125015,3.0,1
4276,8294,435901.08255802124,2773255.5584026244,142.42812,14.108235,57.54932,-0.00010140949,4.782164,3.0,1
4277,8287,435691.08255802124,2773225.5584026244,113.10991,20.58548,294.77698,0.00011611541,4.380465,3.0,1
4277,8288,435721.08255802124,2773225.5584026244,119.25512,19.404806,308.1631,-0.0008202043,4.444612,3.0,1
4277,8289,435751.08255802124,2773225.5584026244,127.41623,15.828471,313.2903,-0.002359687,4.661711,3.0,1
4277,8290,435781.08255802124,2773225.5584026244,131.48906,10.725765,311.63052,-0.0033154571,5.0649977,3.0,1
4277,8291,435811.08255802124,2773225.5584026244,134.49536,5.187795,311.8389,-0.0031855116,5.800378,3.0,1
4277,8292,435841.08255802124,2773225.5584026244,135.19835,1.2888521,73.17225,-0.0021765772,7.1955037,3.0,1
4277,8293,435871.08255802124,2773225.5584026244,134.53783,7.502188,86.55398,-0.00091691973,5.4284916,3.0,1
4277,8294,435901.08255802124,2773225.5584026244,135.07552,14.147254,85.698616,-1.707286e-05,4.7792873,3.0,1
4277,8295,435931.08255802124,2773225.5584026244,135.46944,18.446003,84.365,0.0002073586,4.499167,3.0,1
4278,8286,435661.08255802124,2773195.5584026244,120.83613,12.643995,298.3446,-0.0050329785,4.8958216,3.0,1
4278,8287,435691.08255802124,2773195.5584026244,123.00323,10.730629,304.22473,-0.0045076096,5.0645337,3.0,1
4278,8288,435721.08255802124,2773195.5584026244,127.09843,9.656461,326.4406,-0.0044037816,5.1722655,3.0,1
4278,8289,435751.08255802124,2773195.5584026244,130.32314,7.988175,347.15164,-0.004987225,5.364953,3.0,1
4278,8290,435781.08255802124,2773195.5584026244,134.21349,4.240229,11.495362,-0.0054510497,6.0029793,3.0,1
4278,8291,435811.08255802124,2773195.5584026244,134.54924,4.079103,102.235,-0.0049929107,6.041856,3.0,1
4278,8292,435841.08255802124,2773195.5584026244,132.69417,8.062254,116.75852,-0.0036349702,5.3556004,3.0,1
4278,8293,435871.08255802124,2773195.5584026244,129.66452,11.471073,115.71814,-0.0017666988,4.9961085,3.0,1
4278,8294,435901.08255802124,2773195.5584026244,126.200554,15.41945,107.880196,0.00017689395,4.689236,3.0,1
4278,8295,435931.08255802124,2773195.5584026244,124.18029,19.185894,94.70576,0.001300581,4.456863,3.0,1
4279,8286,435661.08255802124,2773165.5584026244,121.612045,7.145942,49.34533,-0.006257672,5.477676,3.0,1
4279,8287,435691.08255802124,2773165.5584026244,123.02787,7.649469,57.012554,-0.005477166,5.4088216,3.0,1
4279,8288,435721.08255802124,2773165.5584026244,125.23585,9.131949,52.707687,-0.0049646166,5.229127,3.0,1
4279,8289,435751.08255802124,2773165.5584026244,128.11115,9.963309,52.612244,-0.005261614,5.1403637,3.0,1
4279,8290,435781.08255802124,2773165.5584026244,131.60782,9.413489,78.10694,-0.0056254687,5.198226,3.0,1
4279,8291,435811.08255802124,2773165.5584026244,130.0168,11.389326,107.69405,-0.005101081,5.0034537,3.0,1
4279,8292,435841.08255802124,2773165.5584026244,127.31003,12.544126,113.081024,-0.003952277,4.904013,3.0,1
4279,8293,435871.08255802124,2773165.5584026244,124.43781,13.966533,121.22625,-0.002393182,4.7926745,3.0,1
4279,8294,435901.08255802124,2773165.5584026244,119.28596,16.741238,122.895134,-0.00011611491,4.60251,3.0,1
4279,8295,435931.08255802124,2773165.5584026244,114.151054,18.61044,107.70131,0.0020355205,4.4896417,3.0,1
4280,8286,435661.08255802124,2773135.5584026244,114.86793,15.848295,73.31178,-0.004339089,4.6603937,3.0,1
4280,8287,435691.08255802124,2773135.5584026244,116.56393,14.874049,74.265816,-0.0039006276,4.726982,3.0,1
4280,8288,435721.08255802124,2773135.5584026244,118.90787,14.520965,67.29445,-0.0038656953,4.752094,3.0,1
4280,8289,435751.08255802124,2773135.5584026244,122.451805,14.190169,67.09771,-0.0045799995,4.776131,3.0,1
4280,8290,435781.08255802124,2773135.5584026244,124.64869,14.081128,89.57227,-0.0050071375,4.7841673,3.0,1
4280,8291,435811.08255802124,2773135.5584026244,122.614494,15.980784,106.66679,-0.0044602095,4.6516247,3.0,1
4280,8292,435841.08255802124,2773135.5584026244,120.069595,16.75869,107.71033,-0.003665653,4.6014066,3.0,1
4280,8293,435871.08255802124,2773135.5584026244,117.72239,18.28409,115.71588,-0.002595056,4.5086174,3.0,1
4280,8294,435901.08255802124,2773135.5584026244,111.66701,20.540073,123.14463,-0.00030705973,4.382875,3.0,1
4280,8295,435931.08255802124,2773135.5584026244,104.57254,19.807531,113.751396,0.0024440533,4.4223747,3.0,1
4281,8287,435691.08255802124,2773105.5584026244,107.88321,18.709343,73.88681,-0.002193398,4.483947,3.0,1
4281,8288,435721.08255802124,2773105.5584026244,110.68234,18.006195,68.95711,-0.002969021,4.525007,3.0,1
4281,8289,435751.08255802124,2773105.5584026244,115.018394,17.484194,73.62003,-0.0041219266,4.556394,3.0,1
4281,8290,435781.08255802124,2773105.5584026244,116.445145,17.992807,94.91625,-0.0044110063,4.5258017,3.0,1
4281,8291,435811.08255802124,2773105.5584026244,113.23676,19.83365,105.95689,-0.0036512986,4.4209456,3.0,1
4281,8292,435841.08255802124,2773105.5584026244,110.188484,20.614899,105.78021,-0.0029136317,4.378906,3.0,1
4281,8293,435871.08255802124,2773105.5584026244,106.61462,21.532404,111.947815,-0.0020234112,4.3311715,3.0,1
4281,8294,435901.08255802124,2773105.5584026244,100.6094,22.535797,120.27278,0.00014998502,4.280805,3.0,1
4281,8295,435931.08255802124,2773105.5584026244,94.03488,20.518198,112.601746,0.0028089904,4.3840375,3.0,1
4282,8287,435691.08255802124,2773075.5584026244,97.14407,20.719273,71.61424,-0.0012479802,4.3733897,3.0,1
4282,8288,435721.08255802124,2773075.5584026244,100.94193,20.461826,71.47601,-0.0025515896,4.3870378,3.0,1
4282,8289,435751.08255802124,2773075.5584026244,104.99641,21.028677,80.62169,-0.003641349,4.357169,3.0,1
4282,8290,435781.08255802124,2773075.5584026244,104.99485,22.126762,96.71399,-0.0035464775,4.301118,3.0,1
4282,8291,435811.08255802124,2773075.5584026244,101.71691,22.692194,104.38479,-0.0026104315,4.2731147,3.0,1
4282,8292,435841.08255802124,2773075.5584026244,98.28945,22.131664,104.46061,-0.0019295351,4.3008723,3.0,1
4282,8293,435871.08255802124,2773075.5584026244,95.30148,21.481865,109.26849,-0.0012959668,4.3337574,3.0,1
4282,8294,435901.08255802124,2773075.5584026244,90.456696,21.308176,118.97032,0.00044071622,4.342683,3.0,1
4283,8289,435751.08255802124,2773045.5584026244,92.009865,23.047503,85.684906,-0.0026721954,4.255797,3.0,1
4283,8290,435781.08255802124,2773045.5584026244,91.63937,23.261215,95.96937,-0.0023678462,4.2454796,3.0,1
4283,8291,435811.08255802124,2773045.5584026244,88.94155,23.351719,103.437004,-0.0014579266,4.2411327,3.0,1
4283,8292,435841.08255802124,2773045.5584026244,86.37516,23.306988,102.64804,-0.0007887479,4.2432795,3.0,1
4283,8293,435871.08255802124,2773045.5584026244,84.02032,22.381607,103.350464,-0.0005501377,4.288428,3.0,1
4426,8487,441691.08255802124,2768755.5584026244,184.81378,27.629816,45.82856,-0.0009856244,4.048511,3.0,1
4426,8488,441721.08255802124,2768755.5584026244,196.94609,29.719784,53.092297,-0.0041373693,3.9618304,3.0,1
4426,8489,441751.08255802124,2768755.5584026244,206.13786,27.142746,76.3842,-0.0061426754,4.069325,3.0,1
4426,8490,441781.08255802124,2768755.5584026244,204.10701,28.205954,103.81599,-0.004554032,4.0242047,3.0,1
4427,8485,441631.08255802124,2768725.5584026244,161.54327,14.287662,17.011873,0.001993137,4.768994,3.0,1
4427,8486,441661.08255802124,2768725.5584026244,168.23259,15.001567,38.10612,0.0020395704,4.718046,3.0,1
4427,8487,441691.08255802124,2768725.5584026244,173.78624,20.258343,47.78041,0.0012799411,4.397926,3.0,1
4427,8488,441721.08255802124,2768725.5584026244,183.16774,25.131342,55.702065,-0.0010247255,4.1581335,3.0,1
4427,8489,441751.08255802124,2768725.5584026244,190.70537,25.242285,80.192314,-0.0029833736,4.1531057,3.0,1
4427,8490,441781.08255802124,2768725.5584026244,188.36633,25.958141,104.02628,-0.002242271,4.121041,3.0,1
4427,8491,441811.08255802124,2768725.5584026244,183.4666,25.985304,117.3493,0.001147109,4.1198363,3.0,1
4428,8485,441631.08255802124,2768695.5584026244,161.30089,9.667707,346.28033,0.000714281,5.171079,3.0,1
4428,8486,441661.08255802124,2768695.5584026244,165.54556,7.245712,16.241879,0.001227913,5.463664,3.0,1
4428,8487,441691.08255802124,2768695.5584026244,168.5874,10.590609,45.483383,0.0013295406,5.077976,3.0,1
4428,8488,441721.08255802124,2768695.5584026244,173.19124,16.452244,61.52152,0.00032782648,4.620937,3.0,1
4428,8489,441751.08255802124,2768695.5584026244,176.86592,19.920742,86.073845,-0.0008705186,4.4161916,3.0,1
4428,8490,441781.08255802124,2768695.5584026244,174.90761,21.880424,104.14047,-0.00070330314,4.3134947,3.0,1
4428,8491,441811.08255802124,2768695.5584026244,171.73946,22.00278,116.11042,0.00134215,4.307333,3.0,1
4428,8492,441841.08255802124,2768695.5584026244,164.75261,19.175837,118.39799,0.004589102,4.4574285,3.0,1
4429,8484,441601.08255802124,2768665.5584026244,160.15627,11.080622,329.92694,-0.00262068,5.0316496,3.0,1
4429,8485,441631.08255802124,2768665.5584026244,164.16692,6.6141143,328.45688,-0.0018864017,5.555763,3.0,1
4429,8486,441661.08255802124,2768665.5584026244,166.22331,2.3424175,19.271416,-0.00076675834,6.5976834,3.0,1
4429,8487,441691.08255802124,2768665.5584026244,166.64671,6.033948,74.36328,0.000109007175,5.6483164,3.0,1
4429,8488,441721.08255802124,2768665.5584026244,167.45874,11.317493,84.32376,0.00023314601,5.009949,3.0,1
4429,8489,441751.08255802124,2768665.5584026244,166.96516,16.060938,98.355385,-1.990702e-07,4.646351,3.0,1
4429,8490,441781.08255802124,2768665.5584026244,164.78279,19.448668,108.1557,0.00037021685,4.442171,3.0,1
4429,8491,441811.08255802124,2768665.5584026244,160.9102,20.331383,113.01194,0.0017992826,4.394007,3.0,1
4429,8492,441841.08255802124,2768665.5584026244,156.19579,15.516461,104.44601,0.0034281965,4.682649,3.0,1
4429,8493,441871.08255802124,2768665.5584026244,156.19283,9.96479,67.600555,0.0039589903,5.140212,3.0,1
4430,8484,441601.08255802124,2768635.5584026244,162.79047,10.485805,350.8455,-0.005733922,5.0881495,3.0,1
4430,8485,441631.08255802124,2768635.5584026244,165.5437,2.544732,332.2622,-0.0047517354,6.514741,3.0,1
4430,8486,441661.08255802124,2768635.5584026244,164.81535,4.187205,133.19955,-0.0026085027,6.0156083,3.0,1
4430,8487,441691.08255802124,2768635.5584026244,162.56485,8.045253,110.687584,-0.0008414417,5.3577394,3.0,1
4430,8488,441721.08255802124,2768635.5584026244,161.53665,11.832904,108.309166,-6.755395e-05,4.96418,3.0,1
4430,8489,441751.08255802124,2768635.5584026244,158.40022,16.451134,112.91703,0.0005165101,4.621008,3.0,1
4430,8490,441781.08255802124,2768635.5584026244,155.13176,20.575943,114.67421,0.0017807434,4.380971,3.0,1
4430,8491,441811.08255802124,2768635.5584026244,149.22955,20.474209,108.277756,0.0032481514,4.3863783,3.0,1
4430,8492,441841.08255802124,2768635.5584026244,147.6967,16.123486,81.244545,0.0031732093,4.6422515,3.0,1
4430,8493,441871.08255802124,2768635.5584026244,152.93874,13.926603,54.55358,0.0013979592,4.795654,3.0,1
4431,8484,441601.08255802124,2768605.5584026244,163.01491,16.23894,26.170055,-0.0073804976,4.6347227,3.0,1
4431,8485,441631.08255802124,2768605.5584026244,167.16208,3.38901,61.3707,-0.007252032,6.2277193,3.0,1
4431,8486,441661.08255802124,2768605.5584026244,162.33875,6.8682323,156.06624,-0.0047211074,5.5177116,3.0,1
4431,8487,441691.08255802124,2768605.5584026244,158.61217,7.49457,141.1572,-0.0023112828,5.4295197,3.0,1
4431,8488,441721.08255802124,2768605.5584026244,155.67662,10.954294,134.4655,-0.00094842725,5.0434036,3.0,1
4431,8489,441751.08255802124,2768605.5584026244,150.82701,16.748405,132.32835,0.000747634,4.6020565,3.0,1
4431,8490,441781.08255802124,2768605.5584026244,143.56625,20.059301,125.605995,0.003389443,4.408664,3.0,1
4431,8491,441811.08255802124,2768605.5584026244,137.61238,18.179134,106.40884,0.0053077443,4.514782,3.0,1
4431,8492,441841.08255802124,2768605.5584026244,138.91978,17.748728,71.95113,0.004464514,4.5403876,3.0,1
4431,8493,441871.08255802124,2768605.5584026244,145.47209,19.300283,60.74744,0.0017125236,4.4504466,3.0,1
4432,8484,441601.08255802124,2768575.5584026244,155.53908,25.34909,38.883614,-0.0068732966,4.14828,3.0,1
4432,8485,441631.08255802124,2768575.5584026244,164.50154,12.281562,61.707558,-0.008718906,4.9258432,3.0,1
4432,8486,441661.08255802124,2768575.5584026244,161.67627,8.034955,132.15662,-0.007364409,5.3590374,3.0,1
4432,8487,441691.08255802124,2768575.5584026244,158.1577,8.49565,147.804,-0.0050837286,5.3025036,3.0,1
4432,8488,441721.08255802124,2768575.5584026244,153.6876,12.60214,151.09927,-0.0030134753,4.899247,3.0,1
4432,8489,441751.08255802124,2768575.5584026244,145.35352,17.991676,149.99103,6.91096e-05,4.525869,3.0,1
4432,8490,441781.08255802124,2768575.5584026244,135.67879,17.735592,140.83458,0.004088656,4.5411777,3.0,1
4432,8491,441811.08255802124,2768575.5584026244,129.93205,13.204852,112.595085,0.006777047,4.850912,3.0,1
4432,8492,441841.08255802124,2768575.5584026244,130.14346,14.733917,74.44682,0.0066501745,4.7368827,3.0,1
4432,8493,441871.08255802124,2768575.5584026244,134.30403,18.795422,65.126495,0.004777595,4.4790115,3.0,1
4433,8485,441631.08255802124,2768545.5584026244,156.0415,20.84036,60.189365,-0.008638,4.367018,3.0,1
4433,8486,441661.08255802124,2768545.5584026244,157.3772,15.845782,98.89402,-0.008814676,4.6605606,3.0,1
4433,8487,441691.08255802124,2768545.5584026244,154.5408,15.651277,116.11952,-0.007094118,4.6735563,3.0,1
4433,8488,441721.08255802124,2768545.5584026244,149.67961,17.373692,131.84976,-0.004607783,4.5631433,3.0,1
4433,8489,441751.08255802124,2768545.5584026244,140.96092,19.67248,145.19806,-0.0007925774,4.429789,3.0,1
4433,8490,441781.08255802124,2768545.5584026244,130.3138,14.713661,146.04555,0.0035804752,4.738321,3.0,1
4433,8491,441811.08255802124,2768545.5584026244,125.50595,5.9694853,130.44862,0.006422161,5.6591363,3.0,1
4433,8492,441841.08255802124,2768545.5584026244,124.39457,3.8580642,62.309013,0.0072368365,6.097746,3.0,1
4434,8485,441631.08255802124,2768515.5584026244,143.97803,26.431568,64.919624,-0.0071701957,4.100179,3.0,1
4434,8486,441661.08255802124,2768515.5584026244,145.97057,24.262018,91.99587,-0.007840349,4.1981072,3.0,1
4434,8487,441691.08255802124,2768515.5584026244,142.79137,23.610777,102.97817,-0.006422666,4.2287602,3.0,1
4434,8488,441721.08255802124,2768515.5584026244,139.75197,22.709127,114.163155,-0.003835358,4.2722845,3.0,1
4434,8489,441751.08255802124,2768515.5584026244,132.6565,19.929264,126.04183,-0.00029220362,4.4157276,3.0,1
4434,8490,441781.08255802124,2768515.5584026244,126.03749,8.093759,119.87043,0.002634358,5.3516483,3.0,1
4434,8491,441811.08255802124,2768515.5584026244,126.71065,4.730488,302.9562,0.0036718287,5.8931203,3.0,1
4435,8487,441691.08255802124,2768485.5584026244,128.43604,26.9855,97.06069,-0.0037343404,4.0760984,3.0,1
4435,8488,441721.08255802124,2768485.5584026244,126.80683,25.365791,104.27291,-0.0009374961,4.147527,3.0,1
4435,8489,441751.08255802124,2768485.5584026244,121.17227,19.716322,101.41228,0.0018457836,4.4273777,3.0,1
4435,8490,441781.08255802124,2768485.5584026244,122.40263,12.283322,44.340576,0.0020871419,4.9256954,3.0,1
2783,3376,288361.08255802124,2818045.5584026244,432.67578,9.3522415,149.40977,0.0024305554,5.2048717,6.0,0
3298,7686,417661.08255802124,2802595.5584026244,1138.5874,12.094252,27.987642,0.0017605587,4.9416857,3.0,0
2567,6582,384541.08255802124,2824525.5584026244,1923.4338,11.212983,290.03912,-0.00085255934,5.01947,6.0,0
3978,4126,310861.08255802124,2782195.5584026244,2.0,0.0,0.0,3.1126872e-09,10.308952,3.0,0
1707,3974,306301.08255802124,2850325.5584026244,797.299,8.459888,326.39114,-0.004382002,5.306784,6.0,0
3516,7253,404671.08255802124,2796055.5584026244,981.02905,8.6643505,61.08563,-0.0047011822,5.2825437,3.0,0
4228,8361,437911.08255802124,2774695.5584026244,204.8695,26.26479,138.52155,0.0053535798,4.107498,5.0,0
66,952,215641.08255802124,2899555.5584026244,32.804443,1.6672337,344.5686,-0.00038706782,6.9379764,4.0,0
1119,6882,393541.08255802124,2867965.5584026244,719.64795,33.16773,325.16608,0.0012719899,3.8264914,6.0,0
671,4363,317971.08255802124,2881405.5584026244,43.883377,1.0259602,105.94669,-0.00017548772,7.4236884,4.0,0
1448,2890,273781.08255802124,2858095.5584026244,378.94434,4.5485125,223.84816,-1.4581019e-06,5.9325204,6.0,0
713,6421,379711.08255802124,2880145.5584026244,348.21896,6.3214135,286.31158,-0.0004454041,5.6014123,4.0,0
1756,5173,342271.08255802124,2848855.5584026244,252.99126,14.771096,143.35536,0.01434806,4.7342477,6.0,0
4388,3963,305971.08255802124,2769895.5584026244,3.4322257,1.8820693,268.5617,0.00029631297,6.816693,4.0,0
1363,1440,230281.08255802124,2860645.5584026244,150.68251,17.445759,140.65434,0.002830611,4.5587373,6.0,0
2877,8486,441661.08255802124,2815225.5584026244,1069.1886,16.08624,285.49774,0.003337843,4.644691,3.0,0
429,1340,227281.08255802124,2888665.5584026244,33.91842,1.4374315,150.43045,-0.00038769405,7.0863566,4.0,0
444,3930,304981.08255802124,2888215.5584026244,42.610783,2.4257154,272.46497,-0.00047549457,6.5627003,4.0,0
4202,7803,421171.08255802124,2775475.5584026244,30.563765,5.438931,67.763504,0.0017218372,5.752832,3.0,0
566,3143,281371.08255802124,2884555.5584026244,41.03647,1.0433862,321.1638,0.00091573177,7.406842,4.0,0
1868,6497,381991.08255802124,2845495.5584026244,755.65845,6.3317995,283.96088,-0.005025601,5.599757,6.0,0
2841,7637,416191.08255802124,2816305.5584026244,1366.7585,19.390276,217.71715,0.0020462035,4.445421,6.0,0
1362,5852,362641.08255802124,2860675.5584026244,446.42865,10.507772,160.36078,-0.0017555916,5.086009,6.0,0
2502,5690,357781.08255802124,2826475.5584026244,1710.4293,3.688734,216.09828,0.0028182645,6.142758,6.0,0
1189,8603,445171.08255802124,2865865.5584026244,609.0514,10.277974,299.7018,-0.0040837103,5.1086135,4.0,0
263,8391,438811.08255802124,2893645.5584026244,64.82087,2.1065884,111.26407,-0.0010158009,6.703904,4.0,0
2032,5439,350251.08255802124,2840575.5584026244,1102.9694,20.418356,66.574646,0.0041632755,4.3893566,6.0,0
194,2408,259321.08255802124,2895715.5584026244,43.177204,0.99990463,352.22177,0.0021241952,7.449418,4.0,0
736,8091,429811.08255802124,2879455.5584026244,298.35455,10.978489,16.585514,0.0043951757,5.0411425,6.0,0
1413,7345,407431.08255802124,2859145.5584026244,749.27673,7.503577,146.09146,0.004181959,5.4283047,6.0,0
3740,6217,373591.08255802124,2789335.5584026244,861.6566,20.603725,180.95567,-0.004958174,4.379498,6.0,0
3955,8588,444721.08255802124,2782885.5584026244,282.85156,14.958945,40.568092,-0.0001673378,4.721025,5.0,0
2219,5847,362491.08255802124,2834965.5584026244,1436.6044,6.4594984,46.557068,0.0019113161,5.579623,6.0,0
1427,6268,375121.08255802124,2858725.5584026244,586.3759,11.749594,146.51115,0.00060802896,4.971449,6.0,0
2027,6140,371281.08255802124,2840725.5584026244,958.7028,14.834813,100.07901,-0.004029338,4.729746,6.0,0
1587,1836,242161.08255802124,2853925.5584026244,126.83771,9.531863,248.82794,-0.0018848272,5.1854987,6.0,0
3078,1627,235891.08255802124,2809195.5584026244,134.71477,9.407363,142.17293,0.0002938504,5.198889,6.0,0
1594,4409,319351.08255802124,2853715.5584026244,677.2327,15.26692,283.35953,-0.0055417037,4.6996694,6.0,0
1835,8580,444481.08255802124,2846485.5584026244,830.4207,5.5411057,228.2544,0.0064883423,5.7341056,6.0,0
4319,7982,426541.08255802124,2771965.5584026244,15.651016,1.2557269,127.17081,0.0005444474,7.2215495,3.0,0
1542,5153,341671.08255802124,2855275.5584026244,195.52261,4.555025,32.603523,-0.0011301381,5.9310837,6.0,0
2465,5328,346921.08255802124,2827585.5584026244,1761.3395,5.8597627,140.23209,-0.0061330497,5.67782,6.0,0
3262,3343,287371.08255802124,2803675.5584026244,504.6151,5.478523,247.97458,0.00038979424,5.745535,6.0,0
2901,1323,226771.08255802124,2814505.5584026244,282.1589,18.839117,207.03665,-0.006796765,4.476514,6.0,0
3587,1346,227461.08255802124,2793925.5584026244,138.9398,6.468564,344.15015,-0.0017730881,5.578209,3.0,0
1489,3761,299911.08255802124,2856865.5584026244,527.4324,16.929474,314.84775,-0.0020652516,4.5906587,6.0,0
580,3002,277141.08255802124,2884135.5584026244,41.697315,5.7433853,54.717533,-0.0001502588,5.6980186,4.0,0
513,6446,380461.08255802124,2886145.5584026244,225.77406,15.679593,316.44382,-0.005914782,4.671655,4.0,0
1671,3424,289801.08255802124,2851405.5584026244,390.2649,21.92263,334.46494,0.0023105452,4.311366,6.0,0
610,8998,457021.08255802124,2883235.5584026244,193.8924,18.942139,163.35765,0.00054640457,4.470644,6.0,0
2324,574,204301.08255802124,2831815.5584026244,41.7821,1.5117829,139.18356,0.00029894616,7.0359025,3.0,0
1706,8779,450451.08255802124,2850355.5584026244,756.2512,8.459133,107.47686,0.0015275746,5.3068748,6.0,0
3347,2551,263611.08255802124,2801125.5584026244,130.07597,10.057086,93.30466,-0.00035220472,5.130802,3.0,0
1690,6509,382351.08255802124,2850835.5584026244,666.3091,13.710236,161.84389,0.00018529265,4.8119364,6.0,0
1139,8245,434431.08255802124,2867365.5584026244,513.5396,5.5630164,78.995926,-0.0025033485,5.7301345,4.0,0
4380,7412,409441.08255802124,2770135.5584026244,15.291568,1.763821,164.58524,0.00058026076,6.881626,3.0,0
510,8869,453151.08255802124,2886235.5584026244,69.55322,1.3360908,14.151362,4.743786e-05,7.159495,6.0,0
134,8791,450811.08255802124,2897515.5584026244,66.29677,2.3612492,18.03842,-0.00037807785,6.5896673,4.0,0
30,927,214891.08255802124,2900635.5584026244,35.928642,2.1526024,172.6768,-0.00089816307,6.6822762,4.0,0
465,4772,330241.08255802124,2887585.5584026244,47.828598,0.10601703,233.89062,-0.00014499876,9.693579,4.0,0
1982,1575,234331.08255802124,2842075.5584026244,605.24066,3.6671352,61.415085,-0.0018192544,6.148647,6.0,0
4390,3167,282091.08255802124,2769835.5584026244,8.007032,0.7985423,117.10356,0.00069994706,7.674327,3.0,0
640,8392,438841.08255802124,2882335.5584026244,617.2896,11.793083,329.24377,-0.00045413547,4.967648,4.0,0
3513,8953,455671.08255802124,2796145.5584026244,1025.1095,0.90077555,76.01882,-0.0026849196,7.553841,5.0,0
1127,7760,419881.08255802124,2867725.5584026244,623.4702,3.275398,94.0966,-0.000562083,6.2618947,6.0,0
4242,59,188851.08255802124,2774275.5584026244,20.593418,1.2040937,279.80563,0.0002057176,7.26355,4.0,0
3673,4181,312511.08255802124,2791345.5584026244,473.93185,9.8834915,291.988,-0.0011509452,5.1485705,3.0,0
1720,5429,349951.08255802124,2849935.5584026244,602.136,9.015668,248.08876,-0.0014987693,5.242159,6.0,0
138,2870,273181.08255802124,2897395.5584026244,32.0,0.0,0.0,0.0,10.308952,4.0,0
3773,2886,273661.08255802124,2788345.5584026244,78.87546,21.357914,267.28326,0.0023669202,4.340121,3.0,0
2284,434,200101.08255802124,2833015.5584026244,61.39082,12.904402,92.267044,0.00075802277,4.874744,3.0,0
144,8542,443341.08255802124,2897215.5584026244,59.413074,0.50519484,57.643883,0.00045799997,8.13221,4.0,0
3756,3692,297841.08255802124,2788855.5584026244,156.88927,10.304122,246.91277,-0.008241921,5.106017,3.0,0
241,2342,257341.08255802124,2894305.5584026244,43.121056,4.205828,227.5752,0.0004470878,6.0111547,4.0,0
3212,3858,302821.08255802124,2805175.5584026244,498.15164,3.1605134,113.32491,0.0013828448,6.297675,6.0,0
2627,8921,454711.08255802124,2822725.5584026244,893.64703,6.8914256,274.22028,0.0009076775,5.514308,3.0,0
187,6494,381901.08255802124,2895925.5584026244,67.85365,2.5529413,132.2595,-0.00035926397,6.511516,4.0,0
3757,5529,352951.08255802124,2788825.5584026244,327.2025,31.273556,225.62408,0.0073566013,3.8998022,1.0,0
1233,4442,320341.08255802124,2864545.5584026244,189.39574,10.719289,264.2281,-0.004399821,5.065616,4.0,0
545,5808,361321.08255802124,2885185.5584026244,54.967907,6.620193,301.74326,0.0033568433,5.554836,6.0,0
750,4685,327631.08255802124,2879035.5584026244,51.546455,1.4439694,250.09021,0.0002480009,7.0818167,4.0,0
3618,8387,438691.08255802124,2792995.5584026244,855.0292,8.240448,57.577896,0.00014723052,5.3334413,3.0,0
1039,781,210511.08255802124,2870365.5584026244,34.644936,5.552987,359.46634,-0.0011125528,5.7319508,4.0,0
485,8635,446131.08255802124,2886985.5584026244,236.71333,26.599377,263.16205,0.00016045477,4.092848,4.0,0
1922,3721,298711.08255802124,2843875.5584026244,836.8964,9.797094,230.33665,-0.0025856358,5.1575255,6.0,0
3689,2852,272641.08255802124,2790865.5584026244,208.38354,17.739393,358.41675,-0.000470492,4.5409493,3.0,0
1074,2045,248431.08255802124,2869315.5584026244,234.02809,18.370134,39.48222,-0.0006087667,4.5035863,4.0,0
1718,7370,408181.08255802124,2849995.5584026244,1010.9348,13.728193,270.05493,0.0046810913,4.810576,6.0,0
457,2368,258121.08255802124,2887825.5584026244,37.54843,2.178882,206.57362,4.5837827e-05,6.6701303,4.0,0
364,987,216691.08255802124,2890615.5584026244,33.787224,4.044822,95.872314,-0.0004816644,6.0503235,4.0,0
2831,7535,413131.08255802124,2816605.5584026244,1479.9299,13.54728,266.6051,-0.004481676,4.824356,6.0,0
4099,145,191431.08255802124,2778565.5584026244,20.544037,2.4957845,55.819336,0.00015470188,6.5341887,4.0,0
801,2058,248821.08255802124,2877505.5584026244,221.70291,3.8376303,308.96466,0.0043892628,6.103072,4.0,0
224,3629,295951.08255802124,2894815.5584026244,40.893414,1.144906,358.51718,0.00037933877,7.3139687,4.0,0
4322,6789,390751.08255802124,2771875.5584026244,11.425756,3.607781,40.93953,8.148697e-05,6.1650085,4.0,0
575,1709,238351.08255802124,2884285.5584026244,33.0404,1.5731833,315.93143,0.00023068002,6.996072,4.0,0
4447,4213,313471.08255802124,2768125.5584026244,8.070463,0.78039044,168.53786,-0.0002001981,7.6973233,4.0,0
3553,431,200011.08255802124,2794945.5584026244,52.25538,3.9503713,350.70868,-2.5210906e-05,6.0740285,2.0,0
4418,5423,349771.08255802124,2768995.5584026244,11.628524,1.4493334,315.40512,-0.00043841734,7.0781074,4.0,0
3411,6331,377011.08255802124,2799205.5584026244,786.8355,35.825943,144.82301,0.001082391,3.7270503,6.0,0
3215,6435,380131.08255802124,2805085.5584026244,1552.2025,36.915207,83.16568,-0.002587959,3.6872323,6.0,0
3407,501,202111.08255802124,2799325.5584026244,42.860382,3.283283,105.78655,0.00040258723,6.2594852,2.0,0
2801,4091,309811.08255802124,2817505.5584026244,973.6897,12.626177,278.32806,-0.0011966961,4.897279,6.0,0
769,5206,343261.08255802124,2878465.5584026244,53.444527,2.8610268,206.81091,8.5824344e-05,6.3974123,4.0,0
1538,7751,419611.08255802124,2855395.5584026244,1089.0239,1.9605272,259.31952,-0.004489814,6.7758207,6.0,0
3722,5415,349531.08255802124,2789875.5584026244,120.669304,19.616276,136.46423,0.0045384914,4.4328876,1.0,0
367,3264,285001.08255802124,2890525.5584026244,36.40126,2.5965092,114.56595,0.00049348944,6.4945717,4.0,0
3183,953,215671.08255802124,2806045.5584026244,147.61513,8.006286,134.60947,-0.003563203,5.362659,6.0,0
3979,7792,420841.08255802124,2782165.5584026244,96.47558,14.627339,214.51788,-0.0052211615,4.74447,3.0,0
1440,6713,388471.08255802124,2858335.5584026244,626.4217,3.9775083,32.62523,-0.0026170688,6.0671606,6.0,0
1206,250,194581.08255802124,2865355.5584026244,30.0,0.75212884,251.73195,-0.0010116879,7.7342143,4.0,0
3080,8569,444151.08255802124,2809135.5584026244,1121.0262,9.871677,153.19057,0.0006852553,5.1497903,3.0,0
3622,8037,428191.08255802124,2792875.5584026244,874.3288,11.317468,59.151184,-0.0014597236,5.0099516,3.0,0
832,3289,285751.08255802124,2876575.5584026244,50.77046,2.187036,211.24373,-0.0013637055,6.6663914,4.0,0
3264,2738,269221.08255802124,2803615.5584026244,425.61673,11.164886,252.31143,0.00084442983,5.02388,3.0,0
311,3545,293431.08255802124,2892205.5584026244,45.17271,2.9060533,172.57071,-0.0011829599,6.3817706,4.0,0
1339,3890,303781.08255802124,2861365.5584026244,324.67282,15.504944,65.07077,0.0013400097,4.6834292,4.0,0
2899,364,198001.08255802124,2814565.5584026244,96.13195,12.905517,188.61119,0.0010118482,4.874655,6.0,0
3941,6436,380161.08255802124,2783305.5584026244,11.400443,2.1491923,232.61926,0.0015989703,6.683863,1.0,0
869,6270,375181.08255802124,2875465.5584026244,335.51605,15.559275,94.37585,0.0012257046,4.679754,6.0,0
1456,7610,415381.08255802124,2857855.5584026244,929.426,28.039803,217.43663,-0.006793468,4.0311804,6.0,0
1929,1499,232051.08255802124,2843665.5584026244,504.2201,5.7711535,2.3500762,-0.0025455134,5.6931624,6.0,0
3369,6209,373351.08255802124,2800465.5584026244,1615.4652,9.035664,123.633995,-0.0034136283,5.239907,6.0,0
999,6751,389611.08255802124,2871565.5584026244,510.02847,14.435408,157.47134,0.0038790724,4.7582626,6.0,0
1022,5451,350611.08255802124,2870875.5584026244,354.35757,22.416983,321.31628,0.004329673,4.286675,6.0,0
3308,6206,373261.08255802124,2802295.5584026244,1550.183,34.546524,185.80202,-0.007111918,3.7744706,6.0,0
4310,6663,386971.08255802124,2772235.5584026244,13.257943,1.8074282,8.074594,4.8409558e-05,6.8571877,4.0,0
2768,2496,261961.08255802124,2818495.5584026244,400.8658,8.932042,211.34792,0.0017710282,5.251632,6.0,0
2859,6644,386401.08255802124,2815765.5584026244,1813.573,16.804497,313.29556,-0.00053785555,4.598514,6.0,0
868,7072,399241.08255802124,2875495.5584026244,373.4434,29.033644,314.8598,0.0030405766,3.9898458,6.0,0
4485,6568,384121.08255802124,2766985.5584026244,19.092934,4.3302436,57.83803,-0.0011321455,5.981894,4.0,0
2076,1357,227791.08255802124,2839255.5584026244,455.60138,27.691866,152.90286,-0.002120302,4.045877,6.0,0
2169,8034,428101.08255802124,2836465.5584026244,1068.2218,1.1096083,151.44081,-0.0018168131,7.345292,6.0,0
1299,5250,344581.08255802124,2862565.5584026244,75.538826,6.464791,307.95172,-0.00018966466,5.5787973,6.0,0
765,4675,327331.08255802124,2878585.5584026244,46.631798,1.358509,116.49794,0.00019349733,7.1428494,4.0,0
2921,2724,268801.08255802124,2813905.5584026244,245.99953,10.823316,160.22496,0.0043822145,5.055727,6.0,0
1763,7833,422071.08255802124,2848645.5584026244,788.06305,15.087093,93.8417,0.0023229471,4.712091,6.0,0
2094,1969,246151.08255802124,2838715.5584026244,424.59714,1.1675428,181.37465,-0.00087281124,7.2943845,6.0,0
3950,5203,343171.08255802124,2783035.5584026244,28.535631,9.645723,237.35498,0.0019139487,5.1733994,1.0,0
770,8972,456241.08255802124,2878435.5584026244,76.70401,1.1932977,108.640724,0.0012750266,7.272559,4.0,0
2668,6309,376351.08255802124,2821495.5584026244,1672.5525,23.541866,248.66348,-0.0010459394,4.2320414,6.0,0
3268,309,196351.08255802124,2803495.5584026244,59.644344,10.368108,129.2894,0.00021900906,5.0996904,2.0,0
3755,4976,336361.08255802124,2788885.5584026244,24.165121,2.2308464,325.0245,0.0011415503,6.646538,6.0,0
161,7021,397711.08255802124,2896705.5584026244,150.78293,25.277477,108.97096,-0.0010779022,4.151514,4.0,0
3695,7407,409291.08255802124,2790685.5584026244,734.41907,18.10488,107.914406,-0.0013410442,4.5191617,3.0,0
392,4068,309121.08255802124,2889775.5584026244,44.38745,2.247578,10.472125,-0.00060478,6.639058,4.0,0
4343,5196,342961.08255802124,2771245.5584026244,7.1408563,0.80895513,281.95563,0.00022008446,7.66137,5.0,0
1247,1327,226891.08255802124,2864125.5584026244,68.992836,6.2328672,31.0688,0.0024803926,5.6156325,6.0,0
2619,6277,375391.08255802124,2822965.5584026244,1702.7948,14.044229,303.1519,0.0021467423,4.7868996,6.0,0
1589,2886,273661.08255802124,2853865.5584026244,367.30206,28.4786,155.79634,-0.0019075264,4.012816,6.0,0
4143,5615,355531.08255802124,2777245.5584026244,15.0,0.8291095,47.539154,-6.48859e-05,7.636758,1.0,0
1553,6241,374311.08255802124,2854945.5584026244,639.15674,3.1999426,319.94626,-0.006450331,6.285251,6.0,0
4257,8261,434911.08255802124,2773825.5584026244,201.44421,27.380564,23.730091,0.006218902,4.059131,3.0,0
2641,4491,321811.08255802124,2822305.5584026244,1361.2385,12.450357,280.51727,0.0034812419,4.9117594,6.0,0
547,6126,370861.08255802124,2885125.5584026244,335.40515,10.846813,163.76718,-0.0013909913,5.053506,6.0,0
3373,8947,455491.08255802124,2800345.5584026244,962.51715,11.87253,166.02327,-0.00032652117,4.960739,5.0,0
1873,1884,243601.08255802124,2845345.5584026244,356.77774,11.152491,51.046795,0.00036376948,5.025019,6.0,0
4378,8359,437851.08255802124,2770195.5584026244,58.95575,1.1206323,65.311264,-0.0011196348,7.335404,3.0,0
3624,8443,440371.08255802124,2792815.5584026244,754.3521,16.359135,100.990364,-0.0011625163,4.626935,3.0,0
3126,2220,253681.08255802124,2807755.5584026244,146.06728,5.1987567,187.59581,0.00020535779,5.7982554,6.0,0
1774,5539,353251.08255802124,2848315.5584026244,631.95715,4.4454327,2.3943007,0.002016466,5.955538,6.0,0
2313,5332,347041.08255802124,2832145.5584026244,1524.9417,8.330119,162.21634,-0.0047557577,5.322466,6.0,0
733,1658,236821.08255802124,2879545.5584026244,37.50037,1.8882302,250.0806,-0.00012371065,6.813422,4.0,0
84,2316,256561.08255802124,2899015.5584026244,214.47389,3.3505442,280.2755,-0.0043209246,6.239161,4.0,0
4383,763,209971.08255802124,2770045.5584026244,15.134538,1.1040498,39.780083,0.00044467128,7.3503156,4.0,0
3014,2958,275821.08255802124,2811115.5584026244,301.5687,4.470986,177.19366,0.0021268548,5.949783,6.0,0
1739,8887,453691.08255802124,2849365.5584026244,724.0073,7.5163274,104.103065,-0.0036635676,5.426587,6.0,0
1129,5585,354631.08255802124,2867665.5584026244,268.32407,4.760422,49.71759,0.002318929,5.886783,6.0,0
2082,6599,385051.08255802124,2839075.5584026244,1144.6569,5.1613784,93.613884,0.0024301147,5.8055105,6.0,0
3903,5093,339871.08255802124,2784445.5584026244,21.32416,0.92116016,24.122416,0.0013402262,7.5314593,6.0,0
506,5282,345541.08255802124,2886355.5584026244,44.726795,7.9249988,35.614002,0.0002946186,5.3729963,4.0,0
4539,7922,424741.08255802124,2765365.5584026244,20.715082,1.4227225,139.26842,0.0003345982,7.0966463,3.0,0
1426,1814,241501.08255802124,2858755.5584026244,135.83205,13.475055,55.362,-8.7329114e-05,4.8299055,6.0,0
287,6443,380371.08255802124,2892925.5584026244,71.25657,9.331528,122.026375,-0.0001499707,5.2071285,4.0,0
3435,3568,294121.08255802124,2798485.5584026244,528.341,3.8377333,62.126823,-0.00037811277,6.1030455,6.0,0
885,1622,235741.08255802124,2874985.5584026244,113.24451,29.846546,6.2945604,0.00024381618,3.9566984,4.0,0
3267,445,200431.08255802124,2803525.5584026244,65.906685,6.3821626,18.210773,0.00427564,5.591769,2.0,0
899,1223,223771.08255802124,2874565.5584026244,36.816143,2.5485451,324.82208,-0.0006299993,6.513242,4.0,0
2608,7119,400651.08255802124,2823295.5584026244,1539.668,9.065996,208.17995,-0.0012554593,5.236499,6.0,0
2104,4246,314461.08255802124,2838415.5584026244,1162.0702,10.001944,51.04966,-4.652237e-05,5.136414,6.0,0
316,4371,318211.08255802124,2892055.5584026244,42.322735,1.0772754,110.22981,0.00066220923,7.3748713,4.0,0
214,2737,269191.08255802124,2895115.5584026244,35.125263,2.768032,352.66953,0.00081576454,6.430509,4.0,0
2821,5902,364141.08255802124,2816905.5584026244,1752.4799,18.389725,164.27725,-0.0030868193,4.5024433,6.0,0
312,4386,318661.08255802124,2892175.5584026244,44.0,1.1473773,205.92778,7.77989e-06,7.311812,4.0,0
1786,2071,249211.08255802124,2847955.5584026244,243.74103,19.741455,331.15195,-0.0012623298,4.4259973,6.0,0
3804,7525,412831.08255802124,2787415.5584026244,508.77722,10.996808,62.660404,-0.00035074016,5.0394335,3.0,0
3629,6596,384961.08255802124,2792665.5584026244,973.3895,2.6456668,297.41107,0.002299788,6.47579,6.0,0
1068,1605,235231.08255802124,2869495.5584026244,70.76143,7.595806,190.38911,0.00010690058,5.4159455,6.0,0
3853,5806,361261.08255802124,2785945.5584026244,81.02223,5.5072002,8.8780155,0.0026466814,5.7402816,6.0,0
3206,4895,333931.08255802124,2805355.5584026244,934.0324,36.783825,74.87358,-0.0014696254,3.6920106,6.0,0
2320,425,199831.08255802124,2831935.5584026244,32.012573,1.2228756,61.59066,0.0011889214,7.2480674,3.0,0
2677,3310,286381.08255802124,2821225.5584026244,582.60693,5.8719177,179.4235,0.0019791499,5.6757336,3.0,0
3830,495,201931.08255802124,2786635.5584026244,20.810678,0.3950419,240.79321,0.00030835206,8.378172,2.0,0
866,4574,324301.08255802124,2875555.5584026244,45.0,0.9035027,42.493996,0.0009287993,7.5508175,4.0,0
2215,1294,225901.08255802124,2835085.5584026244,518.76996,21.513117,101.808395,0.0028817155,4.3321576,6.0,0
3765,2510,262381.08255802124,2788585.5584026244,113.9533,5.3830967,117.204636,-0.005371961,5.763212,3.0,0
4277,3093,279871.08255802124,2773225.5584026244,11.389199,3.7687256,232.09944,-0.0005038028,6.121244,3.0,0
1671,4793,330871.08255802124,2851405.5584026244,780.1255,12.330709,268.0859,0.0010017395,4.921724,6.0,0
1594,1547,233491.08255802124,2853715.5584026244,355.75665,16.902542,91.651,-0.0013599821,4.592347,6.0,0
4002,6873,393271.08255802124,2781475.5584026244,18.432518,0.9841545,192.43729,-0.00020447785,7.4652987,1.0,0
1576,7282,405541.08255802124,2854255.5584026244,1015.96124,6.587554,342.039,-0.00280248,5.559822,6.0,0
838,8121,430711.08255802124,2876395.5584026244,658.2233,5.6920915,358.1621,-0.0023850845,5.7070494,6.0,0
2767,2170,252181.08255802124,2818525.5584026244,826.34436,16.257067,222.63528,0.0002601964,4.633545,6.0,0
1344,2297,255991.08255802124,2861215.5584026244,176.76135,15.664129,87.05188,-0.0033795761,4.6726933,4.0,0
4193,8645,446431.08255802124,2775745.5584026244,524.4257,15.329131,33.651825,0.0011579642,4.6954026,5.0,0
4378,5851,362611.08255802124,2770195.5584026244,9.818524,2.7420387,354.67267,-0.00038189942,6.4399586,1.0,0
4272,4657,326791.08255802124,2773375.5584026244,10.632599,0.8493443,205.1002,-0.00049821613,7.612642,4.0,0
3151,5429,349951.08255802124,2807005.5584026244,1628.3839,3.2864392,20.152424,0.00013688831,6.258522,6.0,0
2621,831,212011.08255802124,2822905.5584026244,106.785904,17.484234,63.23233,0.002656447,4.5563917,6.0,0
1452,1693,237871.08255802124,2857975.5584026244,289.53177,8.892132,124.81033,-0.007281884,5.256183,6.0,0
3651,7596,414961.08255802124,2792005.5584026244,840.43475,1.9607286,72.7046,0.00052303734,6.7757177,3.0,0
723,7786,420661.08255802124,2879845.5584026244,265.06503,17.93771,297.14368,0.001642816,4.5290794,6.0,0
523,7948,425521.08255802124,2885845.5584026244,81.845024,7.704871,53.79178,-0.0004015753,5.4015183,4.0,0
3903,6113,370471.08255802124,2784445.5584026244,86.45348,10.762252,151.49911,0.002366613,5.061521,6.0,0
224,8098,430021.08255802124,2894815.5584026244,57.706913,1.0303195,38.849113,0.00014376325,7.419448,4.0,0
2565,3430,289981.08255802124,2824585.5584026244,636.0168,10.564031,90.46433,-0.0008914693,5.080547,6.0,0
3823,3703,298171.08255802124,2786845.5584026244,105.53798,12.2061,107.90802,-0.0032977127,4.932198,3.0,0
1407,5743,359371.08255802124,2859325.5584026244,345.14114,18.513435,83.76535,-0.0002853733,4.4952517,6.0,0
640,6675,387331.08255802124,2882335.5584026244,86.81868,7.9083624,354.68484,-0.0018452413,5.375125,6.0,0
149,7198,403021.08255802124,2897065.5584026244,55.150246,0.60539573,213.7953,-7.3561125e-05,7.95126,4.0,0
1173,3176,282361.08255802124,2866345.5584026244,359.2088,15.734732,315.67694,-0.00030231907,4.6679626,4.0,0
2857,3144,281401.08255802124,2815825.5584026244,291.74228,2.2738554,91.29255,0.0026572335,6.6274223,3.0,0
3246,5204,343201.08255802124,2804155.5584026244,1550.4711,19.120647,265.6485,-0.0025367567,4.460537,6.0,0
3641,420,199681.08255802124,2792305.5584026244,25.638027,0.336635,61.681515,-0.00024028141,8.538169,2.0,0
1141,4155,311731.08255802124,2867305.5584026244,60.879536,4.3671956,216.29715,0.0007581594,5.973364,4.0,0
3942,3078,279421.08255802124,2783275.5584026244,16.97983,2.934318,154.3667,-0.00084916456,6.3720746,3.0,0
241,4739,329251.08255802124,2894305.5584026244,47.39676,2.0549157,13.616527,7.5360396e-05,6.7287607,4.0,0
2017,3218,283621.08255802124,2841025.5584026244,544.5826,16.870174,94.94321,-0.00036151469,4.5943794,6.0,0
760,3836,302161.08255802124,2878735.5584026244,44.94836,2.3657312,123.670074,-0.0005965455,6.5877686,4.0,0
2874,2336,257161.08255802124,2815315.5584026244,683.0947,11.034544,234.63098,-0.0018585715,5.035922,6.0,0
2980,5849,362551.08255802124,2812135.5584026244,1574.1421,7.066153,319.7833,0.0030756292,5.4890203,6.0,0
2757,2725,268831.08255802124,2818825.5584026244,268.28964,20.467293,197.49992,0.0041658487,4.386747,6.0,0
2473,621,205711.08255802124,2827345.5584026244,96.38383,1.3585415,297.5896,-0.002731548,7.142825,3.0,0
636,6163,371971.08255802124,2882455.5584026244,272.04813,14.453928,310.42285,0.0034358893,4.756924,6.0,0
3599,2011,247411.08255802124,2793565.5584026244,76.742775,13.423485,94.307106,0.00053601136,4.8338842,3.0,0
4201,4805,331231.08255802124,2775505.5584026244,6.8401203,1.3020579,79.45575,0.00039962822,7.185306,5.0,0
2840,8521,442711.08255802124,2816335.5584026244,1022.82446,20.799109,128.55728,0.00498898,4.3691854,3.0,0
3485,1561,233911.08255802124,2796985.5584026244,95.308815,14.073506,135.61067,-0.0012127073,4.784731,3.0,0
3478,4860,332881.08255802124,2797195.5584026244,778.32446,19.69362,269.40775,-0.006588117,4.4286256,6.0,0
783,4061,308911.08255802124,2878045.5584026244,45.195522,2.0785158,208.28549,0.00024117788,6.7173314,4.0,0
2625,528,202921.08255802124,2822785.5584026244,148.60875,9.602091,282.73608,-0.0021594027,5.1780195,6.0,0
2041,7295,405931.08255802124,2840305.5584026244,861.9107,3.4074445,324.64917,0.0008098518,6.222282,6.0,0
2317,2946,275461.08255802124,2832025.5584026244,377.14218,11.402761,164.14096,-0.002631336,5.002243,6.0,0
261,6787,390691.08255802124,2893705.5584026244,87.187035,7.7763567,47.97196,0.0036763933,5.3921695,4.0,0
1124,3674,297301.08255802124,2867815.5584026244,86.46599,14.09345,5.953335,-0.0013182955,4.7832565,4.0,0
3620,410,199381.08255802124,2792935.5584026244,24.87304,1.6204588,70.59613,2.8120136e-05,6.9664483,2.0,0
3828,1396,228961.08255802124,2786695.5584026244,25.0,0.7299299,217.27199,-0.0004900705,7.764177,3.0,0
2089,5019,337651.08255802124,2838865.5584026244,1584.1598,12.520457,320.39984,-0.00297465,4.9059634,6.0,0
3044,8641,446311.08255802124,2810215.5584026244,1108.7599,4.0038233,148.23734,-0.00040069583,6.060545,3.0,0
2034,7961,425911.08255802124,2840515.5584026244,905.11163,8.54815,178.068,-0.003658685,5.2962513,6.0,0
1609,1332,227041.08255802124,2853265.5584026244,172.98634,6.6338816,201.11543,0.0026672152,5.5527515,6.0,0
1762,1529,232951.08255802124,2848675.5584026244,397.01706,4.7255797,16.88734,-0.00030665073,5.894163,6.0,0
3856,8449,440551.08255802124,2785855.5584026244,532.84784,5.771603,17.380907,-0.00037438283,5.6930842,5.0,0
1100,6857,392791.08255802124,2868535.5584026244,538.2181,16.202534,262.66357,0.007838135,4.6370916,6.0,0
3917,354,197701.08255802124,2784025.5584026244,20.019274,2.2466466,295.2024,-0.0003587347,6.639473,2.0,0
944,8510,442381.08255802124,2873215.5584026244,490.33713,7.500252,21.08695,0.0036301336,5.428753,4.0,0
944,1484,231601.08255802124,2873215.5584026244,61.804924,4.0307927,96.88447,-0.0018267005,6.0538096,6.0,0
2691,4486,321661.08255802124,2820805.5584026244,1382.515,2.3182316,339.18143,-0.0025403171,6.6080737,6.0,0
2598,6264,375001.08255802124,2823595.5584026244,1647.0,0.6630986,144.80829,0.00043480768,7.8602114,6.0,0
2486,7145,401431.08255802124,2826955.5584026244,1256.0415,7.148918,177.47679,-0.00047346338,5.477255,6.0,0
3509,675,207331.08255802124,2796265.5584026244,80.88751,9.1109495,130.85364,0.0037058066,5.2314687,2.0,0
3024,1926,244861.08255802124,2810815.5584026244,570.0755,18.425188,58.422226,-0.008154568,4.5003777,6.0,0
1875,1090,219781.08255802124,2845285.5584026244,223.03255,10.501328,14.764486,-0.0014164394,5.0866365,6.0,0
840,1637,236191.08255802124,2876335.5584026244,160.39017,9.921976,144.54112,-0.00040868123,5.1446056,4.0,0
4141,1718,238621.08255802124,2777305.5584026244,10.908593,1.6945678,179.60258,-0.00038496603,6.9217052,2.0,0
4126,5233,344071.08255802124,2777755.5584026244,7.0,0.22116446,76.42619,0.00026949326,8.958268,1.0,0
1287,1853,242671.08255802124,2862925.5584026244,106.247505,7.470786,210.59155,-0.004650116,5.4327345,4.0,0
1270,6343,377371.08255802124,2863435.5584026244,536.1116,29.364391,104.17428,0.0018482546,3.9762905,6.0,0
1316,3406,289261.08255802124,2862055.5584026244,351.5255,16.19142,141.37611,0.0054286453,4.637816,4.0,0
1989,1929,244951.08255802124,2841865.5584026244,433.89203,9.473563,319.65466,-0.0023714448,5.1917477,6.0,0
129,6654,386701.08255802124,2897665.5584026244,160.1028,19.614542,23.26785,0.0029612645,4.4329834,4.0,0
1058,479,201451.08255802124,2869795.5584026244,25.90877,0.72819936,93.68211,0.0003564771,7.766551,4.0,0
4182,183,192571.08255802124,2776075.5584026244,19.68559,3.1518338,92.94458,0.00028384948,6.3004303,4.0,0
3606,4630,325981.08255802124,2793355.5584026244,662.788,5.618644,15.742151,0.0012819248,5.7201214,6.0,0
445,3859,302851.08255802124,2888185.5584026244,37.568134,1.1590718,29.842499,0.0002666081,7.3016686,4.0,0
1203,4495,321931.08255802124,2865445.5584026244,70.69165,1.4780476,111.015335,-0.000579107,7.0584803,4.0,0
614,2396,258961.08255802124,2883115.5584026244,39.20617,0.642717,340.07562,0.0016068002,7.8914332,4.0,0
401,8290,435781.08255802124,2889505.5584026244,79.81725,6.845733,67.16304,0.0003282865,5.521024,4.0,0
642,2805,271231.08255802124,2882275.5584026244,45.0,1.192109,334.10687,9.518757e-06,7.273556,4.0,0
4292,6818,391621.08255802124,2772775.5584026244,13.01696,2.1123784,94.60909,-0.00022706878,6.7011566,4.0,0
1387,5841,362311.08255802124,2859925.5584026244,480.58127,10.169005,70.68731,0.0050384523,5.119502,6.0,0
2380,7546,413461.08255802124,2830135.5584026244,1057.2582,24.09392,322.2432,0.00281762,4.2059593,6.0,0
4208,2949,275551.08255802124,2775295.5584026244,11.186443,1.3950553,297.87775,0.0005303023,7.1162925,3.0,0
159,8403,439171.08255802124,2896765.5584026244,58.13061,1.5602735,229.71747,0.00019145542,7.004316,4.0,0
880,7504,412201.08255802124,2875135.5584026244,410.93677,19.843819,334.86404,0.0029881112,4.4203897,6.0,0
1399,5741,359311.08255802124,2859565.5584026244,336.5343,8.11152,45.427456,0.006397468,5.3494267,6.0,0
1668,7796,420961.08255802124,2851495.5584026244,1044.6273,23.032423,135.58417,-0.0012033761,4.2565274,6.0,0
1776,2403,259171.08255802124,2848255.5584026244,183.62767,2.21725,331.47015,0.0036616602,6.652657,6.0,0
1924,4038,308221.08255802124,2843815.5584026244,988.56354,17.273863,250.52655,0.0012403361,4.5692725,6.0,0
875,5221,343711.08255802124,2875285.5584026244,51.48359,0.23103349,209.43474,0.00030489924,8.914612,6.0,0
3086,4319,316651.08255802124,2808955.5584026244,906.89813,8.236685,105.22045,0.007990197,5.3339043,6.0,0
3543,7886,423661.08255802124,2795245.5584026244,980.1602,10.823039,96.99885,4.0045754e-05,5.055753,3.0,0
3106,1119,220651.08255802124,2808355.5584026244,139.22527,7.872502,181.16905,-0.004450692,5.3797274,6.0,0
1435,6133,371071.08255802124,2858485.5584026244,593.69543,24.319338,258.83026,0.0031364951,4.1954393,6.0,0
3996,5095,339931.08255802124,2781655.5584026244,23.108559,2.380619,211.12193,-0.0011856138,6.581488,1.0,0
3868,973,216271.08255802124,2785495.5584026244,23.541557,3.836468,78.98211,0.0006917551,6.103376,2.0,0
3192,2780,270481.08255802124,2805775.5584026244,493.43677,26.331795,310.9131,0.003559969,4.1045537,3.0,0
4205,7699,418051.08255802124,2775385.5584026244,19.698393,3.9411914,260.52423,3.7820602e-05,6.076362,3.0,0
3060,6936,395161.08255802124,2809735.5584026244,1068.176,22.257462,111.41034,0.0021907547,4.2945952,6.0,0
330,595,204931.08255802124,2891635.5584026244,29.969702,0.4524959,125.07018,0.0003443236,8.24238,4.0,0
1800,6753,389671.08255802124,2847535.5584026244,868.5906,10.59289,345.43692,-0.0054489817,5.077756,6.0,0
4011,1987,246691.08255802124,2781205.5584026244,17.536734,1.3040812,62.670807,-0.0009727619,7.183753,2.0,0
1730,6841,392311.08255802124,2849635.5584026244,784.8116,9.104948,87.88745,0.00025641546,5.2321386,6.0,0
865,1844,242401.08255802124,2875585.5584026244,48.50996,5.6407213,175.07553,0.00013568671,5.7161746,4.0,0
3735,691,207811.08255802124,2789485.5584026244,27.0,0.5091278,314.04254,0.00025334308,8.1244545,2.0,0
810,3140,281281.08255802124,2877235.5584026244,49.59249,2.6395588,65.03102,0.0012319777,6.4781046,4.0,0
4082,8521,442711.08255802124,2779075.5584026244,857.55096,20.01129,34.706696,-0.00065280474,4.4112678,5.0,0
3737,8250,434581.08255802124,2789425.5584026244,838.75854,6.5422306,110.08105,-0.00020743479,5.566787,3.0,0
2534,3914,304501.08255802124,2825515.5584026244,969.4586,3.1188807,61.06731,-0.0027670288,6.3109617,6.0,0
3031,5901,364111.08255802124,2810605.5584026244,1710.5083,5.9074154,43.754395,0.00022627093,5.669664,6.0,0
399,2832,272041.08255802124,2889565.5584026244,46.2734,3.6803858,285.54703,0.00012513266,6.14503,4.0,0
3919,1026,217861.08255802124,2783965.5584026244,26.469488,1.3514581,270.90063,-0.0005380376,7.148055,2.0,0
2052,3642,296341.08255802124,2839975.5584026244,760.9805,15.416201,310.60422,4.79804e-05,4.689458,6.0,0
2120,5511,352411.08255802124,2837935.5584026244,1197.762,25.219013,169.42393,-0.0011258952,4.154159,6.0,0
1334,5208,343321.08255802124,2861515.5584026244,185.97643,18.638351,299.48047,0.00087210746,4.488032,6.0,0
1799,3194,282901.08255802124,2847565.5584026244,593.42236,4.3673744,107.01687,-0.0031379361,5.973323,6.0,0
1088,6313,376471.08255802124,2868895.5584026244,225.48831,25.803217,120.661896,0.0032514106,4.127926,6.0,0
3655,5492,351841.08255802124,2791885.5584026244,356.5464,31.955585,280.14993,0.0070163556,3.8731356,1.0,0
468,3087,279691.08255802124,2887495.5584026244,38.241367,3.392991,340.1258,0.0008294709,6.2265425,4.0,0
1080,2377,258391.08255802124,2869135.5584026244,180.47725,9.147064,146.1665,0.0037656063,5.2274446,4.0,0
4007,2681,267511.08255802124,2781325.5584026244,18.0,0.0408011,195.41788,-0.00028841867,10.308952,3.0,0
2921,6818,391621.08255802124,2813905.5584026244,835.1492,21.825218,126.88232,0.0022158981,4.3162837,6.0,0
3281,7269,405151.08255802124,2803105.5584026244,1205.5616,40.87717,104.00812,-0.00401652,3.5456107,6.0,0
299,2453,260671.08255802124,2892565.5584026244,46.339462,0.38813347,163.33575,0.0002777555,8.395815,4.0,0
86,2435,260131.08255802124,2898955.5584026244,29.0,0.0,0.0,0.0,10.308952,4.0,0
3082,7554,413701.08255802124,2809075.5584026244,1293.587,8.412749,12.219265,0.0014616903,5.3124533,3.0,0
3726,259,194851.08255802124,2789755.5584026244,19.516516,1.7992452,84.171295,0.00045483536,6.861728,2.0,0
3189,1629,235951.08255802124,2805865.5584026244,137.81616,17.935743,181.26529,0.0004218503,4.5291963,6.0,0
446,5005,337231.08255802124,2888155.5584026244,40.615585,5.0845857,7.241157,0.001460244,5.820581,4.0,0
2283,1102,220141.08255802124,2833045.5584026244,415.82623,10.20615,169.7916,0.0027360024,5.115778,6.0,0
1150,6845,392431.08255802124,2867035.5584026244,726.98846,29.718374,325.11813,-0.0012958784,3.9618874,6.0,0
188,7969,426151.08255802124,2895895.5584026244,57.246548,1.3917139,219.55502,0.000107736596,7.118692,4.0,0
3046,2469,261151.08255802124,2810155.5584026244,271.01105,30.485537,116.62466,-0.00042102835,3.9310274,3.0,0
911,1768,240121.08255802124,2874205.5584026244,61.15263,2.5447888,12.858743,-0.00030825194,6.514719,4.0,0
2308,9055,458731.08255802124,2832295.5584026244,730.13574,3.7191005,303.76767,0.00204344,6.1345367,3.0,0
3857,231,194011.08255802124,2785825.5584026244,19.0,0.79832834,115.701866,-1.6699909e-05,7.674595,2.0,0
3891,2735,269131.08255802124,2784805.5584026244,24.411858,0.80587995,356.02823,-0.0014444122,7.665179,3.0,0
1493,7075,399331.08255802124,2856745.5584026244,916.044,7.9823256,105.81887,0.002679647,5.3656955,6.0,0
2881,4658,326821.08255802124,2815105.5584026244,1404.5817,13.317022,191.66547,-0.0011450534,4.8421435,6.0,0
3052,1348,227521.08255802124,2809975.5584026244,129.93698,17.96249,226.06897,0.0009773653,4.527604,6.0,0
2712,6405,379231.08255802124,2820175.5584026244,1783.5647,10.037868,240.58202,-0.0027126058,5.132755,6.0,0
1163,5988,366721.08255802124,2866645.5584026244,309.71518,7.007595,276.13666,-0.0003724672,5.497426,6.0,0
2095,7060,398881.08255802124,2838685.5584026244,1046.5701,6.198026,95.674,0.0011310154,5.621282,6.0,0
3795,8547,443491.08255802124,2787685.5584026244,497.4146,16.925058,343.4276,-0.007978982,4.590935,5.0,0
3282,2997,276991.08255802124,2803075.5584026244,315.74274,7.550906,238.88098,0.0024819775,5.4219437,3.0,0
1344,2056,248761.08255802124,2861215.5584026244,132.90964,16.214905,162.86612,0.0022316868,4.636286,4.0,0
4419,1796,240961.08255802124,2768965.5584026244,15.648237,2.317871,342.5871,4.5684435e-05,6.6082296,4.0,0
4234,7891,423811.08255802124,2774515.5584026244,52.162033,13.512414,12.331228,0.0027872869,4.8270316,3.0,0
2340,5758,359821.08255802124,2831335.5584026244,1642.1361,5.9511576,68.73299,-0.00089284277,5.6622334,6.0,0
2057,1782,240541.08255802124,2839825.5584026244,471.7886,14.528277,12.737753,0.0010036126,4.7515683,6.0,0
1636,877,213391.08255802124,2852455.5584026244,154.50883,11.696241,359.0806,-0.0023852203,4.9761295,6.0,0
2406,8390,438781.08255802124,2829355.5584026244,1061.2893,16.998972,349.8463,0.002940911,4.5863123,6.0,0
3628,1566,234061.08255802124,2792695.5584026244,119.124214,15.202324,99.24877,0.0036115097,4.704116,3.0,0
4264,553,203671.08255802124,2773615.5584026244,21.450031,0.062106233,44.763554,-0.0010195705,10.2283325,4.0,0
612,8334,437101.08255802124,2883175.5584026244,367.6097,17.577963,346.0647,0.0012982262,4.5506964,4.0,0
1882,1326,226861.08255802124,2845075.5584026244,308.20166,11.111657,49.447655,0.0029795244,5.0287814,6.0,0
1259,2528,262921.08255802124,2863765.5584026244,187.0509,18.773413,67.07259,0.0017464955,4.480272,4.0,0
3456,5983,366571.08255802124,2797855.5584026244,1445.3146,16.802185,117.408394,-0.004470452,4.59866,6.0,0
1952,6786,390661.08255802124,2842975.5584026244,902.43677,15.980224,335.45316,0.0005172051,4.6516614,6.0,0
3061,1797,240991.08255802124,2809705.5584026244,432.88464,11.54981,125.07768,0.00025804294,4.9890804,6.0,0
3475,5792,360841.08255802124,2797285.5584026244,422.67084,19.5325,97.625725,-0.0058853826,4.4375196,6.0,0
4131,6526,382861.08255802124,2777605.5584026244,9.421408,0.95718193,189.9098,0.0007601902,7.493093,1.0,0
1537,1452,230641.08255802124,2855425.5584026244,296.47354,11.242612,284.43353,0.0011007522,5.0167623,6.0,0
3573,1951,245611.08255802124,2794345.5584026244,72.35317,6.7892976,202.03152,-0.004088355,5.529381,3.0,0
3908,7097,399991.08255802124,2784295.5584026244,15.0,0.0,0.0,7.7115163e-07,10.308952,1.0,0
361,6907,394291.08255802124,2890705.5584026244,151.21678,6.5299864,291.29367,2.229074e-05,5.5686765,4.0,0
1337,6601,385111.08255802124,2861425.5584026244,410.68646,9.966597,282.45874,0.0016245183,5.140027,6.0,0
955,8163,431971.08255802124,2872885.5584026244,611.1541,24.921547,172.96172,0.0015481059,4.167686,6.0,0
4368,4505,322231.08255802124,2770495.5584026244,11.458059,1.9953856,32.49148,-0.001022861,6.7581825,4.0,0
3397,5214,343501.08255802124,2799625.5584026244,752.4986,31.217543,58.312695,-0.00027079284,3.9020066,6.0,0
2654,2420,259681.08255802124,2821915.5584026244,277.34607,10.93733,302.2031,-0.0028241563,5.0449915,6.0,0
1114,6728,388921.08255802124,2868115.5584026244,544.3783,2.4494662,84.10255,0.0008060201,6.5529447,6.0,0
4247,2140,251281.08255802124,2774125.5584026244,12.453026,1.7839551,281.3133,-0.00024405825,6.8702683,2.0,0
1933,3535,293131.08255802124,2843545.5584026244,668.47925,17.505945,123.92384,0.000726335,4.55507,6.0,0
4136,7611,415411.08255802124,2777455.5584026244,33.902138,8.721863,175.73419,-0.003674431,5.2758255,3.0,0
4123,865,213031.08255802124,2777845.5584026244,17.267605,1.126017,8.496548,0.00051616563,7.330609,4.0,0
2987,3314,286501.08255802124,2811925.5584026244,436.3494,6.172129,104.35661,0.0016848077,5.6255016,6.0,0
1202,1631,236011.08255802124,2865475.5584026244,301.91187,17.244862,92.11138,1.8709165e-05,4.5710588,4.0,0
2593,6617,385591.08255802124,2823745.5584026244,1840.269,10.407194,343.82648,-0.0017121378,5.095844,6.0,0
3523,1422,229741.08255802124,2795845.5584026244,58.834614,10.466286,265.81415,0.001482012,5.090055,3.0,0
4267,5423,349771.08255802124,2773525.5584026244,10.407248,1.5064062,102.25606,0.0009957957,7.0394673,1.0,0
3335,5161,341911.08255802124,2801485.5584026244,1405.4955,1.7269382,358.79556,-0.002066515,6.9027715,6.0,0
3816,2578,264421.08255802124,2787055.5584026244,20.0,0.50391316,226.1802,-0.00020612715,8.13475,3.0,0
126,5430,349981.08255802124,2897755.5584026244,48.263638,1.2499971,140.34413,0.0004148621,7.2261243,4.0,0
2504,3803,301171.08255802124,2826415.5584026244,882.5238,4.455903,276.18185,-0.0015186734,5.9531755,6.0,0
954,6113,370471.08255802124,2872915.5584026244,259.5672,2.5990071,347.77795,0.0038543278,6.4936085,6.0,0
4470,7224,403801.08255802124,2767435.5584026244,14.066709,1.5333102,88.32603,-0.00045898062,7.0217566,4.0,0
1532,6527,382891.08255802124,2855575.5584026244,652.2026,4.4523973,79.53007,0.0003678046,5.953966,6.0,0
1665,3083,279571.08255802124,2851585.5584026244,384.18408,14.455758,222.10934,-0.0016949627,4.756792,6.0,0
495,9035,458131.08255802124,2886685.5584026244,63.85124,2.315127,203.65417,0.0011778387,6.6094155,6.0,0
2354,3746,299461.08255802124,2830915.5584026244,866.5639,8.374319,346.07144,0.0002574327,5.317098,6.0,0
4169,1921,244711.08255802124,2776465.5584026244,20.967146,2.7751396,289.36047,-0.0030938087,6.427941,2.0,0
2286,7958,425821.08255802124,2832955.5584026244,1149.5172,3.0119426,188.98657,-0.0010315619,6.345917,6.0,0
1684,637,206191.08255802124,2851015.5584026244,175.41957,3.994183,254.9738,-0.0016888853,6.0629635,6.0,0
4093,3895,303931.08255802124,2778745.5584026244,3.0,0.16961612,76.43502,0.00016888056,9.223639,3.0,0
4274,7842,422341.08255802124,2773315.5584026244,19.04905,2.3093534,350.564,-0.0001478508,6.611915,3.0,0
634,2360,257881.08255802124,2882515.5584026244,42.230244,4.4833703,126.902695,0.0010402213,5.9470053,4.0,0
1731,472,201241.08255802124,2849605.5584026244,65.366196,7.6895514,284.28415,-0.0010718971,5.4035325,6.0,0
3160,8237,434191.08255802124,2806735.5584026244,1217.0845,5.3372173,30.875591,0.0013623384,5.7718215,3.0,0
4331,444,200401.08255802124,2771605.5584026244,21.37543,1.0904316,129.3774,-0.00033115066,7.36273,4.0,0
2812,5542,353341.08255802124,2817175.5584026244,1709.2168,17.079279,343.55106,-0.0020862157,4.5813093,6.0,0
3179,829,211951.08255802124,2806165.5584026244,86.57611,19.629128,3.7468188,0.0017840113,4.4321785,3.0,0
277,7593,414871.08255802124,2893225.5584026244,58.648674,2.4882941,43.19068,-0.00063114276,6.537198,4.0,0
2491,8554,443701.08255802124,2826805.5584026244,1009.337,26.54065,309.18887,-0.002255842,4.09541,6.0,0
2599,5420,349681.08255802124,2823565.5584026244,1672.9973,11.493826,271.4263,-0.00027726905,4.994073,6.0,0
1771,5765,360031.08255802124,2848405.5584026244,890.74756,26.408447,280.9817,-0.002653622,4.101192,6.0,0
2154,3429,289951.08255802124,2836915.5584026244,637.07477,25.636478,333.35217,0.0019858296,4.1353693,6.0,0
155,8098,430021.08255802124,2896885.5584026244,58.34126,1.9492453,238.25632,-0.00028621353,6.781596,4.0,0
3559,8390,438781.08255802124,2794765.5584026244,824.12915,8.774368,127.42635,-0.00024829438,5.269729,3.0,0
592,7314,406501.08255802124,2883775.5584026244,458.15967,19.63379,308.3504,0.0005027179,4.4319215,4.0,0
2659,1172,222241.08255802124,2821765.5584026244,420.37964,17.764935,77.98799,-0.00010059774,4.539414,6.0,0
4223,7191,402811.08255802124,2774845.5584026244,14.914867,1.6222277,283.82574,0.0002595446,6.965357,1.0,0
2806,2180,252481.08255802124,2817355.5584026244,796.06744,18.916409,167.61296,-0.004072079,4.4721074,6.0,0
549,2166,252061.08255802124,2885065.5584026244,35.967392,2.2735503,38.470856,-3.9916573e-05,6.627557,4.0,0
1908,7378,408421.08255802124,2844295.5584026244,1008.0274,3.4538774,333.43484,0.0036087034,6.2087145,6.0,0
992,655,206731.08255802124,2871775.5584026244,28.29554,2.6425345,348.63373,-1.8533086e-05,6.4769764,4.0,0
4307,4057,308791.08255802124,2772325.5584026244,3.892948,0.40855822,266.77698,0.00083406526,8.344528,4.0,0
336,5535,353131.08255802124,2891455.5584026244,44.0,0.0,0.0,0.0,10.308952,4.0,0
311,6508,382321.08255802124,2892205.5584026244,55.808147,3.131542,15.075321,-0.00083564117,6.3069024,4.0,0
2414,5995,366931.08255802124,2829115.5584026244,1579.9543,9.615822,5.8268933,-0.003475647,5.1765637,6.0,0
1317,4385,318631.08255802124,2862025.5584026244,81.845276,2.41522,216.96886,0.0040490977,6.5670414,6.0,0
2564,3914,304501.08255802124,2824615.5584026244,942.14185,12.627685,105.926445,-0.000620897,4.8971553,6.0,0
3124,7613,415471.08255802124,2807815.5584026244,1264.011,13.329901,207.93886,0.00035173196,4.841141,3.0,0
661,1553,233671.08255802124,2881705.5584026244,28.135199,2.124153,254.98656,0.0006019984,6.695593,4.0,0
1242,3215,283531.08255802124,2864275.5584026244,332.2258,5.5752387,193.79305,0.00039582996,5.7279263,4.0,0
1090,7667,417091.08255802124,2868835.5584026244,711.88116,19.020592,95.602554,0.004879625,4.4661922,6.0,0
1575,4771,330211.08255802124,2854285.5584026244,129.84474,3.015808,140.55663,0.001638972,6.3446326,6.0,0
1943,3935,305131.08255802124,2843245.5584026244,909.2278,4.380751,311.79144,0.002891744,5.970253,6.0,0
4257,1922,244741.08255802124,2773825.5584026244,10.574689,2.4974432,293.69107,0.00018023465,6.5335236,4.0,0
1567,3775,300331.08255802124,2854525.5584026244,555.80304,20.089952,247.21387,-0.000427602,4.407005,6.0,0
1036,2483,261571.08255802124,2870455.5584026244,60.22783,7.1278405,323.6436,0.0034841697,5.4802384,4.0,0
670,5748,359521.08255802124,2881435.5584026244,208.31706,6.549766,275.27,2.7940492e-05,5.5656257,6.0,0
3895,4621,325711.08255802124,2784685.5584026244,14.559657,1.5999267,209.83566,-4.6880246e-05,6.9792066,6.0,0
3517,8892,453841.08255802124,2796025.5584026244,993.21515,25.200184,284.64282,0.0024626157,4.1550117,5.0,0
3245,6925,394831.08255802124,2804185.5584026244,578.589,20.113323,358.54367,-0.003776041,4.405741,6.0,0
1569,3916,304561.08255802124,2854465.5584026244,666.2931,16.788197,60.358814,0.0009276498,4.5995426,6.0,0
2640,1627,235891.08255802124,2822335.5584026244,1050.0222,4.6280055,164.65166,0.0039322237,5.91512,6.0,0
1126,7877,423391.08255802124,2867755.5584026244,649.74866,1.2881072,64.74265,-0.00017035594,7.196082,6.0,0
160,2978,276421.08255802124,2896735.5584026244,34.79561,1.7029138,283.21024,0.00054717594,6.916789,4.0,0
1090,6746,389461.08255802124,2868835.5584026244,581.61194,10.702962,263.35013,-0.0021472166,5.0671763,6.0,0
3438,807,211291.08255802124,2798395.5584026244,76.37216,13.800311,203.65765,-0.0042374483,4.805129,2.0,0
2053,9010,457381.08255802124,2839945.5584026244,736.3653,8.957542,349.97543,0.0027340362,5.2487345,6.0,0
1771,5240,344281.08255802124,2848405.5584026244,866.3216,5.421239,308.94214,0.0040108915,5.7561097,6.0,0
1851,6711,388411.08255802124,2846005.5584026244,800.65247,5.8077846,339.77136,0.00381624,5.686792,6.0,0
2672,2002,247141.08255802124,2821375.5584026244,673.8237,16.031574,258.0852,0.00091428985,4.64828,6.0,0
3922,8927,454891.08255802124,2783875.5584026244,391.6445,16.964966,341.16476,-0.0010931313,4.588437,5.0,0
3997,2587,264691.08255802124,2781625.5584026244,15.0,0.0,0.0,0.0007059259,10.308952,3.0,0
720,3806,301261.08255802124,2879935.5584026244,114.24207,12.37039,233.61696,-0.0066288672,4.9184093,4.0,0
2061,928,214921.08255802124,2839705.5584026244,292.1375,17.194061,312.6316,0.0009015314,4.5741944,6.0,0
1733,2452,260641.08255802124,2849545.5584026244,216.29984,9.432521,327.57034,0.004255922,5.1961694,6.0,0
4059,4781,330511.08255802124,2779765.5584026244,9.772634,2.8802197,309.54565,0.0013646191,6.390715,5.0,0
4450,3892,303841.08255802124,2768035.5584026244,6.05313,1.4076613,346.14124,0.00041997456,7.1072936,4.0,0
2843,8920,454681.08255802124,2816245.5584026244,811.25854,4.91678,151.02153,0.0007433912,5.8543115,3.0,0
4406,6362,377941.08255802124,2769355.5584026244,13.981622,3.0911717,262.28278,-0.0007912527,6.3199034,4.0,0
3505,4983,336571.08255802124,2796385.5584026244,828.59894,25.534018,115.84443,-0.005067614,4.1399603,6.0,0
1726,7181,402511.08255802124,2849755.5584026244,979.25134,7.525617,81.28226,0.0005903117,5.425338,6.0,0
2791,8332,437041.08255802124,2817805.5584026244,1239.4945,12.741346,320.21832,0.0006203206,4.887895,6.0,0
4114,2354,257701.08255802124,2778115.5584026244,16.142828,2.7941341,320.85928,-0.00011967952,6.421109,3.0,0
2490,5611,355411.08255802124,2826835.5584026244,1743.974,4.259052,229.6493,0.00022583012,5.9985337,6.0,0
3875,5551,353611.08255802124,2785285.5584026244,21.999588,2.0573666,69.854164,0.0017911117,6.7275677,6.0,0
2707,7534,413101.08255802124,2820325.5584026244,1439.6603,3.222892,238.82251,-0.0007590738,6.27809,6.0,0
4341,1111,220411.08255802124,2771305.5584026244,16.0,0.22622342,218.52885,0.00018370866,8.935652,4.0,0
3688,2733,269071.08255802124,2790895.5584026244,122.190544,2.01501,0.10012082,0.0012376427,6.748388,3.0,0
2959,4633,326071.08255802124,2812765.5584026244,1387.4512,5.3445654,50.638744,-0.0012698026,5.7704377,6.0,0
4374,8097,429991.08255802124,2770315.5584026244,16.981766,4.7114167,163.5064,0.00036688487,5.897178,3.0,0
4411,4812,331441.08255802124,2769205.5584026244,10.590274,1.8621396,259.0468,-0.00032930772,6.827346,4.0,0
1558,4705,328231.08255802124,2854795.5584026244,437.09763,8.603451,191.17464,-0.0010299599,5.2897053,6.0,0
350,6103,370171.08255802124,2891035.5584026244,122.48392,5.697397,321.26764,0.0015025244,5.7061114,6.0,0
1779,7788,420721.08255802124,2848165.5584026244,800.0043,8.170176,108.34656,0.0029096818,5.3421235,6.0,0
2294,8038,428221.08255802124,2832715.5584026244,1165.9877,7.7920537,332.26028,-0.0027687582,5.390128,6.0,0
1171,390,198781.08255802124,2866405.5584026244,28.346294,2.7338939,308.972,0.00018441463,6.442938,4.0,0
1211,8657,446791.08255802124,2865205.5584026244,536.65466,6.998759,109.38835,0.0005892606,5.4987006,4.0,0
2984,5082,339541.08255802124,2812015.5584026244,1558.3633,11.963384,312.8327,-0.001084086,4.9528913,6.0,0
590,3429,289951.08255802124,2883835.5584026244,40.89857,2.7235954,301.3528,-0.00017220604,6.4467177,4.0,0
2263,5243,344371.08255802124,2833645.5584026244,1431.4224,16.231564,273.31332,-0.0012731595,4.6352024,6.0,0
3660,8550,443581.08255802124,2791735.5584026244,679.7954,12.624759,54.051674,0.0020563256,4.8973947,5.0,0
564,5411,349411.08255802124,2884615.5584026244,53.4974,1.180759,292.6029,-0.0005042808,7.2831254,4.0,0
4130,4344,317401.08255802124,2777635.5584026244,6.0,0.76193595,259.08267,2.290697e-05,7.721258,5.0,0
760,1393,228871.08255802124,2878735.5584026244,36.289104,3.871864,115.35063,-0.00025590044,6.0941644,4.0,0
3300,2203,253171.08255802124,2802535.5584026244,118.61672,8.063513,102.52832,0.00035133367,5.355442,6.0,0
228,4786,330661.08255802124,2894695.5584026244,46.607334,1.054175,304.81577,0.00024512078,7.396553,4.0,0
1102,6581,384511.08255802124,2868475.5584026244,524.4477,19.914495,266.77612,-0.00087422685,4.416532,6.0,0
2668,2130,250981.08255802124,2821495.5584026244,683.7946,9.596297,188.19873,-0.0044995793,5.1786346,6.0,0
4183,2225,253831.08255802124,2776045.5584026244,13.012287,1.4824933,77.39458,-0.00041255605,7.0554757,2.0,0
3411,2462,260941.08255802124,2799205.5584026244,60.19283,7.979916,50.14585,0.001959593,5.366001,6.0,0
3297,3759,299851.08255802124,2802625.5584026244,305.9787,9.773704,191.37534,-0.00018370722,5.1599627,6.0,0
1915,3296,285961.08255802124,2844085.5584026244,502.227,24.10623,181.98462,-0.0010653177,4.2053833,6.0,0
1268,489,201751.08255802124,2863495.5584026244,25.756828,1.0447497,217.08977,-6.340396e-05,7.405536,4.0,0
137,3144,281401.08255802124,2897425.5584026244,33.0,0.0,0.0,0.0,10.308952,4.0,0
1231,7684,417601.08255802124,2864605.5584026244,666.8413,10.387096,23.104816,-0.0051436024,5.0978203,6.0,0
139,8728,448921.08255802124,2897365.5584026244,60.69042,3.2882981,180.87027,0.0002047528,6.2579556,4.0,0
4084,8043,428371.08255802124,2779015.5584026244,475.1044,29.369606,260.67047,0.0021765905,3.9760776,3.0,0
415,8171,432211.08255802124,2889085.5584026244,57.79881,0.97204816,197.72328,-0.00031907292,7.4776783,4.0,0
3150,3498,292021.08255802124,2807035.5584026244,506.32748,13.087314,182.74922,0.0006141492,4.8601747,6.0,0
3278,6092,369841.08255802124,2803195.5584026244,1387.082,29.859697,28.761446,-0.0012359957,3.9561667,6.0,0
305,6973,396271.08255802124,2892385.5584026244,56.64337,0.9778795,26.770847,0.0004586686,7.471696,4.0,0
2473,5676,357361.08255802124,2827345.5584026244,1756.4515,5.306867,283.9098,-0.003661499,5.7775574,6.0,0
2306,3500,292081.08255802124,2832355.5584026244,752.3871,7.0489326,12.5296,-0.00013710867,5.491485,6.0,0
1286,4725,328831.08255802124,2862955.5584026244,163.33305,17.262947,171.12965,0.0012233906,4.569945,4.0,0
1653,8891,453811.08255802124,2851945.5584026244,702.1655,15.757558,94.20854,0.0003790792,4.666437,6.0,0
3884,907,214291.08255802124,2785015.5584026244,28.646807,2.2637224,31.851158,-0.0002711487,6.631893,2.0,0
3481,3252,284641.08255802124,2797105.5584026244,313.12033,26.798391,121.716995,-8.936552e-05,4.084194,6.0,0
475,3182,282541.08255802124,2887285.5584026244,41.004288,1.9458574,173.64653,-0.0008589734,6.783337,4.0,0
2638,6797,390991.08255802124,2822395.5584026244,1753.3181,15.482669,158.15326,-0.0037998452,4.6849394,6.0,0
3681,7889,423751.08255802124,2791105.5584026244,788.34155,2.470928,215.61235,-0.00661204,6.5442104,3.0,0
2358,1646,236461.08255802124,2830795.5584026244,903.18835,12.847626,125.32933,0.0011278449,4.879306,6.0,0
1259,8789,450751.08255802124,2863765.5584026244,554.0554,15.06253,87.15418,-0.0038898212,4.713798,4.0,0
2295,8727,448891.08255802124,2832685.5584026244,958.45526,9.05892,211.64368,-0.0050190906,5.237293,3.0,0
3314,7522,412741.08255802124,2802115.5584026244,1034.2595,31.062258,316.88458,0.0070309276,3.9081297,3.0,0
502,7930,424981.08255802124,2886475.5584026244,135.54988,17.507505,250.8606,0.0011957635,4.5549755,4.0,0
91,3770,300181.08255802124,2898805.5584026244,32.946022,7.508616,130.09038,0.0015930346,5.4276257,4.0,0
2239,4248,314521.08255802124,2834365.5584026244,1162.0557,11.014103,253.63174,-0.00037109392,5.0378227,6.0,0
525,5580,354481.08255802124,2885785.5584026244,152.07826,8.642309,189.71866,-0.0046894625,5.28513,4.0,0
549,5841,362311.08255802124,2885065.5584026244,154.315,14.284859,42.038116,-0.0017315759,4.7691984,6.0,0
1998,7037,398191.08255802124,2841595.5584026244,923.2544,10.425369,52.30474,-0.0020853,5.09406,6.0,0
1093,380,198481.08255802124,2868745.5584026244,32.097565,5.076849,347.51187,0.00039653567,5.8221116,4.0,0
2411,6670,387181.08255802124,2829205.5584026244,1482.5042,2.7159328,353.23715,0.0012321642,6.4495397,6.0,0
1188,763,209971.08255802124,2865895.5584026244,33.321217,2.4500005,162.5595,-1.9565676e-05,6.5527263,4.0,0
3518,1569,234151.08255802124,2795995.5584026244,74.515945,22.411957,166.00677,0.0023132178,4.286924,3.0,0
1732,8106,430261.08255802124,2849575.5584026244,811.9364,8.332923,342.91727,0.002571801,5.3221245,6.0,0
3935,1445,230431.08255802124,2783485.5584026244,22.19993,1.0557443,58.74208,-0.0001830811,7.3950653,3.0,0
1238,8859,452851.08255802124,2864395.5584026244,607.23663,13.40527,337.5097,0.0022049963,4.835293,4.0,0
3231,3287,285691.08255802124,2804605.5584026244,476.2424,13.495513,247.38211,0.0016181777,4.8283305,6.0,0
2489,5951,365611.08255802124,2826865.5584026244,1665.8984,9.205345,249.19664,0.0026309881,5.2209835,6.0,0
1077,3649,296551.08255802124,2869225.5584026244,61.0,0.3009894,137.46022,-0.0004786714,8.650095,4.0,0
660,4930,334981.08255802124,2881735.5584026244,55.403965,11.547129,315.15286,0.0024535824,4.989319,4.0,0
4045,6842,392341.08255802124,2780185.5584026244,12.661897,1.6624322,322.21933,0.0003357511,6.940862,1.0,0
936,6578,384421.08255802124,2873455.5584026244,384.79498,25.448212,311.2816,0.0012735998,4.1438155,6.0,0
169,5185,342631.08255802124,2896465.5584026244,41.49267,0.3637394,20.67389,0.00078661495,8.460729,4.0,0
1499,6636,386161.08255802124,2856565.5584026244,565.77954,10.05521,293.9577,0.00439682,5.130993,6.0,0
3683,7380,408481.08255802124,2791045.5584026244,792.016,12.494039,152.97151,-0.0001291912,4.908144,3.0,0
3251,2249,254551.08255802124,2804005.5584026244,146.60124,12.269528,160.56335,-0.0036421204,4.926854,6.0,0
1964,7259,404851.08255802124,2842615.5584026244,942.9589,9.558854,67.79712,0.0032210795,5.182618,6.0,0
1548,2609,265351.08255802124,2855095.5584026244,258.68384,13.061037,181.72937,0.0027235413,4.862256,6.0,0
3339,6006,367261.08255802124,2801365.5584026244,1605.9308,5.5363793,110.72076,0.0014672852,5.7349644,6.0,0
4280,3394,288901.08255802124,2773135.5584026244,5.081703,0.35935453,348.92407,0.00031542435,8.472857,3.0,0
3978,410,199381.08255802124,2782195.5584026244,21.800562,1.8959031,120.97184,-0.0003906965,6.8093643,4.0,0
3367,7887,423691.08255802124,2800525.5584026244,1148.8392,11.562042,354.63037,0.0008370971,4.987993,3.0,0
2761,1745,239431.08255802124,2818705.5584026244,1169.4662,1.545446,203.28427,1.722548e-05,7.0138693,6.0,0
2117,1392,228841.08255802124,2838025.5584026244,547.9136,6.912268,151.41689,0.003780382,5.5112586,6.0,0
586,3512,292441.08255802124,2883955.5584026244,42.289974,2.5112102,8.066366,0.00013820012,6.528019,4.0,0
3345,6341,377311.08255802124,2801185.5584026244,870.5618,42.318058,154.9684,-0.00027462398,3.4949517,6.0,0
1170,3874,303301.08255802124,2866435.5584026244,65.52816,2.079081,351.74066,9.708383e-06,6.717059,4.0,0
2210,6547,383491.08255802124,2835235.5584026244,1299.1144,22.908066,214.37408,-0.0006050614,4.262568,6.0,0
2986,7312,406441.08255802124,2811955.5584026244,1501.89,6.7916675,70.59528,0.00050777855,5.529029,6.0,0
2644,5870,363181.08255802124,2822215.5584026244,1675.8267,20.522379,291.48016,-0.004517076,4.3838153,6.0,0
4022,252,194641.08255802124,2780875.5584026244,17.041798,1.7518138,119.05366,0.0009192906,6.888461,4.0,0
4095,8748,449521.08255802124,2778685.5584026244,470.783,31.239819,48.837242,5.4338598e-05,3.9011297,5.0,0
135,6970,396181.08255802124,2897485.5584026244,190.3442,18.360258,257.0315,-0.0009713916,4.504163,4.0,0
3081,5838,362221.08255802124,2809105.5584026244,1660.0406,15.972816,247.69989,-0.0012389461,4.65215,6.0,0
2758,7410,409381.08255802124,2818795.5584026244,1113.0248,11.039707,234.16426,-0.0019577364,5.0354424,6.0,0
747,8994,456901.08255802124,2879125.5584026244,72.791275,1.7700425,0.4132833,0.0010529095,6.878103,4.0,0
2890,4837,332191.08255802124,2814835.5584026244,1448.9552,7.738546,144.82315,-0.0005854289,5.397104,6.0,0
1474,8226,433861.08255802124,2857315.5584026244,643.7452,13.786916,307.2117,0.0063364496,4.806139,6.0,0
2926,4528,322921.08255802124,2813755.5584026244,1328.7317,6.105446,14.392668,-0.00029276533,5.6364484,6.0,0
3391,8272,435241.08255802124,2799805.5584026244,1073.246,3.1915166,245.74811,0.0024583265,6.2878933,3.0,0
2482,2466,261061.08255802124,2827075.5584026244,387.40286,14.7753105,68.431145,-0.0037831538,4.733949,6.0,0
2115,5126,340861.08255802124,2838085.5584026244,1227.976,9.764501,335.33743,0.0009733072,5.1609235,6.0,0
2345,7085,399631.08255802124,2831185.5584026244,1297.0177,4.0549383,318.8801,-0.0008039349,6.047817,6.0,0
2877,3340,287281.08255802124,2815225.5584026244,474.84042,6.065761,156.68474,0.0016716428,5.6430187,6.0,0
2260,3010,277381.08255802124,2833735.5584026244,465.45654,10.674973,207.07585,-0.0010748801,5.0698566,6.0,0
3567,830,211981.08255802124,2794525.5584026244,86.43002,8.555778,61.53639,-0.0006711514,5.295346,2.0,0
2557,2295,255931.08255802124,2824825.5584026244,276.89615,3.8702445,81.0094,-0.0013368479,6.094584,6.0,0
3068,333,197071.08255802124,2809495.5584026244,87.42671,19.28712,152.9406,0.0010301463,4.4511833,2.0,0
878,7538,413221.08255802124,2875195.5584026244,454.22107,12.309221,243.60378,0.003690016,4.923523,6.0,0
2098,3952,305641.08255802124,2838595.5584026244,951.39136,10.850041,68.29985,0.0014378866,5.0532007,6.0,0
758,5154,341701.08255802124,2878795.5584026244,52.203426,1.2854708,322.76114,-0.00050593057,7.1981316,4.0,0
3153,5388,348721.08255802124,2806945.5584026244,1567.2715,6.5889254,74.15105,0.0026947022,5.5596123,6.0,0
1737,1978,246421.08255802124,2849425.5584026244,243.47734,9.477934,101.55092,-0.001031867,5.191278,6.0,0
2920,661,206911.08255802124,2813935.5584026244,146.10094,5.3311977,43.855328,-0.0023204293,5.772957,6.0,0
941,3134,281101.08255802124,2873305.5584026244,54.933887,1.013668,167.56227,-0.0010189046,7.435745,4.0,0
2549,2756,269761.08255802124,2825065.5584026244,479.7863,26.569643,315.71408,-0.0034711624,4.0941443,6.0,0
3081,6280,375481.08255802124,2809105.5584026244,1808.4174,9.302494,294.00372,-0.0037919108,5.2103004,6.0,0
656,6303,376171.08255802124,2881855.5584026244,294.55573,29.841393,135.49054,0.003677487,3.9569068,6.0,0
806,7585,414631.08255802124,2877355.5584026244,401.36945,15.497142,65.89484,-0.0005348458,4.683958,6.0,0
4474,8777,450391.08255802124,2767315.5584026244,82.45594,19.142073,59.54179,-0.001126196,4.459329,2.0,0
4018,8422,439741.08255802124,2780995.5584026244,210.43556,10.428158,114.62666,0.00034711623,5.0937867,5.0,0
1966,8177,432391.08255802124,2842555.5584026244,895.3294,7.2511997,330.0427,0.0012514581,5.4628987,6.0,0
2077,848,212521.08255802124,2839225.5584026244,280.372,7.5693917,304.78943,0.0011670515,5.4194703,6.0,0
4300,5135,341131.08255802124,2772535.5584026244,9.0,0.050183624,115.35574,-4.8977534e-05,10.308952,5.0,0
4384,8072,429241.08255802124,2770015.5584026244,13.689321,1.3700614,54.606155,0.0008026041,7.1343784,3.0,0
1359,5609,355351.08255802124,2860765.5584026244,530.992,22.013702,285.6004,-0.007292778,4.3067846,6.0,0
2140,6280,375481.08255802124,2837335.5584026244,963.76825,12.967142,140.86978,0.0032019555,4.869725,6.0,0
114,2617,265591.08255802124,2898115.5584026244,34.76402,1.3102504,199.81523,-0.0003219509,7.179032,4.0,0
2027,3170,282181.08255802124,2840725.5584026244,390.40427,11.849292,358.0369,-0.0010954626,4.9627557,6.0,0
423,1574,234301.08255802124,2888845.5584026244,34.13625,1.5065244,177.17142,-0.00021904841,7.0393887,4.0,0
2607,287,195691.08255802124,2823325.5584026244,75.15315,11.990702,59.508163,0.002763282,4.950543,6.0,0
3638,5580,354481.08255802124,2792395.5584026244,878.7678,5.062704,61.562336,0.0011986967,5.8249164,6.0,0
3962,5172,342241.08255802124,2782675.5584026244,12.933931,0.672078,316.04016,0.00036579237,7.8467593,1.0,0
425,6203,373171.08255802124,2888785.5584026244,50.828426,1.20356,176.27386,-0.0002786679,7.2639933,6.0,0
2226,7116,400561.08255802124,2834755.5584026244,1073.8055,5.8114214,215.03587,-0.0011783512,5.6861615,6.0,0
3380,9032,458041.08255802124,2800135.5584026244,1179.3108,11.791121,114.00139,0.00079759373,4.967819,5.0,0
4344,3274,285301.08255802124,2771215.5584026244,12.568361,2.6202781,63.868816,-5.1643045e-05,6.4854465,3.0,0
4231,4126,310861.08255802124,2774605.5584026244,3.1445723,2.5520124,3.4746394,0.0006635622,6.5118804,4.0,0
1638,2754,269701.08255802124,2852395.5584026244,404.32733,13.303925,99.190704,-0.0016026306,4.843164,6.0,0
2419,7093,399871.08255802124,2828965.5584026244,1241.4639,4.7036643,81.277824,-0.0011537339,5.8988323,6.0,0
1736,4422,319741.08255802124,2849455.5584026244,944.0854,7.2134776,153.65488,-0.0014953276,5.46817,6.0,0
3263,8497,441991.08255802124,2803645.5584026244,1040.0215,10.274,227.82712,-0.0002147081,5.109009,3.0,0
3249,1896,243961.08255802124,2804065.5584026244,46.401726,2.8837543,341.71628,-8.233283e-05,6.3894863,6.0,0
313,3815,301531.08255802124,2892145.5584026244,43.14587,1.4113697,198.41396,-0.00031515438,7.1046615,4.0,0
714,4768,330121.08255802124,2880115.5584026244,46.69176,0.5236973,124.32591,4.8969057e-05,8.096238,4.0,0
4370,9082,459541.08255802124,2770435.5584026244,310.4722,14.208899,237.02686,0.017546583,4.7747564,3.0,0
4287,553,203671.08255802124,2772925.5584026244,19.60219,2.540797,163.83694,9.2639915e-05,6.5162907,4.0,0
3324,9081,459511.08255802124,2801815.5584026244,1113.839,19.328888,294.41827,0.00076527917,4.4488473,5.0,0
4398,5195,342931.08255802124,2769595.5584026244,14.829894,2.6982257,17.76783,-0.0007590206,6.4560905,4.0,0
4287,4043,308371.08255802124,2772925.5584026244,5.042302,0.42225206,153.42767,0.000691182,8.311559,4.0,0
4373,1801,241111.08255802124,2770345.5584026244,10.816379,0.32224333,118.856186,0.0003137729,8.581862,4.0,0
3447,1724,238801.08255802124,2798125.5584026244,112.564514,9.515431,58.69378,-0.0025769742,5.1872563,3.0,0
3870,4322,316741.08255802124,2785435.5584026244,6.7656913,0.9410785,291.08453,0.0002964621,7.510063,6.0,0
3565,706,208261.08255802124,2794585.5584026244,55.433125,7.1976438,137.93861,0.0005642721,5.470391,2.0,0
1473,1131,221011.08255802124,2857345.5584026244,146.03156,5.542674,84.163216,-0.0017093488,5.733821,6.0,0
631,6197,372991.08255802124,2882605.5584026244,243.52945,13.173142,263.95325,0.0037050885,4.8534036,6.0,0
2779,3178,282421.08255802124,2818165.5584026244,304.93826,13.425434,163.35808,0.003128781,4.8337336,3.0,0
2202,5608,355321.08255802124,2835475.5584026244,1468.6522,9.141899,316.4876,0.0029364694,5.228019,6.0,0
4238,1183,222571.08255802124,2774395.5584026244,18.496252,1.9747815,198.97675,-0.00072842976,6.7685704,4.0,0
4378,7840,422281.08255802124,2770195.5584026244,21.287262,3.696047,199.52362,-0.0010774671,6.140772,3.0,0
3514,6806,391261.08255802124,2796115.5584026244,1083.7396,17.576536,207.34972,-0.0044051786,4.550783,6.0,0
2801,8346,437461.08255802124,2817505.5584026244,1234.8473,9.182974,181.66971,0.0018220687,5.2234592,6.0,0
1648,6277,375391.08255802124,2852095.5584026244,752.08594,22.469671,214.19843,-0.004403991,4.284069,6.0,0
3509,5533,353071.08255802124,2796265.5584026244,735.71204,36.98801,274.33093,0.008209515,3.6845872,1.0,0
894,8068,429121.08255802124,2874715.5584026244,699.73157,9.5173645,117.167,0.00243966,5.1870494,6.0,0
4193,393,198871.08255802124,2775745.5584026244,18.282354,2.6218758,157.09578,0.001018006,6.484836,4.0,0
2182,5487,351691.08255802124,2836075.5584026244,1206.187,10.83299,32.02911,0.0058418103,5.054812,6.0,0
1442,982,216541.08255802124,2858275.5584026244,101.715744,11.669304,221.91664,-0.0040723504,4.9785004,6.0,0
1914,633,206071.08255802124,2844115.5584026244,38.516876,1.4265811,215.98218,0.0008964306,7.093937,6.0,0
392,3653,296671.08255802124,2889775.5584026244,42.12193,1.2407546,275.09015,0.000434938,7.233548,4.0,0
1382,4305,316231.08255802124,2860075.5584026244,119.15898,17.172888,233.42639,0.0021922574,4.575504,6.0,0
1436,2465,261031.08255802124,2858455.5584026244,170.72852,20.843094,80.107574,0.0033940675,4.3668747,4.0,0
3474,8242,434341.08255802124,2797315.5584026244,856.8451,30.466618,341.32227,0.0003735179,3.9317827,3.0,0
2146,1999,247051.08255802124,2837155.5584026244,425.11154,11.139667,199.31433,-0.0010747358,5.0262,6.0,0
4338,4677,327391.08255802124,2771395.5584026244,8.083105,2.49929,336.65112,0.00089769915,6.532783,4.0,0
2682,8061,428911.08255802124,2821075.5584026244,1325.6437,18.67951,108.60313,0.0012510513,4.485662,6.0,0
2430,754,209701.08255802124,2828635.5584026244,100.06128,20.813435,60.600166,-0.005048025,4.3684325,3.0,0
1263,2290,255781.08255802124,2863645.5584026244,246.01323,16.475634,326.40552,0.0026210658,4.619435,4.0,0
3200,470,201181.08255802124,2805535.5584026244,101.33909,0.98111063,148.63582,-0.0034345626,7.4683967,2.0,0
1024,9066,459061.08255802124,2870815.5584026244,152.87042,6.070622,173.3808,0.0049992073,5.6422114,4.0,0
1267,8170,432181.08255802124,2863525.5584026244,570.93945,13.309299,294.5643,-0.002038303,4.842745,4.0,0
4151,6309,376351.08255802124,2777005.5584026244,10.40887,1.6990217,215.51776,0.0007690318,6.9190784,1.0,0
212,5764,360001.08255802124,2895175.5584026244,42.938465,2.2293937,312.75012,0.0005876255,6.64719,6.0,0
3894,6120,370681.08255802124,2784715.5584026244,127.26992,9.797778,267.25208,-0.0025512145,5.157454,6.0,0
1750,5102,340141.08255802124,2849035.5584026244,638.73083,30.834314,333.3492,0.0028677364,3.91715,6.0,0
3502,8678,447421.08255802124,2796475.5584026244,821.61835,18.099194,47.818287,0.0013949245,4.519498,3.0,0
4520,6055,368731.08255802124,2765935.5584026244,9.030849,1.7883335,114.68544,0.00034318262,6.8678155,4.0,0
1630,4198,313021.08255802124,2852635.5584026244,484.28085,22.566982,230.72581,-0.0067208186,4.2792683,6.0,0
1298,4344,317401.08255802124,2862595.5584026244,280.70596,23.385778,38.94483,-0.0027239313,4.2395,6.0,0
2650,2407,259291.08255802124,2822035.5584026244,252.9643,11.309256,257.05826,0.003695628,5.010697,6.0,0
660,7560,413881.08255802124,2881735.5584026244,186.68219,15.628138,171.63553,-0.007970564,4.675112,6.0,0
227,2391,258811.08255802124,2894725.5584026244,45.611137,2.1503947,41.429485,0.00014406524,6.6833034,4.0,0
2254,7940,425281.08255802124,2833915.5584026244,1143.8044,2.563978,17.237944,0.0012875027,6.5071964,6.0,0
4288,1256,224761.08255802124,2772895.5584026244,18.695877,2.2778285,142.09227,-0.00066659343,6.6256747,4.0,0
519,6136,371161.08255802124,2885965.5584026244,311.44,12.349289,236.0715,-0.0015030586,4.920171,6.0,0
2920,8361,437911.08255802124,2813935.5584026244,1230.165,4.8139358,176.88309,0.00048583988,5.8755527,3.0,0
1595,2967,276091.08255802124,2853685.5584026244,218.46281,23.817352,211.95102,-0.0016551167,4.2189684,6.0,0
1632,6283,375571.08255802124,2852575.5584026244,758.2163,17.860102,44.84031,-0.0060556196,4.533711,6.0,0
719,3496,291961.08255802124,2879965.5584026244,122.74214,16.819393,142.7155,-0.004570647,4.597575,4.0,0
2604,6216,373561.08255802124,2823415.5584026244,1649.5593,1.1590484,88.94988,-0.00023118759,7.3016887,6.0,0
1376,8994,456901.08255802124,2860255.5584026244,455.09073,4.028166,97.61011,0.00034627283,6.054464,4.0,0
2396,1605,235231.08255802124,2829655.5584026244,592.6649,17.63959,106.62495,0.004242757,4.546966,6.0,0
1938,4533,323071.08255802124,2843395.5584026244,1041.1067,22.000143,109.21883,0.001826511,4.3074656,6.0,0
2436,327,196891.08255802124,2828455.5584026244,66.33807,13.352988,118.99934,-0.0014182471,4.8393464,3.0,0
4185,5842,362341.08255802124,2775985.5584026244,18.269037,2.275775,218.27254,-0.0005370712,6.6265774,1.0,0
1863,337,197191.08255802124,2845645.5584026244,30.029774,3.2210543,38.280125,0.00026681792,6.2786613,6.0,0
3547,207,193291.08255802124,2795125.5584026244,24.524187,0.7132519,84.99256,-0.0005488894,7.7872934,2.0,0
2905,2066,249061.08255802124,2814385.5584026244,664.93616,32.910183,22.121143,0.00020172156,3.8363266,6.0,0
3842,5483,351571.08255802124,2786275.5584026244,140.90553,29.709631,111.47487,-0.0036467442,3.962242,1.0,0
4226,5168,342121.08255802124,2774755.5584026244,10.002589,0.45128748,16.949297,0.00045338998,8.245054,5.0,0
865,2790,270781.08255802124,2875585.5584026244,53.116825,4.001051,80.38934,0.0008533425,6.0612397,4.0,0
1786,8565,444031.08255802124,2847955.5584026244,819.4965,7.0004582,152.86673,0.00029446074,5.498455,6.0,0
2980,5021,337711.08255802124,2812135.5584026244,1499.3848,19.750824,21.96964,0.0006175064,4.4254827,6.0,0
1051,7560,413881.08255802124,2870005.5584026244,708.07605,20.000664,303.89926,-0.0040014307,4.4118443,6.0,0
1115,8699,448051.08255802124,2868085.5584026244,437.4493,2.2815518,178.44438,0.0026859539,6.6240396,4.0,0
2354,3216,283561.08255802124,2830915.5584026244,618.26117,8.977182,40.56854,-0.0010793728,5.246508,6.0,0
1932,7965,426031.08255802124,2843575.5584026244,798.8509,13.847583,242.08963,-0.0033919439,4.8015733,6.0,0
2506,4669,327151.08255802124,2826355.5584026244,1430.7628,10.494994,310.14246,-0.0006415134,5.0872536,6.0,0
4005,1814,241501.08255802124,2781385.5584026244,14.070504,1.1476954,311.81,9.752376e-05,7.311535,2.0,0
142,6340,377281.08255802124,2897275.5584026244,97.76645,8.765657,121.30761,0.0008124629,5.270738,4.0,0
2444,3093,279871.08255802124,2828215.5584026244,349.82336,13.130692,4.3203764,0.0029595778,4.856747,6.0,0
4293,1740,239281.08255802124,2772745.5584026244,11.0,1.6224605,280.51102,0.00060678064,6.9652133,4.0,0
2897,2014,247501.08255802124,2814625.5584026244,454.02054,11.40378,312.29727,-0.0037545438,5.002151,6.0,0
198,8203,433171.08255802124,2895595.5584026244,58.115475,1.4844036,35.59259,-0.00012043848,7.0541873,4.0,0
2270,1524,232801.08255802124,2833435.5584026244,746.49744,8.694936,280.7459,0.0015606688,5.2789655,6.0,0
1962,6878,393421.08255802124,2842675.5584026244,1022.29407,2.5266383,348.87683,-0.0021986049,6.5218863,6.0,0
2998,4650,326581.08255802124,2811595.5584026244,1399.1956,2.892654,327.3678,-0.00089887826,6.3863997,6.0,0
1405,6846,392461.08255802124,2859385.5584026244,758.39136,26.581219,192.7289,-0.0016715325,4.0936394,6.0,0
1015,4861,332911.08255802124,2871085.5584026244,217.87238,5.5397954,358.6092,0.0070675616,5.734344,4.0,0
3389,8380,438481.08255802124,2799865.5584026244,1028.5212,3.9949539,23.605915,-0.0024816217,6.06277,3.0,0
2861,177,192391.08255802124,2815705.5584026244,108.938805,3.2631454,38.580658,-0.004879521,6.2656507,2.0,0
2845,2628,265921.08255802124,2816185.5584026244,389.16357,11.925735,189.7049,-0.0016318089,4.9561367,6.0,0
3471,5006,337261.08255802124,2797405.5584026244,452.49866,28.622791,226.3379,0.001331084,4.006821,6.0,0
4444,7719,418651.08255802124,2768215.5584026244,13.516962,2.039764,32.57951,-0.00014158539,6.736168,3.0,0
803,4189,312751.08255802124,2877445.5584026244,43.8715,3.3609421,126.47615,0.0011242867,6.236055,4.0,0
3400,6863,392971.08255802124,2799535.5584026244,887.1542,35.30349,223.03934,0.0052408683,3.7463236,6.0,0
3255,2025,247831.08255802124,2803885.5584026244,191.42644,6.3647175,96.710976,0.0013177575,5.5945296,6.0,0
357,125,190831.08255802124,2890825.5584026244,27.766518,1.1284252,120.24622,0.00052045134,7.328472,4.0,0
1079,8843,452371.08255802124,2869165.5584026244,303.8887,25.952526,335.9751,7.857432e-05,4.1212897,4.0,0
732,2140,251281.08255802124,2879575.5584026244,452.38937,28.98282,104.22919,-0.0019480891,3.9919374,4.0,0
1450,2017,247591.08255802124,2858035.5584026244,238.32706,23.278008,29.045681,0.0022815322,4.244672,4.0,0
3310,7682,417541.08255802124,2802235.5584026244,998.79285,27.90523,67.008865,-0.0037842812,4.0368505,3.0,0
124,3615,295531.08255802124,2897815.5584026244,41.364746,0.8584592,279.61414,-0.00023672104,7.601966,4.0,0
2433,8667,447091.08255802124,2828545.5584026244,946.6432,2.5573075,1.6458012,-0.0015024652,6.509805,3.0,0
4504,6029,367951.08255802124,2766415.5584026244,11.57122,1.1751752,240.00287,-0.00035898417,7.287867,4.0,0
2058,8215,433531.08255802124,2839795.5584026244,953.4012,4.4857516,234.31923,0.0010770841,5.946472,6.0,0
4076,192,192841.08255802124,2779255.5584026244,21.01921,1.6447331,232.55965,-1.40990205e-05,6.9515715,4.0,0
1359,1621,235711.08255802124,2860765.5584026244,191.21597,8.362182,268.64502,0.006393344,5.318569,6.0,0
126,7182,402541.08255802124,2897755.5584026244,54.955193,3.1915824,103.749504,-0.000905766,6.2878723,4.0,0
2890,1378,228421.08255802124,2814835.5584026244,338.74344,8.498124,226.88396,-0.00781161,5.302208,6.0,0
2779,1615,235531.08255802124,2818165.5584026244,1370.1631,3.9116964,348.57022,-0.0014163547,6.0838976,6.0,0
346,1986,246661.08255802124,2891155.5584026244,36.85467,0.6357139,64.58537,-0.001008732,7.90239,4.0,0
2043,417,199591.08255802124,2840245.5584026244,122.49309,5.0788846,156.20901,0.00011109671,5.8217087,3.0,0
1004,5726,358861.08255802124,2871415.5584026244,597.0113,20.181728,298.12088,0.000542908,4.402049,6.0,0
3754,6723,388771.08255802124,2788915.5584026244,604.2773,1.5541896,89.768,-0.0037056142,7.008225,3.0,0
3512,910,214381.08255802124,2796175.5584026244,79.383865,11.925082,77.17024,-0.00086387,4.956193,2.0,0
149,2043,248371.08255802124,2897065.5584026244,23.564672,2.4068627,211.2966,0.0018502992,6.570512,4.0,0
4099,1689,237751.08255802124,2778565.5584026244,11.17275,2.8495505,125.544334,0.0007066054,6.401438,2.0,0
3527,4437,320191.08255802124,2795725.5584026244,485.46823,8.583333,61.43298,-0.0009536151,5.292082,6.0,0
2203,128,190921.08255802124,2835445.5584026244,23.1374,1.7851828,98.90149,0.0010567532,6.86958,6.0,0
2900,4762,329941.08255802124,2814535.5584026244,1493.9331,1.9161493,81.66146,-0.0011808946,6.798734,6.0,0
420,7493,411871.08255802124,2888935.5584026244,57.0,0.81167185,57.516823,0.00036926375,7.6580167,4.0,0
2225,6658,386821.08255802124,2834785.5584026244,1037.6906,29.811544,151.63084,0.004139422,3.9581141,6.0,0
4103,6893,393871.08255802124,2778445.5584026244,14.198669,3.4140065,311.2109,0.00034549765,6.220353,1.0,0
2818,2402,259141.08255802124,2816995.5584026244,500.84875,14.117459,318.26605,-0.0042328723,4.7814837,6.0,0
4494,7455,410731.08255802124,2766715.5584026244,12.2281065,2.0113444,193.99463,0.00035157154,6.7502103,4.0,0
304,3369,288151.08255802124,2892415.5584026244,41.822685,2.3579805,320.20178,-0.00041155494,6.591054,4.0,0
172,526,202861.08255802124,2896375.5584026244,45.36997,6.806711,104.27401,2.215169e-05,5.5267954,4.0,0
744,7798,421021.08255802124,2879215.5584026244,311.9467,11.738051,53.651733,-0.0011045837,4.97246,6.0,0
444,7097,399991.08255802124,2888215.5584026244,137.717,6.741165,58.35383,-0.0042608217,5.5365624,4.0,0
4394,508,202321.08255802124,2769715.5584026244,17.883633,2.7553742,171.35013,-0.00033794722,6.4350996,4.0,0
3652,6142,371341.08255802124,2791975.5584026244,1165.9354,1.9348465,121.28508,0.000487264,6.7890162,6.0,0
3910,6073,369271.08255802124,2784235.5584026244,45.04979,10.156308,116.15505,-0.0017696698,5.120778,6.0,0
4017,3834,302101.08255802124,2781025.5584026244,0.0,1.2988348,12.010707,0.0005485408,7.1877856,3.0,0
2025,8029,427951.08255802124,2840785.5584026244,849.5814,19.305151,185.28464,0.0012149557,4.4501743,6.0,0
1161,2731,269011.08255802124,2866705.5584026244,266.30276,18.253769,241.76859,-0.0019930904,4.510395,4.0,0
2359,8970,456181.08255802124,2830765.5584026244,831.3212,4.437142,87.33712,0.002554389,5.957412,3.0,0
3480,2548,263521.08255802124,2797135.5584026244,110.42237,5.9787464,97.23351,-0.004137599,5.6575747,6.0,0
4056,9054,458701.08255802124,2779855.5584026244,484.35696,38.77435,350.51602,-0.0029001362,3.6202445,5.0,0
1592,227,193891.08255802124,2853775.5584026244,26.451468,5.485683,114.027145,-0.00027124461,5.7442207,4.0,0
543,2553,263671.08255802124,2885245.5584026244,39.824226,2.2919774,303.84476,0.00056182756,6.619476,4.0,0
3533,7601,415111.08255802124,2795545.5584026244,966.55994,6.8646464,115.218414,0.0003161282,5.518239,3.0,0
3580,1001,217111.08255802124,2794135.5584026244,66.236755,3.7091405,269.8238,-0.0005321778,6.137226,2.0,0
1455,1574,234301.08255802124,2857885.5584026244,185.27129,24.425922,130.48228,-0.00052069745,4.1904902,6.0,0
4396,4890,333781.08255802124,2769655.5584026244,10.613114,1.765936,101.273964,-9.9837795e-05,6.880427,4.0,0
3672,601,205111.08255802124,2791375.5584026244,27.441696,2.1659462,178.37027,0.00070070795,6.6760907,2.0,0
2343,2490,261781.08255802124,2831245.5584026244,473.88034,6.109445,74.82733,0.0019653828,5.6357884,6.0,0
4263,8335,437131.08255802124,2773645.5584026244,103.37098,16.92072,144.99664,0.004759577,4.591207,5.0,0
2016,2895,273931.08255802124,2841055.5584026244,359.20294,3.5982723,262.18085,-0.00021826851,6.1676545,6.0,0
2285,529,202951.08255802124,2832985.5584026244,35.933655,2.1168008,212.4807,0.00033709736,6.6990633,3.0,0
2191,4429,319951.08255802124,2835805.5584026244,1252.0787,25.952997,267.1332,-0.0020101257,4.1212687,6.0,0
3373,7793,420871.08255802124,2800345.5584026244,1137.4242,9.907335,129.02498,0.00087795686,5.1461124,3.0,0
711,7910,424381.08255802124,2880205.5584026244,325.2193,14.107747,14.686139,-0.0030748835,4.7822003,6.0,0
788,3525,292831.08255802124,2877895.5584026244,56.213352,2.679249,182.37422,0.0005078411,6.4631586,4.0,0
4514,5775,360331.08255802124,2766115.5584026244,6.0,0.45659328,105.463615,0.00057404453,8.233365,4.0,0
685,6540,383281.08255802124,2880985.5584026244,359.77036,7.5102296,334.70285,-0.002191764,5.427408,4.0,0
3111,7905,424231.08255802124,2808205.5584026244,1203.6895,13.902385,107.34079,0.0010228474,4.797465,6.0,0
3343,5506,352261.08255802124,2801245.5584026244,1291.1372,36.307766,102.894455,-0.001342095,3.7093792,1.0,0
4437,4968,336121.08255802124,2768425.5584026244,11.945928,2.310515,181.24646,-0.0006094718,6.6114116,4.0,0
4291,4979,336451.08255802124,2772805.5584026244,9.908329,1.892453,16.962505,0.00028067673,6.811187,5.0,0
2721,2914,274501.08255802124,2819905.5584026244,212.18942,14.971154,323.16168,-0.004362386,4.720171,3.0,0
1573,8201,433111.08255802124,2854345.5584026244,651.2319,23.262836,123.75297,-0.004776883,4.245402,6.0,0
1905,6594,384901.08255802124,2844385.5584026244,803.11346,1.275769,72.11584,0.0009260729,7.20571,6.0,0
116,5838,362221.08255802124,2898055.5584026244,48.828865,1.890515,93.6235,-0.00028072676,6.812212,4.0,0
2750,8518,442621.08255802124,2819035.5584026244,1138.8264,8.643547,65.055626,0.0013432144,5.2849846,6.0,0
3800,2386,258661.08255802124,2787535.5584026244,73.524536,11.129563,75.45415,-0.0025101756,5.02713,3.0,0
4102,4907,334291.08255802124,2778475.5584026244,14.39563,1.8046287,315.97623,-0.00043518038,6.858739,5.0,0
1575,1034,218101.08255802124,2854285.5584026244,116.72497,8.591765,193.91595,0.0003566552,5.2910852,6.0,0
3543,6467,381091.08255802124,2795245.5584026244,388.57785,53.39536,155.2673,-0.0037718352,3.103857,6.0,0
2630,1116,220561.08255802124,2822635.5584026244,289.26633,12.683517,45.972473,-0.0007872857,4.892597,6.0,0
2974,7399,409051.08255802124,2812315.5584026244,1215.0953,39.83216,239.48816,0.0019886608,3.5825753,6.0,0
356,687,207691.08255802124,2890855.5584026244,31.919188,2.1389768,74.07883,0.0002050167,6.688632,4.0,0
1631,3732,299041.08255802124,2852605.5584026244,638.98914,16.14317,139.85089,0.0005218335,4.6409645,6.0,0
824,7116,400561.08255802124,2876815.5584026244,392.17422,21.976812,258.5868,-0.0058417683,4.3086386,6.0,0
1723,7710,418381.08255802124,2849845.5584026244,1079.117,9.112973,240.51053,0.00036933034,5.2312427,6.0,0
1675,5352,347641.08255802124,2851285.5584026244,512.64105,10.397976,344.81464,-0.003601218,5.09675,6.0,0
4485,8704,448201.08255802124,2766985.5584026244,31.865494,3.1370473,70.040276,0.0021277561,6.3051424,2.0,0
1797,1904,244201.08255802124,2847625.5584026244,244.574,3.000656,179.30482,0.0028404617,6.3496785,6.0,0
3613,3291,285811.08255802124,2793145.5584026244,331.82776,12.457962,151.40009,-0.0032082365,4.9111295,3.0,0
3161,3525,292831.08255802124,2806705.5584026244,461.60352,2.4172747,96.25911,0.00047309877,6.5661902,6.0,0
4245,9084,459601.08255802124,2774185.5584026244,332.98526,12.93947,156.17569,0.03246594,4.871936,5.0,0
1101,3479,291451.08255802124,2868505.5584026244,99.68813,10.380249,70.8584,0.00021916279,5.098494,4.0,0
682,5712,358441.08255802124,2881075.5584026244,57.838036,1.2202863,9.626172,0.00022665341,7.250188,4.0,0
1291,6494,381901.08255802124,2862805.5584026244,490.39935,8.170183,250.3136,-0.00089949695,5.3421226,6.0,0
914,2001,247111.08255802124,2874115.5584026244,63.690327,2.1654062,186.59206,0.0026382362,6.67634,4.0,0
2786,385,198631.08255802124,2817955.5584026244,74.76619,14.297034,209.07263,0.0013387953,4.76831,6.0,0
3380,2001,247111.08255802124,2800135.5584026244,70.055695,4.53222,240.47903,0.0019685472,5.936124,6.0,0
2705,5206,343261.08255802124,2820385.5584026244,1582.2739,7.151509,274.03802,-0.000401747,5.476889,6.0,0
898,7440,410281.08255802124,2874595.5584026244,589.54504,4.485864,272.37766,0.0035169981,5.946447,6.0,0
3633,1620,235681.08255802124,2792545.5584026244,111.56824,10.064498,53.705273,-0.0010593985,5.13005,3.0,0
2735,3157,281791.08255802124,2819485.5584026244,432.9066,8.082497,121.96294,-0.0029901122,5.3530593,3.0,0
1771,3374,288301.08255802124,2848405.5584026244,622.21985,6.223134,69.72387,2.5211019e-05,5.6172075,6.0,0
1917,8808,451321.08255802124,2844025.5584026244,823.59863,9.042333,332.9834,0.0026409405,5.2391562,6.0,0
1306,2140,251281.08255802124,2862355.5584026244,114.99597,15.94853,30.993969,-0.0030766658,4.6537533,4.0,0
2527,6391,378811.08255802124,2825725.5584026244,1265.5463,36.503838,296.5384,-0.00032026478,3.7022152,6.0,0
3581,6329,376951.08255802124,2794105.5584026244,326.0711,26.187561,255.72562,0.0025459714,4.110898,6.0,0
214,2390,258781.08255802124,2895115.5584026244,50.26855,4.012565,113.38467,-0.00047996943,6.058357,4.0,0
2125,1943,245371.08255802124,2837785.5584026244,434.0906,4.417525,162.9358,0.0030912526,5.9618607,6.0,0
522,508,202321.08255802124,2885875.5584026244,29.0,0.6831661,59.582516,0.0004857874,7.8303943,4.0,0
1411,1281,225511.08255802124,2859205.5584026244,105.36553,6.241826,283.4931,0.0029827375,5.6141844,6.0,0
2288,154,191701.08255802124,2832895.5584026244,59.50576,4.5764956,359.68372,-0.0021066042,5.926361,6.0,0
3807,4597,324991.08255802124,2787325.5584026244,17.967587,3.2923152,212.44742,-0.0005542374,6.256732,6.0,0
2973,3609,295351.08255802124,2812345.5584026244,327.4871,12.959877,95.70543,0.0015361533,4.870305,6.0,0
3504,338,197221.08255802124,2796415.5584026244,29.344107,1.5213906,319.02066,-0.0005119689,7.0295644,2.0,0
2979,8204,433201.08255802124,2812165.5584026244,1289.5408,5.3326306,335.30164,0.00028045662,5.7726865,3.0,0
1087,901,214111.08255802124,2868925.5584026244,71.20157,9.25178,244.81259,0.0018631003,5.2158637,4.0,0
4495,7189,402751.08255802124,2766685.5584026244,12.307873,0.9930733,252.67798,0.00038373866,7.456275,4.0,0
3010,2256,254761.08255802124,2811235.5584026244,551.3044,15.339281,85.18817,-0.0013741725,4.694708,6.0,0
3425,8930,454981.08255802124,2798785.5584026244,1005.8595,13.576782,353.36444,-0.002593672,4.8220973,5.0,0
1213,3386,288661.08255802124,2865145.5584026244,382.42725,2.7765288,78.82052,-0.0013035836,6.4274397,4.0,0
1056,2172,252241.08255802124,2869855.5584026244,62.61357,1.0554906,161.50339,0.00061035587,7.3953056,4.0,0
2216,4072,309241.08255802124,2835055.5584026244,1008.68866,13.088808,315.03598,0.0009911092,4.8600564,6.0,0
1892,6774,390301.08255802124,2844775.5584026244,917.31055,15.076427,280.9054,0.0015887958,4.712832,6.0,0
1003,3594,294901.08255802124,2871445.5584026244,55.464355,1.3038592,205.65987,0.00037698954,7.1839232,4.0,0
2876,6425,379831.08255802124,2815255.5584026244,1855.5999,1.8143125,273.77563,-4.211429e-05,6.8533835,6.0,0
3450,2259,254851.08255802124,2798035.5584026244,60.238873,20.243568,18.955757,0.004887154,4.39872,6.0,0
3134,612,205441.08255802124,2807515.5584026244,80.414696,5.352097,311.08984,0.0035156505,5.7690215,3.0,0
597,7714,418501.08255802124,2883625.5584026244,74.86395,1.8339729,50.599415,0.0013530753,6.842598,4.0,0
2530,6081,369511.08255802124,2825635.5584026244,1773.8146,4.6161957,88.80669,0.0013632879,5.9176865,6.0,0
1578,5221,343711.08255802124,2854195.5584026244,132.3263,0.76898175,18.822706,0.0061829505,7.7120523,6.0,0
412,2058,248821.08255802124,2889175.5584026244,49.905396,8.1417,173.48616,0.0008447573,5.3456626,4.0,0
646,7762,419941.08255802124,2882155.5584026244,355.99936,17.307161,123.29444,-0.004121882,4.5672245,6.0,0
4113,1482,231541.08255802124,2778145.5584026244,15.598549,1.4236954,87.90405,0.00023137967,7.0959625,2.0,0
4039,2329,256951.08255802124,2780365.5584026244,15.026645,1.3721434,125.82982,0.0006011396,7.132859,3.0,0
3892,6701,388111.08255802124,2784775.5584026244,17.785467,2.2811122,357.53726,5.9400132e-05,6.624233,1.0,0
4301,1474,231301.08255802124,2772505.5584026244,14.562211,2.715685,329.54266,0.000435919,6.4496307,4.0,0
2543,748,209521.08255802124,2825245.5584026244,196.06757,3.6038668,280.5278,-0.007447213,6.166097,3.0,0
3829,1151,221611.08255802124,2786665.5584026244,21.765629,0.5448822,74.776665,1.3602585e-05,8.05658,3.0,0
287,2620,265681.08255802124,2892925.5584026244,115.7633,30.45516,319.76025,-0.0020359461,3.9322405,4.0,0
4523,8475,441331.08255802124,2765845.5584026244,31.42238,5.3145523,273.06073,-0.0026888244,5.776102,2.0,0
738,6734,389101.08255802124,2879395.5584026244,198.6728,17.638636,27.965542,-0.0038386667,4.547024,6.0,0
4114,8740,449281.08255802124,2778115.5584026244,396.20493,43.96226,243.66086,-0.0060007563,3.4374292,5.0,0
2232,849,212551.08255802124,2834575.5584026244,366.42172,3.8062904,346.3905,0.0006810592,6.1112967,6.0,0
369,8117,430591.08255802124,2890465.5584026244,55.061184,1.5010754,228.97253,0.00010186089,7.0430136,4.0,0
2592,1930,244981.08255802124,2823775.5584026244,590.33777,24.029333,50.75926,-0.0018672346,4.208987,6.0,0
863,971,216211.08255802124,2875645.5584026244,28.0,0.8810781,98.49767,0.00018928316,7.5759544,4.0,0
341,5857,362791.08255802124,2891305.5584026244,47.488667,1.744841,204.45357,-4.2141823e-05,6.892452,6.0,0
3243,176,192361.08255802124,2804245.5584026244,56.791748,15.431876,272.7341,0.00033408275,4.6883903,2.0,0
3756,6771,390211.08255802124,2788855.5584026244,595.0735,7.544431,153.4195,-0.0006585524,5.4228115,3.0,0
4188,9057,458791.08255802124,2775895.5584026244,775.33325,33.84557,17.886948,-0.0024374563,3.8007889,5.0,0
4442,6141,371311.08255802124,2768275.5584026244,11.464399,2.6615157,216.70953,-0.00038580838,6.469809,1.0,0
390,6787,390691.08255802124,2889835.5584026244,77.10093,3.6257725,264.34445,0.001437397,6.160021,4.0,0
1371,5118,340621.08255802124,2860405.5584026244,308.25287,8.540864,260.19165,0.00070307415,5.2971168,6.0,0
3438,3850,302581.08255802124,2798395.5584026244,403.18393,18.30846,313.71808,0.003212509,4.50719,6.0,0
3480,4897,333991.08255802124,2797135.5584026244,918.60187,27.457373,262.52585,-0.0054351804,4.0558515,6.0,0
2903,1558,233821.08255802124,2814445.5584026244,529.2874,14.482235,239.45355,-0.006539993,4.754882,6.0,0
1769,140,191281.08255802124,2848465.5584026244,79.70148,0.7004274,129.45386,-0.0030591837,7.805439,6.0,0
2247,2886,273661.08255802124,2834125.5584026244,350.50452,3.0825596,349.06442,-0.00011661109,6.3226986,6.0,0
2194,8060,428881.08255802124,2835715.5584026244,1009.61597,9.163267,201.3985,0.0006495158,5.2256446,6.0,0
823,4232,314041.08255802124,2876845.5584026244,47.708458,4.9306135,274.0591,0.00081537775,5.851488,4.0,0
3396,2554,263701.08255802124,2799655.5584026244,28.868921,3.0241416,75.01601,0.0014422688,6.341868,3.0,0
3733,20,187681.08255802124,2789545.5584026244,20.669952,3.6026788,18.276615,0.0004616451,6.1664276,2.0,0
4125,1931,245011.08255802124,2777785.5584026244,14.868586,1.3523124,225.85683,-0.00056958915,7.147423,2.0,0
4027,4652,326641.08255802124,2780725.5584026244,9.608908,0.25543392,81.07807,0.00043229922,8.814209,6.0,0
2044,8812,451441.08255802124,2840215.5584026244,630.1527,26.985472,114.99836,0.0043085907,4.0761,6.0,0
2349,2188,252721.08255802124,2831065.5584026244,303.95905,2.462624,97.790726,-0.002667482,6.5475807,6.0,0
1838,7419,409651.08255802124,2846395.5584026244,948.4171,13.202436,315.40265,0.0046075443,4.8511014,6.0,0
1996,3427,289891.08255802124,2841655.5584026244,562.23065,6.5017257,286.59195,-2.6872382e-05,5.5730515,6.0,0
1674,7202,403141.08255802124,2851315.5584026244,1062.0176,21.355076,254.23459,-0.0055567087,4.3402667,6.0,0
2669,1586,234661.08255802124,2821465.5584026244,1120.0426,14.882606,37.3104,-0.00046017132,4.7263803,6.0,0
3581,2525,262831.08255802124,2794105.5584026244,20.0,0.24135727,135.0,0.0037556733,8.870895,6.0,0
1351,2229,253951.08255802124,2861005.5584026244,127.03913,17.19965,51.687695,-0.0035065864,4.573849,4.0,0
2052,3022,277741.08255802124,2839975.5584026244,356.7457,15.768531,10.372054,-0.0020079296,4.6657047,6.0,0
1672,7490,411781.08255802124,2851375.5584026244,1104.5371,21.103027,164.10463,0.0023524307,4.3533,6.0,0
2935,8199,433051.08255802124,2813485.5584026244,1329.506,11.088225,146.87239,0.0009136623,5.0309463,6.0,0
472,2520,262681.08255802124,2887375.5584026244,39.215252,1.8588681,62.787434,-0.00073380786,6.8291054,4.0,0
1137,7669,417151.08255802124,2867425.5584026244,744.30634,19.940826,256.28827,-0.000106285675,4.415098,6.0,0
2547,553,203671.08255802124,2825125.5584026244,95.586296,15.180308,104.63072,0.003077452,4.7056355,3.0,0
2547,4676,327361.08255802124,2825125.5584026244,1412.0875,28.462389,152.95738,-0.001288893,4.013491,6.0,0
524,5057,338791.08255802124,2885815.5584026244,47.489372,0.25730586,280.9229,-0.0006657272,8.806908,4.0,0
2399,8433,440071.08255802124,2829565.5584026244,1096.3887,8.947878,40.0139,-0.00012549522,5.2498317,6.0,0
3109,6584,384601.08255802124,2808265.5584026244,1499.1696,38.94108,331.90094,-0.0037400646,3.6142883,6.0,0
3235,5322,346741.08255802124,2804485.5584026244,1571.8081,15.490252,122.032555,-0.0025759547,4.6844254,6.0,0
1631,4325,316831.08255802124,2852605.5584026244,625.9123,13.054437,120.38123,-2.2142194e-05,4.8627796,6.0,0
1525,534,203101.08255802124,2855785.5584026244,101.39276,14.541914,202.44734,0.0001216379,4.7505884,6.0,0
1573,6834,392101.08255802124,2854345.5584026244,793.34357,13.492691,347.32224,-0.0005226305,4.828548,6.0,0
4005,2100,250081.08255802124,2781385.5584026244,17.404737,3.482598,248.54593,-0.0008290028,6.200413,2.0,0
538,4440,320281.08255802124,2885395.5584026244,44.16175,1.253308,304.17026,-0.0005919859,7.2234783,4.0,0
3828,6875,393331.08255802124,2786695.5584026244,267.58017,9.445583,75.571266,0.0015973578,5.19476,3.0,0
3634,6072,369241.08255802124,2792515.5584026244,859.5909,41.258327,87.001526,0.0095875375,3.5321794,6.0,0
2931,1423,229771.08255802124,2813605.5584026244,291.08447,7.4787316,143.4327,0.0037844088,5.431659,6.0,0
360,98,190021.08255802124,2890735.5584026244,33.958126,3.5194094,119.23122,0.006371574,6.1898723,4.0,0
571,6389,378751.08255802124,2884405.5584026244,149.43837,18.608255,102.73725,-0.0007066517,4.4897676,4.0,0
484,1882,243541.08255802124,2887015.5584026244,32.6338,3.073561,242.40884,0.0014190504,6.325628,4.0,0
4414,2727,268891.08255802124,2769115.5584026244,11.256993,1.232751,41.69221,0.00018598133,7.2400217,2.0,0
459,1976,246361.08255802124,2887765.5584026244,137.83795,13.454641,158.13742,-0.0008544225,4.8314786,4.0,0
684,8454,440701.08255802124,2881015.5584026244,695.0468,15.175346,180.12964,-0.0019092645,4.705978,4.0,0
1878,7205,403231.08255802124,2845195.5584026244,882.64105,3.1400502,84.22198,0.0013705445,6.304184,6.0,0
4390,4813,331471.08255802124,2769835.5584026244,10.099486,2.3399422,326.37415,4.6858506e-05,6.598742,4.0,0
1170,8997,456991.08255802124,2866435.5584026244,409.83997,3.137702,2.2373421,0.0049035987,6.304933,4.0,0
3411,5151,341611.08255802124,2799205.5584026244,735.5026,31.135649,65.72147,-6.110295e-05,3.9052336,6.0,0
269,6249,374551.08255802124,2893465.5584026244,164.49524,13.355793,16.556982,-0.0003715217,4.8391285,6.0,0
185,6002,367141.08255802124,2895985.5584026244,44.0,0.0,0.0,0.0,10.308952,6.0,0
2086,5141,341311.08255802124,2838955.5584026244,1077.8596,13.734522,133.6686,0.0036005657,4.8100967,6.0,0
714,3740,299281.08255802124,2880115.5584026244,190.49321,5.1411414,47.868713,-0.0062594693,5.80946,4.0,0
4133,5530,352981.08255802124,2777545.5584026244,14.204398,1.5160443,317.98947,-0.00034379508,7.0330863,1.0,0
1181,823,211771.08255802124,2866105.5584026244,55.60093,1.2473963,197.94643,0.0012988038,7.2282076,4.0,0
4123,7628,415921.08255802124,2777845.5584026244,43.57328,8.574102,71.224205,-0.0025607543,5.2931743,3.0,0
3262,159,191851.08255802124,2803675.5584026244,53.28892,15.319845,130.7887,0.0031539386,4.6960387,2.0,0
2527,8231,434011.08255802124,2825725.5584026244,1070.2313,11.934954,183.14261,0.0018454317,4.9553413,6.0,0
1136,8745,449431.08255802124,2867455.5584026244,486.99713,4.075187,228.27432,0.0044052377,6.0428195,4.0,0
1736,5123,340771.08255802124,2849455.5584026244,822.20123,14.226048,183.31578,-0.0015037536,4.7734995,6.0,0
2622,2740,269281.08255802124,2822875.5584026244,346.5722,13.734355,82.07681,-0.0029832544,4.8101096,6.0,0
1579,2491,261811.08255802124,2854165.5584026244,222.9208,4.435305,124.170685,0.0005224863,5.9578276,6.0,0
374,6310,376381.08255802124,2890315.5584026244,53.172276,0.70977664,327.9011,-0.00083779334,7.792178,6.0,0
2701,8380,438481.08255802124,2820505.5584026244,1287.6217,15.960765,286.6897,-0.00012797047,4.6529455,6.0,0
1833,3073,279271.08255802124,2846545.5584026244,448.58655,9.133291,298.5205,0.0031126826,5.2289777,6.0,0
1342,7238,404221.08255802124,2861275.5584026244,724.59125,2.8599257,282.92163,0.0027394784,6.3977976,6.0,0
2796,6368,378121.08255802124,2817655.5584026244,1619.5907,13.49197,106.969475,0.004185791,4.8286033,6.0,0
1243,2269,255151.08255802124,2864245.5584026244,235.72948,24.314976,5.7297606,-0.0019858468,4.1956425,4.0,0
404,7786,420661.08255802124,2889415.5584026244,63.341057,1.1154287,182.58084,-0.00047842873,7.3400593,4.0,0
455,3211,283411.08255802124,2887885.5584026244,39.169834,0.9816489,305.99658,-0.00011265649,7.4678483,4.0,0
2647,5258,344821.08255802124,2822125.5584026244,1554.6602,9.103457,228.81096,0.001702033,5.2323055,6.0,0
714,2748,269521.08255802124,2880115.5584026244,46.326797,2.4716296,300.51746,0.0014040554,6.5439262,4.0,0
951,8466,441061.08255802124,2873005.5584026244,449.50635,4.8769665,166.49199,0.0018712531,5.862482,4.0,0
2792,5731,359011.08255802124,2817775.5584026244,1613.78,14.556078,8.062773,0.000807902,4.749572,6.0,0
3797,6496,381961.08255802124,2787625.5584026244,566.5674,30.943056,344.21692,0.00048502587,3.912842,3.0,0
1275,8741,449311.08255802124,2863285.5584026244,594.6244,8.421435,224.44771,-0.002998691,5.3114066,4.0,0
1293,520,202681.08255802124,2862745.5584026244,57.551693,1.4863918,320.1144,-0.0003622903,7.0528483,4.0,0
1983,7911,424411.08255802124,2842045.5584026244,798.7401,14.825924,296.85913,0.002109426,4.7303724,6.0,0
581,2869,273151.08255802124,2884105.5584026244,42.939167,0.93937474,233.95795,9.2272225e-05,7.5118756,4.0,0
2533,4467,321091.08255802124,2825545.5584026244,1346.9318,19.070433,312.09277,0.0038657968,4.463372,6.0,0
441,2625,265831.08255802124,2888305.5584026244,47.193,1.4096315,49.526485,-0.0013026927,7.105894,4.0,0
2230,1266,225061.08255802124,2834635.5584026244,445.0178,6.520852,84.377625,0.001436827,5.570089,6.0,0
198,8392,438841.08255802124,2895595.5584026244,58.76932,2.636722,195.79993,-0.00019785776,6.479182,4.0,0
3613,5736,359161.08255802124,2793145.5584026244,653.65265,25.149405,85.567825,-0.0004205322,4.157314,6.0,0
3088,4145,311431.08255802124,2808895.5584026244,763.19196,10.978426,70.49412,-0.0018234933,5.041148,6.0,0
855,7553,413671.08255802124,2875885.5584026244,455.9997,4.7277336,196.47173,-0.00030287,5.8937054,6.0,0
2077,8090,429781.08255802124,2839225.5584026244,940.3081,19.130907,337.14346,-0.0014941914,4.4599586,6.0,0
1509,403,199171.08255802124,2856265.5584026244,75.81938,1.4608811,334.16736,-0.0017715667,7.070168,4.0,0
1630,7085,399631.08255802124,2852635.5584026244,954.217,8.701546,316.8235,-0.0024266054,5.278194,6.0,0
4357,4447,320491.08255802124,2770825.5584026244,7.1081047,1.8147748,16.1899,9.536916e-05,6.8531284,4.0,0
3607,320,196681.08255802124,2793325.5584026244,23.9005,1.5241536,275.11316,4.237017e-05,7.027749,2.0,0
1649,3766,300061.08255802124,2852065.5584026244,576.73663,14.292069,192.29886,0.005749749,4.7686725,6.0,0
2889,2630,265981.08255802124,2814865.5584026244,388.21072,22.327564,290.9771,0.0057836915,4.291109,6.0,0
2848,2266,255061.08255802124,2816095.5584026244,781.7324,1.3125364,156.34796,-0.003684404,7.177288,6.0,0
4087,1139,221251.08255802124,2778925.5584026244,23.0,0.13980411,24.259703,-0.00067489734,9.416935,2.0,0
2785,2534,263101.08255802124,2817985.5584026244,363.56903,4.140743,233.6196,-0.000495563,6.0268064,6.0,0
1048,8494,441901.08255802124,2870095.5584026244,518.0359,16.356113,269.92133,0.0029661304,4.62713,4.0,0
3628,1688,237721.08255802124,2792695.5584026244,136.32051,20.760473,194.78523,-0.0012901454,4.371218,3.0,0
2454,451,200611.08255802124,2827915.5584026244,100.5625,6.7007856,90.054115,-0.0037737994,5.542626,3.0,0
569,3469,291151.08255802124,2884465.5584026244,40.628777,4.7185173,335.1615,0.00035680135,5.8956656,4.0,0
2950,1141,221311.08255802124,2813035.5584026244,119.57486,9.162649,348.74173,0.0029746266,5.2257133,6.0,0
3890,8010,427381.08255802124,2784835.5584026244,677.52936,4.150255,178.2993,-0.0029601883,6.024503,3.0,0
2235,1129,220951.08255802124,2834485.5584026244,408.84793,6.964157,12.153285,-0.001970842,5.503706,6.0,0
2234,153,191671.08255802124,2834515.5584026244,23.813848,2.4086514,36.23392,0.0002901316,6.569768,6.0,0
1702,1347,227491.08255802124,2850475.5584026244,209.93506,10.888457,274.40167,-0.0013564809,5.04958,6.0,0
933,6242,374341.08255802124,2873545.5584026244,232.69345,24.44689,89.83852,-0.00069502945,4.189519,6.0,0
1208,4962,335941.08255802124,2865295.5584026244,87.76878,7.714319,236.85208,-0.0049918387,5.4002776,6.0,0
1874,7227,403891.08255802124,2845315.5584026244,879.7992,3.4511595,242.14005,0.0017527093,6.2095037,6.0,0
3386,702,208141.08255802124,2799955.5584026244,100.83923,5.4603887,13.715226,0.0016264173,5.7488704,2.0,0
3736,9021,457711.08255802124,2789455.5584026244,751.3074,25.040274,123.33298,-0.0014325628,4.162273,5.0,0
2186,2581,264511.08255802124,2835955.5584026244,311.196,7.1980424,346.9311,-0.0012420231,5.470335,6.0,0
2239,3432,290041.08255802124,2834365.5584026244,749.01276,7.225591,217.48335,-0.0061635505,5.466474,6.0,0
2267,4811,331411.08255802124,2833525.5584026244,1500.3514,13.241166,86.01855,-0.0012180582,4.848066,6.0,0
3532,9085,459631.08255802124,2795575.5584026244,1426.5007,6.8434577,274.42847,-0.07998678,5.52136,5.0,0
1010,5364,348001.08255802124,2871235.5584026244,56.905758,1.7755538,268.9651,0.0010664824,6.874992,6.0,0
520,6008,367321.08255802124,2885935.5584026244,199.44078,16.15937,45.700546,-0.00057601056,4.6399064,6.0,0
1225,5448,350521.08255802124,2864785.5584026244,128.9806,24.400957,63.455643,0.0017550299,4.191648,6.0,0
1261,5690,357781.08255802124,2863705.5584026244,439.33157,9.7374115,290.3164,0.002378201,5.163756,6.0,0
4168,6925,394831.08255802124,2776495.5584026244,18.786549,3.127078,47.787758,6.62788e-05,6.3083315,1.0,0
245,6667,387091.08255802124,2894185.5584026244,213.75291,25.06387,295.6395,0.0026358413,4.1611996,4.0,0
4253,1209,223351.08255802124,2773945.5584026244,16.930433,1.0276968,225.50656,-0.0008371462,7.421997,4.0,0
81,3185,282631.08255802124,2899105.5584026244,34.0,0.0,0.0,0.0,10.308952,4.0,0
3297,8939,455251.08255802124,2802625.5584026244,895.5895,11.448366,149.25288,-0.003450063,4.9981437,5.0,0
4106,4188,312721.08255802124,2778355.5584026244,4.909774,0.5176516,166.70363,-0.00023870124,8.10785,3.0,0
2390,8596,444961.08255802124,2829835.5584026244,926.99854,7.333881,161.93187,0.0015495301,5.4514375,6.0,0
1686,5339,347251.08255802124,2850955.5584026244,513.1442,17.945873,271.01755,0.00028481398,4.528593,6.0,0
3526,7906,424261.08255802124,2795755.5584026244,985.31726,8.627447,64.88787,0.0005584207,5.2868776,3.0,0
549,802,211141.08255802124,2885065.5584026244,26.0,0.0,0.0,6.8346665e-08,10.308952,4.0,0
2175,5687,357691.08255802124,2836285.5584026244,1340.8232,19.566216,100.686165,0.0038270736,4.435653,6.0,0
93,1990,246781.08255802124,2898745.5584026244,35.0,1.2682798,136.95767,4.1240055e-05,7.2115993,4.0,0
1125,6918,394621.08255802124,2867785.5584026244,655.8589,0.85170305,346.66553,-0.006865065,7.609868,6.0,0
1443,6422,379741.08255802124,2858245.5584026244,682.34424,1.8040992,325.1124,-0.0055554877,6.859032,6.0,0
2246,5029,337951.08255802124,2834155.5584026244,1679.3561,18.545696,304.19275,-0.000114067894,4.493383,6.0,0
2869,4324,316801.08255802124,2815465.5584026244,960.96576,32.635925,227.67271,0.001925761,3.8468432,6.0,0
195,8001,427111.08255802124,2895685.5584026244,56.9783,0.3754696,257.07666,0.0002566592,8.4289875,4.0,0
1301,5481,351511.08255802124,2862505.5584026244,164.46524,22.178375,183.55266,-0.0014466944,4.298538,6.0,0
4009,3891,303811.08255802124,2781265.5584026244,5.4033947,0.8462335,258.68704,0.00027992378,7.6163116,3.0,0
882,4994,336901.08255802124,2875075.5584026244,146.23645,21.911404,161.46928,0.00022757833,4.311932,4.0,0
2655,5009,337351.08255802124,2821885.5584026244,1500.3821,12.029587,122.43914,0.0007152982,4.9472084,6.0,0
1648,247,194491.08255802124,2852095.5584026244,28.913982,0.4614457,204.58942,-0.0001312902,8.222794,4.0,0
796,6511,382411.08255802124,2877655.5584026244,69.549065,15.623618,308.85358,0.0054531097,4.675416,6.0,0
3886,5023,337771.08255802124,2784955.5584026244,19.788364,1.6756144,116.38515,0.00014903228,6.932959,6.0,0
4350,4879,333451.08255802124,2771035.5584026244,10.2280855,3.926591,299.64993,-0.0003845761,6.0800858,4.0,0
2165,2987,276691.08255802124,2836585.5584026244,376.56927,15.303024,139.86215,0.0016880798,4.697191,6.0,0
4384,4405,319231.08255802124,2770015.5584026244,8.595418,1.6718726,152.08832,-0.00049527513,6.935196,4.0,0
793,6899,394051.08255802124,2877745.5584026244,267.2526,19.92321,168.65271,-0.0052341586,4.4160576,6.0,0
4158,3968,306121.08255802124,2776795.5584026244,7.0973396,0.41259974,314.55496,-0.00038400386,8.334684,3.0,0
3645,522,202741.08255802124,2792185.5584026244,30.148651,0.09517954,193.65837,0.00030721823,9.801414,2.0,0
3088,2874,273301.08255802124,2808895.5584026244,155.58797,23.721891,119.29192,-0.010889651,4.2234855,6.0,0
3346,8871,453211.08255802124,2801155.5584026244,870.52167,5.735487,335.55478,-0.0008656819,5.699404,5.0,0
3879,5992,366841.08255802124,2785165.5584026244,85.109436,24.075893,1.98599,-0.002452378,4.2068043,6.0,0
1380,973,216271.08255802124,2860135.5584026244,95.726425,8.7318535,40.851574,-0.00012652075,5.2746625,6.0,0
3564,5459,350851.08255802124,2794615.5584026244,1101.5272,2.5388768,59.0412,-0.00044321697,6.517048,1.0,0
3126,765,210031.08255802124,2807755.5584026244,104.705574,9.998571,217.66838,0.0021215798,5.1367583,6.0,0
1888,885,213631.08255802124,2844895.5584026244,304.64285,14.895187,27.276937,0.0029181503,4.725496,6.0,0
2731,8992,456841.08255802124,2819605.5584026244,741.04584,16.925533,143.7596,0.0038925172,4.5909057,3.0,0
3128,3020,277681.08255802124,2807695.5584026244,220.91959,30.69991,77.34241,-0.0008303664,3.922487,6.0,0
337,2830,271981.08255802124,2891425.5584026244,38.395466,6.91804,169.023,-0.0021978305,5.5104156,4.0,0
700,3677,297391.08255802124,2880535.5584026244,47.32139,3.2062173,291.89343,-0.00037347156,6.283288,4.0,0
1365,1367,228091.08255802124,2860585.5584026244,84.781265,9.822482,14.148106,0.004305496,5.1548862,6.0,0
231,1964,246001.08255802124,2894605.5584026244,40.299,5.671824,114.0627,-0.0019516912,5.7106395,4.0,0
124,6097,369991.08255802124,2897815.5584026244,52.0,0.87256706,308.43774,-0.00014345275,7.585663,6.0,0
1989,1705,238231.08255802124,2841865.5584026244,648.9528,5.4036465,166.40529,-0.0067098327,5.7593794,6.0,0
3656,144,191401.08255802124,2791855.5584026244,20.580477,1.5728385,318.4692,0.00051718927,6.996291,2.0,0
3904,4396,318961.08255802124,2784415.5584026244,8.142729,3.0814161,26.185677,0.0003489285,6.3230705,6.0,0
853,1001,217111.08255802124,2875945.5584026244,28.0,0.5778722,199.15639,-4.812346e-05,7.997793,4.0,0
2709,5792,360841.08255802124,2820265.5584026244,1757.4374,8.680237,199.6702,-0.002950236,5.2806835,6.0,0
1308,377,198391.08255802124,2862295.5584026244,28.979338,0.7950461,47.088936,-0.00026796712,7.678715,4.0,0
3516,1304,226201.08255802124,2796055.5584026244,91.33278,18.805582,275.55994,-0.0038686288,4.4784303,3.0,0
2858,8839,452251.08255802124,2815795.5584026244,882.7701,1.3001243,175.74713,-0.0014198981,7.186793,3.0,0
2668,8548,443521.08255802124,2821495.5584026244,1231.7617,6.189746,71.53157,-0.007430488,5.6226296,6.0,0
2548,2209,253351.08255802124,2825095.5584026244,321.45078,8.486517,221.25334,0.000592592,5.303595,6.0,0
2319,7172,402241.08255802124,2831965.5584026244,1052.6937,3.2706423,230.98746,0.0010248481,6.263351,6.0,0
3235,2843,272371.08255802124,2804485.5584026244,540.9406,5.621299,302.58276,0.006069743,5.719646,3.0,0
2718,5730,358981.08255802124,2819995.5584026244,1713.8422,15.995699,2.1360562,-0.0008302476,4.6506414,6.0,0
1327,227,193891.08255802124,2861725.5584026244,24.78904,1.4765897,178.20384,-2.4635534e-05,7.059468,4.0,0
1640,8785,450631.08255802124,2852335.5584026244,778.3945,12.096403,89.54222,0.0010609776,4.941502,6.0,0
3846,4628,325921.08255802124,2786155.5584026244,15.540526,0.68758565,145.71518,-0.00014397621,7.823945,6.0,0
773,5969,366151.08255802124,2878345.5584026244,439.51962,10.02853,92.91043,0.0017890082,5.1337047,6.0,0
2921,5592,354841.08255802124,2813905.5584026244,1629.6316,4.9171586,238.0162,-0.0033384536,5.854234,6.0,0
2065,6210,373381.08255802124,2839585.5584026244,1001.6277,6.981799,308.35175,-0.0015902031,5.501151,6.0,0
4064,3157,281791.08255802124,2779615.5584026244,9.850116,0.43734497,321.0664,0.00024034976,8.276438,3.0,0
879,7379,408451.08255802124,2875165.5584026244,355.85928,13.574251,194.5977,0.001437005,4.822291,6.0,0
3995,1689,237751.08255802124,2781685.5584026244,12.462578,2.9352582,161.2826,0.0009706712,6.3717537,2.0,0
2420,8155,431731.08255802124,2828935.5584026244,1168.6295,18.080952,270.33044,-0.00047848176,4.5205765,6.0,0
4364,6876,393361.08255802124,2770615.5584026244,10.61537,1.5730606,313.20142,0.00097380485,6.99615,4.0,0
995,7018,397621.08255802124,2871685.5584026244,544.9258,5.227298,16.901953,0.0011715698,5.79275,6.0,0
2750,5563,353971.08255802124,2819035.5584026244,1689.6576,5.8226733,203.98221,0.0026683891,5.684214,6.0,0
919,7073,399271.08255802124,2873965.5584026244,680.396,22.8564,86.252235,-0.004735582,4.265085,6.0,0
362,5932,365041.08255802124,2890675.5584026244,50.995678,4.163992,283.02512,-0.0005196603,6.0211873,6.0,0
3143,5396,348961.08255802124,2807245.5584026244,1598.1559,3.9490979,87.0196,0.0009110854,6.074352,6.0,0
3449,7920,424681.08255802124,2798065.5584026244,1063.2156,3.549378,204.49669,0.001506924,6.1813717,3.0,0
641,4959,335851.08255802124,2882305.5584026244,45.0,0.46296507,343.49155,0.00041190995,8.219506,4.0,0
4161,3123,280771.08255802124,2776705.5584026244,7.8008003,1.4526349,185.7239,-8.751392e-05,7.075831,3.0,0
1536,7688,417721.08255802124,2855455.5584026244,1052.0446,11.70584,135.07896,-0.00010365818,4.9752855,6.0,0
2110,3443,290371.08255802124,2838235.5584026244,561.8548,8.348065,346.1188,0.0020046318,5.320283,6.0,0
3110,2591,264811.08255802124,2808235.5584026244,822.6337,13.385737,210.66998,-0.0044000247,4.836806,3.0,0
3966,4255,314731.08255802124,2782555.5584026244,5.131524,0.78195155,4.066043,0.00032725057,7.695325,3.0,0
2241,2916,274561.08255802124,2834305.5584026244,357.44742,4.7156787,231.53485,-0.0024176366,5.89627,6.0,0
2394,4663,326971.08255802124,2829715.5584026244,1358.6156,16.981287,205.4277,0.009214986,4.5874166,6.0,0
3367,1356,227761.08255802124,2800525.5584026244,207.1577,1.8155545,263.35162,0.0005391608,6.852699,3.0,0
2124,6764,390001.08255802124,2837815.5584026244,1137.106,14.585559,288.1976,-0.008643087,4.7474585,6.0,0
3008,5013,337471.08255802124,2811295.5584026244,1525.5732,23.34931,204.94463,-0.002348192,4.241248,6.0,0
1086,5332,347041.08255802124,2868955.5584026244,61.72634,1.8715955,107.964516,0.00020122214,6.8222775,6.0,0
3535,5359,347851.08255802124,2795485.5584026244,390.7434,29.596464,251.91595,0.0018774327,3.9668357,6.0,0
363,8965,456031.08255802124,2890645.5584026244,59.09114,0.86576307,1.3772379,0.00040243572,7.593492,6.0,0
2612,7713,418471.08255802124,2823175.5584026244,1253.8663,8.4875765,43.068348,-0.00037885876,5.303468,6.0,0
3893,6923,394771.08255802124,2784745.5584026244,20.582476,5.586412,93.01352,0.0006570859,5.725911,1.0,0
1280,6123,370771.08255802124,2863135.5584026244,492.97284,19.099888,143.53345,-0.004693375,4.4617085,6.0,0
3549,222,193741.08255802124,2795065.5584026244,24.099833,4.088242,306.08606,4.504097e-05,6.0396104,2.0,0
2381,3819,301651.08255802124,2830105.5584026244,866.138,26.543312,54.483,-0.0014498562,4.0952935,6.0,0
1884,8872,453241.08255802124,2845015.5584026244,696.98804,21.570646,273.50912,0.0020659552,4.329218,6.0,0
2995,4104,310201.08255802124,2811685.5584026244,618.95654,32.514572,58.410095,0.008125679,3.8515115,6.0,0
3773,3778,300421.08255802124,2788345.5584026244,196.39287,15.581721,93.2231,-0.002160937,4.678239,3.0,0
1318,7291,405811.08255802124,2861995.5584026244,753.49854,19.348684,259.97375,-0.0005655078,4.4477415,6.0,0
4365,2110,250381.08255802124,2770585.5584026244,14.344784,1.7832782,39.843582,-0.0002915531,6.870648,4.0,0
1604,4889,333751.08255802124,2853415.5584026244,281.1114,30.215475,57.870407,-0.0013045162,3.941837,6.0,0
3056,2523,262771.08255802124,2809855.5584026244,402.9501,24.29693,312.4642,0.0029039006,4.1964817,3.0,0
828,3443,290371.08255802124,2876695.5584026244,46.901695,2.9323564,318.0455,0.0010147975,6.3727446,4.0,0
3728,1564,234001.08255802124,2789695.5584026244,54.212574,6.4234343,301.0746,-0.0006533857,5.5852695,3.0,0
1710,5494,351901.08255802124,2850235.5584026244,640.83167,14.230835,217.18506,-0.00050674425,4.7731485,6.0,0
489,7814,421501.08255802124,2886865.5584026244,274.67026,9.924567,170.11967,0.0016977099,5.144339,4.0,0
3372,3860,302881.08255802124,2800375.5584026244,302.85873,13.897983,312.6367,-0.0015609148,4.7977943,6.0,0
276,5687,357691.08255802124,2893255.5584026244,44.796196,2.1477332,312.46075,-0.00017443445,6.6845427,6.0,0
3559,4952,335641.08255802124,2794765.5584026244,655.9282,32.184326,86.739265,-0.0043600285,3.8642626,6.0,0
1391,2139,251251.08255802124,2859805.5584026244,136.85881,6.8140035,35.715862,0.00408841,5.5257144,4.0,0
1665,2546,263461.08255802124,2851585.5584026244,207.60223,10.3253975,198.51521,0.0011104499,5.1039095,6.0,0
1224,1089,219751.08255802124,2864815.5584026244,59.21893,4.585197,4.1682043,0.00054879184,5.9244533,6.0,0
3426,8428,439921.08255802124,2798755.5584026244,890.3016,8.182142,176.61053,-0.0023325603,5.34064,3.0,0
3497,5760,359881.08255802124,2796625.5584026244,681.9393,26.122229,170.04626,0.004558682,4.11378,6.0,0
1648,2792,270841.08255802124,2852095.5584026244,413.90283,13.05732,247.9797,-0.000469852,4.8625507,6.0,0
3191,3654,296701.08255802124,2805805.5584026244,326.56412,2.136298,57.627163,0.00029534235,6.6898866,6.0,0
4160,7051,398611.08255802124,2776735.5584026244,8.723484,0.9136515,61.720215,0.00044190194,7.5396457,1.0,0
1245,2463,260971.08255802124,2864185.5584026244,59.918316,2.091741,290.91757,-0.0003104274,6.7109833,4.0,0
1378,6129,370951.08255802124,2860195.5584026244,479.84158,22.711414,111.38571,-0.0067700623,4.2721725,6.0,0
467,3194,282901.08255802124,2887525.5584026244,37.258873,1.2171754,19.461168,0.000606096,7.252741,4.0,0
2002,5677,357391.08255802124,2841475.5584026244,1375.1157,12.636172,175.63516,-0.0023315093,4.8964615,6.0,0
4018,3042,278341.08255802124,2780995.5584026244,17.77333,1.2976693,97.27887,-0.00026111022,7.1886835,3.0,0
2735,84,189601.08255802124,2819485.5584026244,84.8569,7.6088133,85.12247,-0.0056200535,5.4142146,2.0,0
276,7856,422761.08255802124,2893255.5584026244,56.0,0.5921882,332.50748,8.781644e-05,7.9733195,4.0,0
1449,1652,236641.08255802124,2858065.5584026244,272.23166,8.480758,45.717133,-0.0011498008,5.304284,6.0,0
968,4311,316411.08255802124,2872495.5584026244,52.449657,0.55239064,339.0791,-5.662383e-05,8.042893,4.0,0
3144,42,188341.08255802124,2807215.5584026244,80.69535,1.2107197,93.967445,0.0039399657,7.2580605,2.0,0
3104,3466,291061.08255802124,2808415.5584026244,485.3371,18.25147,175.39423,-0.0017404088,4.51053,6.0,0
1053,3276,285361.08255802124,2869945.5584026244,71.16089,2.4899476,254.90753,3.3463002e-06,6.536533,4.0,0
4403,2557,263791.08255802124,2769445.5584026244,12.569823,1.8847195,312.6136,0.00011884663,6.8152847,2.0,0
1446,6592,384841.08255802124,2858155.5584026244,624.27466,18.8401,164.97702,0.0010005017,4.4764576,6.0,0
4207,1312,226441.08255802124,2775325.5584026244,16.319002,2.0377164,52.60382,0.00023026651,6.737173,2.0,0
731,5648,356521.08255802124,2879605.5584026244,55.422718,1.5339594,294.03732,-0.00026650744,7.021333,4.0,0
3516,8152,431641.08255802124,2796055.5584026244,956.26624,3.691389,62.870125,0.0028348116,6.1420364,3.0,0
1896,4502,322141.08255802124,2844655.5584026244,1202.7194,24.280376,296.1042,0.0017408584,4.1972523,6.0,0
2176,4275,315331.08255802124,2836255.5584026244,1260.211,13.852569,216.37982,4.248731e-05,4.8011985,6.0,0
1240,4798,331021.08255802124,2864335.5584026244,110.960655,3.4638996,18.602268,0.0017414495,6.20581,4.0,0
119,2454,260701.08255802124,2897965.5584026244,40.702106,1.9901599,358.29062,-8.4213694e-05,6.760807,4.0,0
473,1076,219361.08255802124,2887345.5584026244,26.0,0.0,0.0,1.5894572e-09,10.308952,4.0,0
1945,6901,394111.08255802124,2843185.5584026244,951.98065,25.24767,294.7106,0.0016866386,4.152862,6.0,0
4368,8847,452491.08255802124,2770495.5584026244,456.07822,36.271408,208.36644,0.009765169,3.7107093,3.0,0
3822,5654,356701.08255802124,2786875.5584026244,253.6061,13.700183,303.57498,-0.0043023173,4.8126984,6.0,0
1083,5141,341311.08255802124,2869045.5584026244,304.9605,27.338436,311.4984,-0.008224284,4.060932,6.0,0
3319,949,215551.08255802124,2801965.5584026244,84.96716,9.9661045,133.6566,0.0020863977,5.1400776,3.0,0
1406,152,191641.08255802124,2859355.5584026244,23.933899,5.318003,219.29921,0.00024609675,5.775449,4.0,0
191,2846,272461.08255802124,2895805.5584026244,32.0,0.0,0.0,1.0449091e-05,10.308952,4.0,0
2139,3487,291691.08255802124,2837365.5584026244,735.7317,11.57084,155.97234,-0.0020955403,4.9872108,6.0,0
2242,8093,429871.08255802124,2834275.5584026244,1086.391,6.5830727,122.072136,0.0038364665,5.5605087,6.0,0
2804,587,204691.08255802124,2817415.5584026244,145.66711,5.53789,42.93706,-0.0017575158,5.73469,6.0,0
432,6156,371761.08255802124,2888575.5584026244,47.446705,1.1128764,56.40941,0.0007799297,7.3423505,6.0,0
2039,2582,264541.08255802124,2840365.5584026244,301.993,2.4611015,239.37329,0.00073226076,6.5482,6.0,0
1794,587,204691.08255802124,2847715.5584026244,56.669197,4.50487,306.334,0.00059959304,5.9422016,6.0,0
1225,81,189511.08255802124,2864785.5584026244,24.20142,1.6086848,21.47226,-0.0002015935,6.973745,4.0,0
987,8427,439891.08255802124,2871925.5584026244,475.92792,7.732137,303.2128,0.003384196,5.3979425,4.0,0
434,2394,258901.08255802124,2888515.5584026244,40.564087,2.51903,341.39542,-0.0012152672,6.5249057,4.0,0
1577,6173,372271.08255802124,2854225.5584026244,605.4457,3.125575,176.31236,0.0025006274,6.3088136,6.0,0
1252,6592,384841.08255802124,2863975.5584026244,636.8365,32.90879,3.7328436,0.0014312742,3.8363798,6.0,0
25,420,199681.08255802124,2900785.5584026244,30.0,0.66899127,62.564693,-7.781823e-05,7.851363,4.0,0
868,3822,301741.08255802124,2875495.5584026244,45.0,0.57376915,327.27002,0.0011046813,8.004919,4.0,0
3205,5754,359701.08255802124,2805385.5584026244,1602.0238,3.2586315,98.15616,0.0004845174,6.267038,6.0,0
579,1977,246391.08255802124,2884165.5584026244,45.170425,5.178384,11.521427,-2.0606793e-05,5.802203,4.0,0
2647,7779,420451.08255802124,2822125.5584026244,1299.3027,7.1322865,147.4378,-0.00068688294,5.4796085,6.0,0
2783,4180,312481.08255802124,2818045.5584026244,920.6249,14.716526,20.390024,0.004875726,4.7381177,6.0,0
1642,5433,350071.08255802124,2852275.5584026244,588.4022,22.819454,283.29633,-0.0028132123,4.266888,6.0,0
2411,8283,435571.08255802124,2829205.5584026244,1086.8619,12.45989,256.5416,-0.00068647607,4.9109697,6.0,0
1945,2194,252901.08255802124,2843185.5584026244,254.85938,10.353386,359.7841,0.0012351566,5.101143,6.0,0
3695,1218,223621.08255802124,2790685.5584026244,57.59025,10.140817,358.2527,0.00020536639,5.122337,3.0,0
3741,1355,227731.08255802124,2789305.5584026244,37.458973,2.4982655,47.26005,-0.0012428781,6.5331936,3.0,0
326,2451,260611.08255802124,2891755.5584026244,49.77392,2.0577095,1.9651175,-0.00091600843,6.727401,4.0,0
3797,6717,388591.08255802124,2787625.5584026244,491.55878,6.1678596,86.21861,0.0002260675,5.6261992,3.0,0
3097,424,199801.08255802124,2808625.5584026244,87.45154,23.421907,279.1245,-0.0031156996,4.23777,3.0,0
890,3442,290341.08255802124,2874835.5584026244,49.08261,0.2055149,13.418913,0.0013485696,9.031657,4.0,0
1468,2495,261931.08255802124,2857495.5584026244,267.6602,10.703712,110.99746,-0.004134801,5.067105,4.0,0
1877,5816,361561.08255802124,2845225.5584026244,922.7819,22.278252,237.8252,-0.0012963191,4.2935605,6.0,0
3811,6861,392911.08255802124,2787205.5584026244,397.85468,9.432024,67.38124,-0.0015622289,5.196223,3.0,0
3968,7034,398101.08255802124,2782495.5584026244,15.0,0.77653927,326.58023,-6.2682375e-05,7.7022715,1.0,0
2190,1453,230671.08255802124,2835835.5584026244,678.25366,11.998443,202.43097,-0.00648351,4.949878,6.0,0
3179,1646,236461.08255802124,2806165.5584026244,95.061455,6.592105,82.34483,0.0011503749,5.5591254,6.0,0
742,4975,336331.08255802124,2879275.5584026244,47.114586,0.3141398,282.4655,0.0013630157,8.607331,4.0,0
1604,5955,365731.08255802124,2853415.5584026244,730.91174,9.68948,225.22968,0.00024568348,5.1687865,6.0,0
1499,2028,247921.08255802124,2856565.5584026244,256.94275,16.23586,260.98767,-0.0020075014,4.634923,4.0,0
122,4006,307261.08255802124,2897875.5584026244,40.773514,2.063384,253.49977,0.0008843009,6.7246447,4.0,0
1284,1111,220411.08255802124,2863015.5584026244,63.506996,4.3312902,244.25955,-0.00037506103,5.9816513,6.0,0
3064,5180,342481.08255802124,2809615.5584026244,1476.844,9.643521,132.30164,-0.00011918819,5.173632,6.0,0
974,7256,404761.08255802124,2872315.5584026244,540.7165,15.023293,88.11069,-0.000507999,4.7165303,6.0,0
2570,3713,298471.08255802124,2824435.5584026244,761.1095,17.634684,352.02957,-0.0035542636,4.547263,6.0,0
779,8755,449731.08255802124,2878165.5584026244,331.22604,26.69932,64.92819,0.0011353301,4.088496,4.0,0
512,922,214741.08255802124,2886175.5584026244,26.0,0.41297147,126.12134,0.0009517929,8.333784,4.0,0
3816,1026,217861.08255802124,2787055.5584026244,22.48056,1.2314225,210.84146,0.00020046771,7.2411003,2.0,0
251,9088,459721.08255802124,2894005.5584026244,62.4119,0.7927311,143.54086,-0.0004986339,7.6816316,6.0,0
355,1916,244561.08255802124,2890885.5584026244,34.073254,0.86658216,33.811115,0.0010799759,7.5925465,4.0,0
1102,2771,270211.08255802124,2868475.5584026244,168.52866,21.178738,153.60956,0.002788514,4.349372,4.0,0
145,3648,296521.08255802124,2897185.5584026244,39.474804,1.5021368,294.16376,-0.00013729098,7.0423064,4.0,0
2285,8053,428671.08255802124,2832985.5584026244,1142.0686,1.694382,1.7114748,-0.0020580376,6.921815,6.0,0
4142,3751,299611.08255802124,2777275.5584026244,9.277143,4.9511237,143.93393,-4.9664715e-05,5.8473163,3.0,0
2247,7360,407881.08255802124,2834125.5584026244,932.77637,1.8935664,141.22894,0.0019736227,6.8105984,6.0,0
1344,6513,382471.08255802124,2861215.5584026244,778.67474,15.697863,131.61626,0.0014763387,4.6704307,6.0,0
2868,307,196291.08255802124,2815495.5584026244,106.995766,13.827088,76.67909,-0.004649296,4.8031135,6.0,0
2256,1250,224581.08255802124,2833855.5584026244,405.57532,8.947269,108.50041,0.0031842887,5.249901,6.0,0
351,795,210931.08255802124,2891005.5584026244,35.86298,1.3715804,295.79938,-0.0010062854,7.13327,4.0,0
2887,7353,407671.08255802124,2814925.5584026244,1503.7131,2.475649,162.17892,-0.0015548705,6.5422993,6.0,0
2162,6982,396541.08255802124,2836675.5584026244,957.50116,5.126805,36.77593,0.0014049783,5.812268,6.0,0
1493,3508,292321.08255802124,2856745.5584026244,459.03976,10.125604,161.23558,-0.0020544096,5.12387,4.0,0
3177,536,203161.08255802124,2806225.5584026244,57.30854,2.5841095,234.64877,0.004026554,6.499365,3.0,0
1369,8962,455941.08255802124,2860465.5584026244,508.93802,21.077196,170.16446,-0.00021775987,4.3546433,4.0,0
1783,6903,394171.08255802124,2848045.5584026244,941.28864,2.8344178,313.5298,-0.0018523321,6.4067717,6.0,0
3321,7178,402421.08255802124,2801905.5584026244,859.37244,20.473436,239.57065,-0.008893924,4.3864193,6.0,0
2895,1184,222601.08255802124,2814685.5584026244,173.85846,9.594945,298.04807,0.0018466314,5.178778,6.0,0
2389,5600,355081.08255802124,2829865.5584026244,1654.4667,3.6003308,62.395714,0.0018866644,6.1670814,6.0,0
638,7188,402721.08255802124,2882395.5584026244,404.5845,15.321936,240.66876,-0.007878808,4.695895,4.0,0
3708,7550,413581.08255802124,2790295.5584026244,753.56805,6.812478,70.01324,0.0009843783,5.5259404,3.0,0
2133,2167,252091.08255802124,2837545.5584026244,418.63565,9.53776,278.1369,0.0008365632,5.184869,6.0,0
266,6692,387841.08255802124,2893555.5584026244,72.42776,3.4322653,354.12497,0.00072582875,6.215007,4.0,0
2929,5195,342931.08255802124,2813665.5584026244,1520.4462,1.0450318,145.93596,0.0003897773,7.4052663,6.0,0
732,5408,349321.08255802124,2879575.5584026244,47.77249,1.2044861,335.97144,0.0006206883,7.263224,4.0,0
3794,5707,358291.08255802124,2787715.5584026244,193.95184,10.07696,100.11311,-0.00056332466,5.128787,6.0,0
1094,7688,417721.08255802124,2868715.5584026244,828.5126,12.442045,2.0198476,-0.00063542684,4.912449,6.0,0
3647,5462,350941.08255802124,2792125.5584026244,393.75452,31.680273,77.68432,-0.0026315306,3.8838615,1.0,0
1609,8747,449491.08255802124,2853265.5584026244,644.1418,9.947995,188.54881,-0.0026630487,5.1419334,6.0,0
147,2182,252541.08255802124,2897125.5584026244,51.154396,4.6999836,255.30727,0.00057422527,5.8996186,4.0,0
1095,6583,384571.08255802124,2868685.5584026244,499.68085,10.089489,326.20282,0.0035664453,5.127518,6.0,0
2625,8902,454141.08255802124,2822785.5584026244,913.1321,8.5347395,93.40195,0.00092429254,5.297845,3.0,0
672,7419,409651.08255802124,2881375.5584026244,421.7711,9.001305,347.3431,-0.0069819894,5.24378,4.0,0
4340,3187,282691.08255802124,2771335.5584026244,9.447571,0.7603938,140.42867,-0.00032096094,7.7232842,3.0,0
4087,5009,337351.08255802124,2778925.5584026244,13.886404,1.545132,337.26895,4.3042477e-05,7.0140724,5.0,0
2047,2117,250591.08255802124,2840125.5584026244,408.2342,5.79865,81.30232,-0.007599445,5.688377,6.0,0
1513,6571,384211.08255802124,2856145.5584026244,723.4141,20.407337,282.84882,0.00072616595,4.3899446,6.0,0
988,7092,399841.08255802124,2871895.5584026244,532.38794,3.923363,308.0713,0.003724857,6.08091,6.0,0
3651,2592,264841.08255802124,2792005.5584026244,168.1779,8.735171,161.76234,-0.00024086004,5.2742767,6.0,0
3692,1094,219901.08255802124,2790775.5584026244,28.065998,4.2385755,141.02628,0.00018836715,6.003371,3.0,0
992,1039,218251.08255802124,2871775.5584026244,46.9831,0.89050967,326.79675,-0.0012039831,7.565305,4.0,0
315,4637,326191.08255802124,2892085.5584026244,45.125744,1.4804282,259.73776,0.00013954905,7.0568705,4.0,0
322,4807,331291.08255802124,2891875.5584026244,46.32328,4.247546,82.383995,-0.00089372846,6.001249,4.0,0
3546,1962,245941.08255802124,2795155.5584026244,40.175274,9.767329,211.64777,0.003634952,5.1606283,3.0,0
3707,431,200011.08255802124,2790325.5584026244,23.103598,1.5520346,19.582186,0.0004053518,7.009613,2.0,0
1177,8720,448681.08255802124,2866225.5584026244,499.83588,2.3084345,13.630954,-0.0057109836,6.6123133,4.0,0
3887,2485,261631.08255802124,2784925.5584026244,13.136223,2.2838414,84.92075,0.0016264508,6.623036,3.0,0
115,947,215491.08255802124,2898085.5584026244,31.106428,0.74129426,112.70837,0.00029255127,7.7487264,4.0,0
268,315,196531.08255802124,2893495.5584026244,27.19049,1.3575877,337.75888,0.00043840724,7.143528,4.0,0
736,4957,335791.08255802124,2879455.5584026244,87.20855,20.792519,73.70564,-0.0018512157,4.369532,4.0,0
2610,7368,408121.08255802124,2823235.5584026244,1128.6783,7.5930314,164.17871,0.0015405272,5.416315,6.0,0
756,6481,381511.08255802124,2878855.5584026244,284.21707,21.380802,132.86568,0.0010893332,4.3389435,4.0,0
4274,3310,286381.08255802124,2773315.5584026244,7.3772054,3.146835,52.40631,-0.00014891947,6.302021,3.0,0
1792,4665,327031.08255802124,2847775.5584026244,778.55597,33.09432,329.3056,-0.0015581592,3.8292909,6.0,0
264,4125,310831.08255802124,2893615.5584026244,42.700687,1.766529,231.40288,0.00034439086,6.8800907,4.0,0
2218,2896,273961.08255802124,2834995.5584026244,351.3207,8.391323,138.2923,0.0011701033,5.3150406,6.0,0
126,3715,298531.08255802124,2897755.5584026244,41.893074,2.2856193,61.48536,0.00025923623,6.6222568,4.0,0
128,5100,340081.08255802124,2897695.5584026244,47.838043,0.80414206,196.95398,-4.708714e-05,7.667338,4.0,0
1626,8018,427621.08255802124,2852755.5584026244,870.31934,17.610313,164.33005,0.003671112,4.548737,6.0,0
1758,2267,255091.08255802124,2848795.5584026244,196.76016,7.9168925,262.7287,0.0011713323,5.374033,6.0,0
1518,6144,371401.08255802124,2855995.5584026244,699.954,9.62963,238.40163,-3.8791186e-05,5.1751013,6.0,0
942,1480,231481.08255802124,2873275.5584026244,56.62593,3.8807182,22.133965,2.7724367e-05,6.091873,6.0,0
4444,2989,276751.08255802124,2768215.5584026244,9.361316,1.0590374,236.75589,0.0006187304,7.39195,3.0,0
3247,1373,228271.08255802124,2804125.5584026244,88.316765,9.099731,248.01459,-0.0042926427,5.232722,3.0,0
2170,2122,250741.08255802124,2836435.5584026244,443.57025,4.3592978,335.643,0.0012043847,5.975181,6.0,0
2699,7212,403441.08255802124,2820565.5584026244,1290.7579,20.824274,17.934998,0.001799418,4.3678627,6.0,0
4395,1235,224131.08255802124,2769685.5584026244,15.01327,1.2740847,324.63998,6.0391358e-06,7.2070312,4.0,0
2635,813,211471.08255802124,2822485.5584026244,100.20491,7.4245586,66.21269,-0.004260201,5.439012,6.0,0
2111,3980,306481.08255802124,2838205.5584026244,962.756,12.783617,89.23949,-0.004683499,4.884471,6.0,0
269,2017,247591.08255802124,2893465.5584026244,37.086002,2.0827742,322.45612,-0.00061094284,6.715283,4.0,0
3178,8932,455041.08255802124,2806195.5584026244,982.7692,13.206994,247.86392,-0.0019777087,4.8507442,3.0,0
1927,2813,271471.08255802124,2843725.5584026244,334.45782,8.845753,113.33128,0.0058141155,5.2614975,6.0,0
2134,3987,306691.08255802124,2837515.5584026244,878.4807,2.3277972,318.55786,0.0005035061,6.6039515,6.0,0
295,6223,373771.08255802124,2892685.5584026244,51.617435,2.3106236,34.79021,0.00034017352,6.611365,6.0,0
1153,3765,300031.08255802124,2866945.5584026244,64.49781,1.267646,334.41602,-0.00030166094,7.2120996,4.0,0
4510,5429,349951.08255802124,2766235.5584026244,9.458379,1.0297598,285.6858,0.00026865667,7.419991,4.0,0
2997,6710,388381.08255802124,2811625.5584026244,1124.7621,34.94145,283.91287,0.004580383,3.7597518,6.0,0
2014,6862,392941.08255802124,2841115.5584026244,939.996,8.236253,83.70858,-0.00039011636,5.3339577,6.0,0
3691,8085,429631.08255802124,2790805.5584026244,639.65936,6.0582957,124.299576,0.0023850165,5.6442595,3.0,0
4430,7702,418141.08255802124,2768635.5584026244,17.658396,2.1100533,151.15233,-0.00097017316,6.702259,3.0,0
2083,4817,331591.08255802124,2839045.5584026244,1417.9149,9.956729,217.89438,-8.310962e-05,5.141038,6.0,0
130,6276,375361.08255802124,2897635.5584026244,60.89463,1.3127334,305.48633,-0.00053188426,7.177138,4.0,0
2556,3527,292891.08255802124,2824855.5584026244,731.2037,7.4321103,72.746826,-0.0033440483,5.437984,6.0,0
2001,2120,250681.08255802124,2841505.5584026244,467.72498,9.699714,125.86671,0.0002291192,5.1677103,6.0,0
2560,7222,403741.08255802124,2824735.5584026244,1357.0214,10.395009,221.63576,-0.0016490003,5.0970416,6.0,0
1423,4110,310381.08255802124,2858845.5584026244,240.35838,22.536283,6.662271,-0.0015930173,4.280781,4.0,0
2046,3033,278071.08255802124,2840155.5584026244,409.3978,10.187874,11.480061,-0.0016306135,5.1176085,6.0,0
4381,369,198151.08255802124,2770105.5584026244,23.581366,0.13357085,128.8093,-0.0009763172,9.462545,4.0,0
2542,8475,441331.08255802124,2825275.5584026244,1088.3118,23.896269,295.34207,0.0053815376,4.2152452,6.0,0
1754,3207,283291.08255802124,2848915.5584026244,582.65326,9.616172,356.06104,-0.00025722937,5.1765265,6.0,0
513,1886,243661.08255802124,2886145.5584026244,37.94774,4.9992433,356.11795,0.00014556674,5.8375955,4.0,0
3963,4926,334861.08255802124,2782645.5584026244,15.911921,0.8995007,220.20885,0.0002482038,7.555258,5.0,0
3589,8731,449011.08255802124,2793865.5584026244,1011.70953,11.743393,14.570601,-0.0021929252,4.971992,3.0,0
4182,741,209311.08255802124,2776075.5584026244,16.771788,2.0111275,353.9907,0.0005802324,6.750318,4.0,0
1245,5058,338821.08255802124,2864185.5584026244,57.247395,1.2232869,306.8244,0.00042329048,7.247731,6.0,0
196,4372,318241.08255802124,2895655.5584026244,45.282333,2.2417262,292.00775,-0.00081114983,6.641668,4.0,0
1260,555,203731.08255802124,2863735.5584026244,23.668179,2.6013272,235.75192,0.0009218645,6.4927154,4.0,0
243,7999,427051.08255802124,2894245.5584026244,56.482655,3.0501301,183.07898,0.0005952602,6.333295,4.0,0
3810,3887,303691.08255802124,2787235.5584026244,12.213839,2.4050581,276.17657,0.00016569033,6.571263,3.0,0
810,1275,225331.08255802124,2877235.5584026244,43.23354,1.2664688,167.65924,-0.0025017927,7.213029,4.0,0
4412,78,189421.08255802124,2769175.5584026244,19.8455,2.95748,255.96616,-0.001024099,6.364198,4.0,0
2253,4881,333511.08255802124,2833945.5584026244,1562.7927,21.874475,233.81924,-0.0009703231,4.313795,6.0,0
648,8959,455851.08255802124,2882095.5584026244,214.87846,23.537601,3.17798,-0.0020612504,4.2322445,6.0,0
2282,6730,388981.08255802124,2833075.5584026244,1418.522,2.18184,99.46207,-0.0013977729,6.668772,6.0,0
329,1582,234541.08255802124,2891665.5584026244,29.829313,1.9216932,242.79752,0.00023646042,6.7958426,4.0,0
1582,5560,353881.08255802124,2854075.5584026244,474.6019,26.10546,323.2897,-0.003331663,4.1145205,6.0,0
1402,5943,365371.08255802124,2859475.5584026244,363.14066,17.393612,343.85883,-0.00032537663,4.5619235,6.0,0
4441,5077,339391.08255802124,2768305.5584026244,9.76585,2.3044932,215.07349,0.00019262076,6.614024,4.0,0
1001,7755,419731.08255802124,2871505.5584026244,645.4569,7.312946,102.088196,0.0022590298,5.454327,6.0,0
338,7764,420001.08255802124,2891395.5584026244,52.644207,1.7995757,16.74986,0.0010040866,6.8615446,4.0,0
1820,6894,393901.08255802124,2846935.5584026244,943.0601,25.161724,311.6932,0.003258633,4.156755,6.0,0
792,5503,352171.08255802124,2877775.5584026244,56.51087,1.4293872,162.16719,-0.00057133567,7.091971,4.0,0
1832,2874,273301.08255802124,2846575.5584026244,345.5845,6.550096,106.724754,0.0067438935,5.565575,6.0,0
2786,3305,286231.08255802124,2817955.5584026244,507.39874,19.100435,35.730637,-0.004361598,4.4616776,6.0,0
3553,1437,230191.08255802124,2794945.5584026244,133.8671,12.849883,7.4072714,0.0005263309,4.879124,3.0,0
188,6980,396481.08255802124,2895895.5584026244,148.29623,12.680927,123.95126,0.004632848,4.892808,4.0,0
416,2895,273931.08255802124,2889055.5584026244,46.361355,0.43183812,66.665665,0.0006447898,8.28911,4.0,0
4323,7116,400561.08255802124,2771845.5584026244,12.878818,2.641558,16.53689,0.00025847118,6.4773464,4.0,0
3027,6626,385861.08255802124,2810725.5584026244,1787.2234,7.4030104,163.25958,-0.0003095839,5.4419513,6.0,0
3428,712,208441.08255802124,2798695.5584026244,75.60573,13.722651,250.07153,0.004694142,4.8109956,2.0,0
3709,5569,354151.08255802124,2790265.5584026244,731.2169,6.5313683,77.426956,0.0013081869,5.5684633,6.0,0
2515,2059,248851.08255802124,2826085.5584026244,398.59134,16.45309,269.92493,0.0041916743,4.6208825,6.0,0
662,1850,242581.08255802124,2881675.5584026244,43.59592,2.1592028,340.72144,0.00018186681,6.6792116,4.0,0
4091,5288,345721.08255802124,2778805.5584026244,8.0,0.1269139,200.42708,0.00012560024,9.513669,1.0,0
4247,3553,293671.08255802124,2774125.5584026244,4.5268226,0.8658068,140.73445,0.00080615416,7.593442,3.0,0
2959,735,209131.08255802124,2812765.5584026244,199.89215,8.982851,205.77704,0.003147015,5.2458663,6.0,0
182,7633,416071.08255802124,2896075.5584026244,57.12666,2.3371706,339.27292,-0.0004094463,6.5999284,4.0,0
3179,5278,345421.08255802124,2806165.5584026244,1537.2148,1.157922,136.05016,0.0035398018,7.3026614,6.0,0
3103,5307,346291.08255802124,2808445.5584026244,1543.7584,7.643592,31.10095,0.0005584038,5.4095993,6.0,0
1515,1792,240841.08255802124,2856085.5584026244,221.3993,22.238192,188.95543,-0.0054006404,4.295555,6.0,0
1962,3384,288601.08255802124,2842675.5584026244,651.7495,12.635186,148.46178,-0.00097517204,4.896542,6.0,0
3246,1815,241531.08255802124,2804155.5584026244,47.748154,7.7812877,7.3939433,0.00082991796,5.3915277,6.0,0
3730,4138,311221.08255802124,2789635.5584026244,330.52405,3.5801413,40.415768,-0.008729536,6.1727195,3.0,0
1895,310,196381.08255802124,2844685.5584026244,37.502712,1.2746675,283.22748,0.0019613553,7.206574,6.0,0
2643,8691,447811.08255802124,2822245.5584026244,1052.3468,22.67781,231.2753,-0.0015108235,4.2738204,3.0,0
210,5680,357481.08255802124,2895235.5584026244,53.0,0.56574064,240.91821,-0.00015133433,8.0190115,4.0,0
4504,8169,432151.08255802124,2766415.5584026244,16.625254,2.5179446,170.18687,-0.00028897155,6.525337,3.0,0
195,136,191161.08255802124,2895685.5584026244,45.86984,0.61264175,290.5581,-0.00018411528,7.939361,4.0,0
2337,1961,245911.08255802124,2831425.5584026244,423.24835,14.929261,94.70052,-0.00023287465,4.7231045,6.0,0
4091,7904,424201.08255802124,2778805.5584026244,225.44257,16.239569,251.72284,-0.0079794945,4.6346817,3.0,0
2863,7396,408961.08255802124,2815645.5584026244,1081.3651,16.545277,188.77197,-0.00070970325,4.614974,6.0,0
969,6711,388411.08255802124,2872465.5584026244,351.44235,22.755816,289.01526,0.0049331244,4.2699986,6.0,0
2067,6025,367831.08255802124,2839525.5584026244,1093.1699,25.396488,203.7093,-0.0052091475,4.146144,6.0,0
154,6857,392791.08255802124,2896915.5584026244,412.0077,21.07133,212.11612,-0.0008145056,4.3549485,4.0,0
886,5600,355081.08255802124,2874955.5584026244,84.384674,4.6503005,216.3514,0.0022468374,5.9102936,6.0,0
3132,6463,380971.08255802124,2807575.5584026244,1019.7647,35.08929,316.37662,-0.0019350012,3.7542608,6.0,0
2106,4263,314971.08255802124,2838355.5584026244,1199.5859,22.238768,106.82761,-0.00011671248,4.295526,6.0,0
79,2118,250621.08255802124,2899165.5584026244,29.0,0.10957856,283.96948,0.00047489587,9.660537,4.0,0
4078,7306,406261.08255802124,2779195.5584026244,15.830861,2.6805935,198.11154,-0.00042116427,6.462656,1.0,0
2366,6467,381091.08255802124,2830555.5584026244,1578.8618,23.134296,154.65846,-0.0036685183,4.251598,6.0,0
2904,7720,418681.08255802124,2814415.5584026244,1298.3208,17.298405,109.74817,0.004302944,4.567763,6.0,0
314,440,200281.08255802124,2892115.5584026244,28.0,1.0765779,57.360752,0.00041132022,7.3755193,4.0,0
3928,1587,234691.08255802124,2783695.5584026244,20.253586,1.1824683,93.9488,-0.00019167847,7.281678,3.0,0
516,2426,259861.08255802124,2886055.5584026244,42.309906,0.932295,62.323883,-0.00012514008,7.519442,4.0,0
3812,1155,221731.08255802124,2787175.5584026244,20.884455,1.3624333,130.95822,0.00051142747,7.1399636,3.0,0
2728,7437,410191.08255802124,2819695.5584026244,1274.2627,20.33849,18.944418,-0.0038546075,4.3936267,6.0,0
4130,6204,373201.08255802124,2777635.5584026244,14.205065,2.1830027,355.53772,-0.00033571853,6.668239,1.0,0
283,4990,336781.08255802124,2893045.5584026244,41.513676,0.5762788,67.49346,0.0013854068,8.000554,4.0,0
3974,5953,365671.08255802124,2782315.5584026244,31.128574,7.5038104,145.51012,0.0009971006,5.428273,1.0,0
2351,340,197281.08255802124,2831005.5584026244,64.92242,15.62774,97.934975,0.0033003362,4.6751385,3.0,0
2624,9011,457411.08255802124,2822815.5584026244,850.457,4.2834783,158.42638,0.0014345974,5.9927936,3.0,0
3042,8780,450481.08255802124,2810275.5584026244,983.3261,9.255907,124.25242,0.00091371324,5.21541,3.0,0
3132,8243,434371.08255802124,2807575.5584026244,1284.3859,5.8029056,89.27793,0.00048668755,5.6876383,3.0,0
1431,2811,271411.08255802124,2858605.5584026244,449.4019,20.795717,151.09651,0.0011555059,4.369364,6.0,0
2735,2433,260071.08255802124,2819485.5584026244,270.7434,8.062415,127.77013,0.0008200412,5.3555803,6.0,0
4240,6730,388981.08255802124,2774335.5584026244,13.471944,1.2288296,343.27197,-0.00049868505,7.243209,1.0,0
3965,6106,370261.08255802124,2782585.5584026244,15.224166,2.2268617,216.49825,0.00019749324,6.6483274,6.0,0
1646,2699,268051.08255802124,2852155.5584026244,319.20367,14.107696,278.2125,0.0033080124,4.782204,6.0,0
2927,4117,310591.08255802124,2813725.5584026244,768.3192,19.654257,94.08476,0.0004542032,4.430793,6.0,0
1177,1143,221371.08255802124,2866225.5584026244,53.328453,4.1347084,238.48935,-3.2920943e-05,6.02827,4.0,0
135,8361,437911.08255802124,2897485.5584026244,56.999245,2.1664643,2.7181718,0.00016544342,6.6758513,4.0,0
1888,8709,448351.08255802124,2844895.5584026244,843.40094,6.9019876,79.65186,-0.0009127809,5.5127616,6.0,0
2998,5485,351631.08255802124,2811595.5584026244,1538.662,18.683025,91.19774,-9.623205e-05,4.48546,6.0,0
2144,163,191971.08255802124,2837215.5584026244,25.056799,1.2068558,303.65268,0.00047844462,7.261258,6.0,0
680,7411,409411.08255802124,2881135.5584026244,426.07596,26.668718,128.19574,-0.0037777624,4.0898275,4.0,0
2067,1701,238111.08255802124,2839525.5584026244,468.76367,5.346686,143.0889,0.002020408,5.7700386,6.0,0
519,5990,366781.08255802124,2885965.5584026244,198.02274,11.723158,129.55228,0.00090176926,4.9737654,6.0,0
3795,677,207391.08255802124,2787685.5584026244,21.399118,2.4737198,324.86835,0.0005582831,6.54308,2.0,0
3414,8918,454621.08255802124,2799115.5584026244,975.3697,13.622585,76.761055,-0.0021284143,4.8185997,5.0,0
3459,4461,320911.08255802124,2797765.5584026244,652.8823,2.5223145,357.2727,0.00037200924,6.523601,6.0,0
195,3964,306001.08255802124,2895685.5584026244,42.723545,1.8897755,106.64722,-0.00026292165,6.8126035,4.0,0
3310,386,198661.08255802124,2802235.5584026244,42.98731,6.500008,2.291677,-0.00046003013,5.573318,2.0,0
840,5036,338161.08255802124,2876335.5584026244,57.438164,1.965597,222.26355,0.0001399623,6.773236,4.0,0
3180,1804,241201.08255802124,2806135.5584026244,72.83308,4.8640676,175.37802,0.0011130164,5.865143,6.0,0
3166,3794,300901.08255802124,2806555.5584026244,351.97903,17.548353,146.9155,0.0055729337,4.5524926,6.0,0
2812,6600,385081.08255802124,2817175.5584026244,1733.7926,2.2627437,192.32162,0.0021402994,6.632326,6.0,0
569,5441,350311.08255802124,2884465.5584026244,51.992188,3.0439303,263.54916,0.0010153463,6.3353333,4.0,0
3457,4364,318001.08255802124,2797825.5584026244,477.65125,2.7598085,346.4604,-0.0015703752,6.4334893,6.0,0
379,2460,260881.08255802124,2890165.5584026244,47.616062,1.5990548,117.58822,-0.0010172696,6.979752,4.0,0
3782,8834,452101.08255802124,2788075.5584026244,601.5809,11.494032,140.26099,0.0011775038,4.9940543,5.0,0
3730,7787,420691.08255802124,2789635.5584026244,697.92896,3.2362006,68.99294,0.00010772701,6.27396,3.0,0
1098,8417,439591.08255802124,2868595.5584026244,537.89703,1.3130345,340.75568,0.0010018074,7.1769085,4.0,0
4361,6435,380131.08255802124,2770705.5584026244,7.6888313,1.703135,91.20866,0.00041141198,6.916659,4.0,0
1527,7433,410071.08255802124,2855725.5584026244,968.2029,10.725455,153.8792,-0.00078097865,5.065027,6.0,0
2507,201,193111.08255802124,2826325.5584026244,87.708374,10.63061,73.69337,-0.0065144897,5.0741186,6.0,0
2971,4385,318631.08255802124,2812405.5584026244,1140.735,10.333781,22.20587,0.0007558188,5.10308,6.0,0
845,4857,332791.08255802124,2876185.5584026244,66.46098,16.530481,23.604128,0.0029897813,4.61592,4.0,0
3917,1481,231511.08255802124,2784025.5584026244,20.118984,1.434812,142.83278,-0.000119768774,7.0881815,3.0,0
4316,2578,264421.08255802124,2772055.5584026244,11.168653,2.1949337,102.94875,0.00059947517,6.662783,2.0,0
3671,7668,417121.08255802124,2791405.5584026244,799.1486,5.1881137,230.12637,-0.0006026375,5.800316,3.0,0
708,1770,240181.08255802124,2880295.5584026244,160.29341,9.734832,111.61124,-0.0094298255,5.1640263,4.0,0
3617,922,214741.08255802124,2793025.5584026244,37.214542,9.099895,209.854,0.0026962948,5.232703,2.0,0
2970,347,197491.08255802124,2812435.5584026244,91.23362,5.000152,299.81406,0.0036469013,5.837413,2.0,0
2060,5310,346381.08255802124,2839735.5584026244,862.7501,21.268724,312.49664,0.0028647697,4.344718,6.0,0
442,6832,392041.08255802124,2888275.5584026244,102.064926,16.96713,225.18074,-0.0037827003,4.5883017,4.0,0
3403,4933,335071.08255802124,2799445.5584026244,1078.2493,26.23542,73.182076,-0.0005054729,4.10879,6.0,0
191,503,202171.08255802124,2895805.5584026244,48.84312,2.0986495,345.8995,-0.0006212394,6.707683,4.0,0
3734,6581,384511.08255802124,2789515.5584026244,831.6631,2.4803748,178.21758,-0.0033093602,6.5403895,3.0,0
4174,5598,355021.08255802124,2776315.5584026244,13.0,1.0370952,118.43143,-0.0005860064,7.4128914,1.0,0
2846,8368,438121.08255802124,2816155.5584026244,1261.9932,6.409854,303.82123,-0.0021606784,5.587404,6.0,0
1498,3424,289801.08255802124,2856595.5584026244,426.51456,17.366102,39.81123,-0.0016540614,4.563608,4.0,0
1812,1592,234841.08255802124,2847175.5584026244,405.2373,9.389847,3.977867,0.0005617016,5.200786,6.0,0
3442,7439,410251.08255802124,2798275.5584026244,934.2159,28.60847,276.3345,-6.154424e-05,4.007416,3.0,0
1195,4663,326971.08255802124,2865685.5584026244,93.47698,15.688344,325.852,0.0028695383,4.6710687,4.0,0
1229,1699,238051.08255802124,2864665.5584026244,172.01076,4.7107534,320.01773,0.00012224424,5.89732,4.0,0
656,8575,444331.08255802124,2881855.5584026244,538.7433,21.164574,282.0304,0.0018478564,4.3501062,4.0,0
1251,3106,280261.08255802124,2864005.5584026244,156.97833,13.660422,22.752388,-2.3125554e-05,4.815718,4.0,0
1976,799,211051.08255802124,2842255.5584026244,284.7589,15.076711,81.04922,0.0004046969,4.7128124,6.0,0
2084,1475,231331.08255802124,2839015.5584026244,603.1337,1.2494259,150.36292,-0.0023523967,7.2265816,6.0,0
3114,5444,350401.08255802124,2808115.5584026244,1543.8687,15.492813,302.10745,0.004241299,4.6842513,6.0,0
473,2150,251581.08255802124,2887345.5584026244,38.731976,0.7240552,128.82722,0.0016610242,7.7722588,4.0,0
4384,5831,362011.08255802124,2770015.5584026244,9.33983,1.5846907,93.52068,-7.55575e-05,6.98878,1.0,0
834,7094,399901.08255802124,2876515.5584026244,346.60574,11.44746,303.76535,-0.0036419255,4.998225,6.0,0
3404,7690,417781.08255802124,2799415.5584026244,1033.9418,5.0551443,238.57114,-0.0031084358,5.8264184,3.0,0
4162,2899,274051.08255802124,2776675.5584026244,16.264341,2.573655,324.70004,-0.0017014127,6.5034246,3.0,0
3422,1039,218251.08255802124,2798875.5584026244,99.73002,8.851262,224.9764,0.0009642665,5.2608647,3.0,0
1481,7465,411031.08255802124,2857105.5584026244,1140.8312,15.079028,103.857666,0.0011772326,4.7126513,6.0,0
1278,6994,396901.08255802124,2863195.5584026244,845.88556,15.795565,255.57983,-0.0049311155,4.6639023,6.0,0
2395,793,210871.08255802124,2829685.5584026244,125.38558,3.734408,352.5961,0.0011548296,6.1304173,6.0,0
3654,8475,441331.08255802124,2791915.5584026244,679.7946,11.114511,108.157005,-0.0021847023,5.028518,3.0,0
3867,8533,443071.08255802124,2785525.5584026244,444.69873,17.97926,328.7989,0.00075627636,4.526607,5.0,0
1628,8879,453451.08255802124,2852695.5584026244,661.8907,4.791815,353.182,-0.0019485643,5.88018,6.0,0
4348,2199,253051.08255802124,2771095.5584026244,13.60799,0.1914131,263.21783,5.845439e-05,9.102742,4.0,0
589,4503,322171.08255802124,2883865.5584026244,45.199158,1.6217068,95.40522,-4.884084e-05,6.965678,4.0,0
2769,4067,309091.08255802124,2818465.5584026244,923.9694,9.2558365,301.7276,-0.0002781338,5.215418,6.0,0
2629,8778,450421.08255802124,2822665.5584026244,1050.5651,13.582971,149.59459,-0.0007837931,4.8216243,3.0,0
1383,1816,241561.08255802124,2860045.5584026244,207.97185,4.9520726,328.8947,-0.001945203,5.8471236,6.0,0
734,7399,409051.08255802124,2879515.5584026244,517.0372,10.982661,297.7026,-0.0017371792,5.040753,6.0,0
2729,2815,271531.08255802124,2819665.5584026244,222.24232,17.942612,156.68596,-0.0029354305,4.5287876,6.0,0
2938,8576,444361.08255802124,2813395.5584026244,1122.6132,3.677776,172.90416,-0.004042562,6.1457415,3.0,0
3932,7378,408421.08255802124,2783575.5584026244,19.522884,6.042798,65.358734,0.0013017654,5.6468396,1.0,0
2126,4972,336241.08255802124,2837755.5584026244,1667.2683,15.476684,283.57663,9.5113064e-05,4.6853456,6.0,0
2526,6594,384901.08255802124,2825755.5584026244,1765.8268,33.20191,334.00342,0.0029370792,3.825189,6.0,0
2838,3933,305071.08255802124,2816395.5584026244,714.51807,7.856919,19.36105,0.00069127406,5.381734,6.0,0
4418,5733,359071.08255802124,2768995.5584026244,14.473859,1.5952191,266.71283,-0.0009858988,6.982155,4.0,0
333,5284,345601.08255802124,2891545.5584026244,44.0,0.0,0.0,0.0,10.308952,4.0,0
4248,136,191161.08255802124,2774095.5584026244,19.571547,1.3921381,159.32076,0.00018536884,7.1183867,4.0,0
1314,8962,455941.08255802124,2862115.5584026244,583.5887,6.7746997,8.623439,0.0005958554,5.5315537,4.0,0
4105,2802,271141.08255802124,2778385.5584026244,14.467142,2.625889,20.475428,0.0006374147,6.4833045,3.0,0
1930,1976,246361.08255802124,2843635.5584026244,347.7722,16.779337,86.45987,0.0031840515,4.600102,6.0,0
3441,3905,304231.08255802124,2798305.5584026244,351.5546,2.7782433,175.95628,-0.0001359219,6.426821,6.0,0
3260,8771,450211.08255802124,2803735.5584026244,1164.3246,11.926135,348.45276,-0.0032356093,4.956102,3.0,0
481,6775,390331.08255802124,2887105.5584026244,158.95988,6.9651656,10.161485,-0.001872092,5.50356,4.0,0
1600,3243,284371.08255802124,2853535.5584026244,429.133,18.700628,355.79865,0.00054441654,4.484448,4.0,0
3717,3995,306931.08255802124,2790025.5584026244,316.01523,12.916544,18.311201,-0.0012286718,4.873771,3.0,0
1107,8635,446131.08255802124,2868325.5584026244,546.45184,13.993393,227.12454,0.0043114214,4.7906747,4.0,0
2057,4822,331741.08255802124,2839825.5584026244,1354.6895,21.181654,219.5402,0.0007444252,4.349221,6.0,0
1950,4809,331351.08255802124,2843035.5584026244,1107.0759,20.130072,17.16438,-0.002561815,4.404836,6.0,0
1173,4785,330631.08255802124,2866345.5584026244,330.68088,7.6606817,299.28534,-0.002886022,5.4073396,4.0,0
4339,2824,271801.08255802124,2771365.5584026244,12.686085,1.1426554,170.93176,-0.00061296695,7.315937,3.0,0
1379,472,201241.08255802124,2860165.5584026244,48.98834,0.42143592,63.88344,0.0002673965,8.313494,4.0,0
3809,4412,319441.08255802124,2787265.5584026244,10.606896,3.7382593,161.44179,0.0005754751,6.129384,6.0,0
2790,6200,373081.08255802124,2817835.5584026244,1726.2576,9.352089,277.77362,0.0034117296,5.2048883,6.0,0
1427,437,200191.08255802124,2858725.5584026244,45.295887,6.48474,313.7529,0.0013391952,5.5756903,4.0,0
2463,1241,224311.08255802124,2827645.5584026244,782.1814,13.009635,200.44185,0.0042051356,4.8663387,6.0,0
2043,6962,395941.08255802124,2840245.5584026244,925.85724,4.174066,37.234833,0.00175766,6.0187626,6.0,0
3594,5766,360061.08255802124,2793715.5584026244,637.3638,30.453619,237.56143,-0.0035488552,3.932302,6.0,0
2929,5287,345691.08255802124,2813665.5584026244,1574.7477,0.7805313,95.52094,-0.0010782538,7.697143,6.0,0
1845,7391,408811.08255802124,2846185.5584026244,997.3428,15.544555,305.51477,0.0015693322,4.6807485,6.0,0
3875,3733,299071.08255802124,2785285.5584026244,10.643303,3.6849356,243.5181,0.00022908935,6.143791,3.0,0
2874,4855,332731.08255802124,2815315.5584026244,1463.4607,20.553717,142.01329,5.5711716e-05,4.38215,6.0,0
3400,2982,276541.08255802124,2799535.5584026244,467.56573,27.605742,15.427107,-0.0029724883,4.049534,3.0,0
4405,2559,263851.08255802124,2769385.5584026244,16.48998,3.2162929,143.37271,-0.0018904533,6.2801437,2.0,0
2583,7057,398791.08255802124,2824045.5584026244,1410.4146,25.096003,260.04462,-0.0025729032,4.1597385,6.0,0
901,7115,400531.08255802124,2874505.5584026244,668.0239,2.0197263,200.844,-0.0065847104,6.746048,6.0,0
4189,3127,280891.08255802124,2775865.5584026244,10.677273,0.7688281,6.9445367,-0.00017844704,7.712252,3.0,0
984,851,212611.08255802124,2872015.5584026244,46.808853,4.4084444,243.77788,-0.0015034135,5.9639263,4.0,0
3844,8385,438631.08255802124,2786215.5584026244,611.70404,18.009018,145.48051,0.0015261502,4.5248394,5.0,0
3562,2079,249451.08255802124,2794675.5584026244,217.31339,8.292237,260.45215,-0.002897784,5.3270884,3.0,0
3945,1652,236641.08255802124,2783185.5584026244,17.188608,0.80019474,91.193146,0.0002665255,7.6722593,3.0,0
2851,3649,296551.08255802124,2816005.5584026244,407.29205,21.099524,141.99786,-0.0021879754,4.3534822,6.0,0
208,8795,450931.08255802124,2895295.5584026244,62.687847,1.6004425,38.80393,-0.0007832602,6.9788837,4.0,0
143,5924,364801.08255802124,2897245.5584026244,49.16047,0.7954507,161.26155,8.8511515e-06,7.6782064,6.0,0
477,2915,274531.08255802124,2887225.5584026244,46.921635,2.2965775,272.9817,0.00030983076,6.617469,4.0,0
1018,7604,415201.08255802124,2870995.5584026244,574.18256,21.997993,149.63017,-0.0020288255,4.307574,6.0,0
2750,5566,354061.08255802124,2819035.5584026244,1688.131,3.8072963,243.96431,0.0007917955,6.1110315,6.0,0
1315,7704,418201.08255802124,2862085.5584026244,726.50525,16.14108,3.531066,-0.0038452828,4.6411014,6.0,0
4332,3519,292651.08255802124,2771575.5584026244,5.748889,1.5190483,98.87434,0.00048814664,7.031106,3.0,0
3884,3601,295111.08255802124,2785015.5584026244,9.691364,3.0079381,185.56815,0.00015450967,6.3472505,3.0,0
629,6244,374401.08255802124,2882665.5584026244,274.81757,22.3057,74.011765,-0.00027710822,4.2921953,6.0,0
2166,4705,328231.08255802124,2836555.5584026244,1415.532,11.092461,226.59825,-0.0016912502,5.030555,6.0,0
3001,5670,357181.08255802124,2811505.5584026244,1594.3525,26.272673,304.8625,-0.0005059473,4.1071515,6.0,0
2417,4421,319711.08255802124,2829025.5584026244,1314.1283,4.077763,74.296715,-0.0022283257,6.0421853,6.0,0
3823,7426,409861.08255802124,2786845.5584026244,425.3196,6.885741,91.49352,0.0027180312,5.515141,3.0,0
1967,6772,390241.08255802124,2842525.5584026244,868.3308,11.977543,16.983393,-0.00033584604,4.9516735,6.0,0
2368,4568,324121.08255802124,2830495.5584026244,1391.5546,14.10508,289.9242,-0.0028916425,4.7823973,6.0,0
2621,5049,338551.08255802124,2822905.5584026244,1482.7659,4.6668944,174.61797,0.0014805094,5.9067154,6.0,0
1723,4777,330391.08255802124,2849845.5584026244,869.9417,23.157887,149.74815,-0.004918942,4.2504587,6.0,0
3515,5398,349021.08255802124,2796085.5584026244,749.46106,29.005342,62.89741,-0.003500722,3.9910104,6.0,0
2599,7872,423241.08255802124,2823565.5584026244,1342.0549,11.372349,66.960686,0.00044036866,5.0049853,6.0,0
1089,2709,268351.08255802124,2868865.5584026244,175.84773,17.061054,75.823,-0.005792512,4.5824428,4.0,0
3550,6289,375751.08255802124,2795035.5584026244,409.92377,30.363823,241.29771,-0.006234055,3.935892,6.0,0
2251,571,204211.08255802124,2834005.5584026244,44.604866,2.0267777,58.82755,-0.00038462848,6.74256,3.0,0
2163,2181,252511.08255802124,2836645.5584026244,427.90265,9.1427555,178.9291,0.0032008786,5.227924,6.0,0
3578,7842,422341.08255802124,2794195.5584026244,934.385,3.7594392,15.978171,-0.0014716424,6.1237183,3.0,0
3820,5389,348751.08255802124,2786935.5584026244,47.530987,3.4080946,73.5935,0.00084162084,6.2220907,1.0,0
1135,7190,402781.08255802124,2867485.5584026244,755.4928,9.795766,284.5219,0.00019983918,5.157664,6.0,0
4403,2623,265771.08255802124,2769445.5584026244,11.0,1.1328012,8.537174,-3.462685e-05,7.3246007,2.0,0
787,7285,405631.08255802124,2877925.5584026244,453.766,19.435385,284.92712,-0.0002554491,4.4429097,6.0,0
3263,7789,420751.08255802124,2803645.5584026244,1252.7684,4.2106843,295.2403,-0.0028781467,6.0099964,3.0,0
873,6934,395101.08255802124,2875345.5584026244,396.45483,28.81444,100.245056,-0.0005260718,3.9988837,6.0,0
3246,6225,373831.08255802124,2804155.5584026244,1410.3394,29.626139,168.01875,0.0012188037,3.9656303,6.0,0
2357,6523,382771.08255802124,2830825.5584026244,1306.1682,22.220919,208.33832,0.0061705187,4.296416,6.0,0
2402,3502,292141.08255802124,2829475.5584026244,783.358,5.5591636,60.45243,0.00042887364,5.730832,6.0,0
779,3759,299851.08255802124,2878165.5584026244,43.068096,0.7614256,101.50864,0.000776951,7.721928,4.0,0
4462,2248,254521.08255802124,2767675.5584026244,9.914007,2.3567057,183.83324,0.0008648798,6.5915956,4.0,0
183,3631,296011.08255802124,2896045.5584026244,31.0,4.27071,277.95657,0.0006729598,5.99579,4.0,0
2525,418,199621.08255802124,2825785.5584026244,91.01858,6.486949,47.099144,-0.0031396737,5.5753465,3.0,0
1957,245,194431.08255802124,2842825.5584026244,111.97905,3.3768935,41.264286,0.0025215552,6.2313094,6.0,0
2856,5918,364621.08255802124,2815855.5584026244,1715.8903,14.240561,292.89423,-0.004890917,4.7724366,6.0,0
549,3186,282661.08255802124,2885065.5584026244,48.50632,2.2163541,230.3213,0.00034264455,6.653062,4.0,0
318,1158,221821.08255802124,2891995.5584026244,28.87898,9.626572,51.445072,0.0007175673,5.175425,4.0,0
2451,9079,459451.08255802124,2828005.5584026244,715.50574,23.302658,203.26903,-0.0018344116,4.2434874,3.0,0
1585,3948,305521.08255802124,2853985.5584026244,354.14166,29.025824,119.77499,-7.995617e-05,3.9901676,6.0,0
184,4053,308671.08255802124,2896015.5584026244,42.0,0.6278385,352.77917,0.0003513368,7.914857,4.0,0
2895,1619,235651.08255802124,2814685.5584026244,464.07584,19.818434,287.43265,-2.5465095e-05,4.421778,6.0,0
1637,1111,220411.08255802124,2852425.5584026244,157.78386,5.1986246,191.93439,0.000924441,5.7982807,6.0,0
3844,604,205201.08255802124,2786215.5584026244,21.0,0.51971066,308.36475,0.00041423587,8.10388,2.0,0
2117,8242,434341.08255802124,2838025.5584026244,1019.1804,3.4076407,243.40717,7.144507e-05,6.222224,6.0,0
37,944,215401.08255802124,2900425.5584026244,35.40769,2.8226686,174.6119,-0.00083612546,6.410932,4.0,0
1925,3529,292951.08255802124,2843785.5584026244,784.06,8.548522,303.60138,-0.004851803,5.296207,6.0,0
3786,5466,351061.08255802124,2787955.5584026244,58.705994,10.757868,178.70285,0.0048724418,5.0619383,1.0,0
4087,969,216151.08255802124,2778925.5584026244,15.049995,1.804401,231.79373,0.0010589658,6.858865,4.0,0
1157,4699,328051.08255802124,2866825.5584026244,213.32036,3.2116387,60.886196,0.004149581,6.2815948,4.0,0
2353,2983,276571.08255802124,2830945.5584026244,354.86984,19.439604,293.5921,-0.00020008508,4.442675,6.0,0
2833,3620,295681.08255802124,2816545.5584026244,426.08508,17.51837,323.62762,0.0047863005,4.5543146,6.0,0
3426,2956,275761.08255802124,2798755.5584026244,283.37805,34.53608,315.1115,0.0010613586,3.7748609,3.0,0
4280,3756,299761.08255802124,2773135.5584026244,8.052893,1.6986048,296.1925,-0.00013045629,6.919324,3.0,0
302,3970,306181.08255802124,2892475.5584026244,43.220135,1.5587935,357.21494,5.0836126e-05,7.005265,4.0,0
4293,8457,440791.08255802124,2772745.5584026244,450.01935,30.47999,7.857999,0.003474647,3.931249,5.0,0
3732,8321,436711.08255802124,2789575.5584026244,774.9824,10.682733,307.96115,0.002891778,5.069113,3.0,0
416,1016,217561.08255802124,2889055.5584026244,30.14833,4.7439446,38.871,0.0013378477,5.8902664,4.0,0
2991,126,190861.08255802124,2811805.5584026244,80.94318,8.704332,16.663525,-0.0011213366,5.2778687,2.0,0
1127,7237,404191.08255802124,2867725.5584026244,795.42957,15.837864,64.79598,-0.0034512333,4.661087,6.0,0
1935,6068,369121.08255802124,2843485.5584026244,831.1987,6.740202,311.17853,0.0025656805,5.5367064,6.0,0
4465,5077,339391.08255802124,2767585.5584026244,6.702503,0.5475209,245.48532,0.0005758604,8.051748,4.0,0
882,4900,334081.08255802124,2875075.5584026244,59.85327,7.7610016,81.38782,0.0029245166,5.3941708,4.0,0
3936,1016,217561.08255802124,2783455.5584026244,25.120056,0.6861764,279.69946,-0.00056224136,7.825997,2.0,0
484,6727,388891.08255802124,2887015.5584026244,137.22302,26.030785,95.782455,0.005646373,4.117822,4.0,0
383,2214,253501.08255802124,2890045.5584026244,41.69209,2.6053026,68.108635,0.00089288707,6.491186,4.0,0
1250,2965,276031.08255802124,2864035.5584026244,83.18567,14.367379,301.7436,0.0050630528,4.763191,4.0,0
4501,7274,405301.08255802124,2766505.5584026244,15.411959,1.46448,260.74255,-0.0010090555,7.067706,4.0,0
3163,5443,350371.08255802124,2806645.5584026244,1582.4414,3.3982463,30.971498,0.0005419922,6.2249913,6.0,0
593,1703,238171.08255802124,2883745.5584026244,29.037882,0.5614637,326.3149,0.00061990845,8.026601,4.0,0
3779,1218,223621.08255802124,2788165.5584026244,21.934834,3.5820012,115.3695,0.0019481536,6.172199,3.0,0
2827,5232,344041.08255802124,2816725.5584026244,1613.0822,22.088968,191.85036,-0.006232503,4.3030095,6.0,0
1012,6249,374551.08255802124,2871175.5584026244,299.57294,6.5825434,102.68831,-0.0060874606,5.56059,6.0,0
1729,216,193561.08255802124,2849665.5584026244,25.172874,2.195194,224.99522,-0.00011997222,6.6626644,6.0,0
2951,7039,398251.08255802124,2813005.5584026244,1373.7976,36.98383,105.99282,0.008568217,3.684739,6.0,0
298,3110,280381.08255802124,2892595.5584026244,39.606525,2.3098257,318.23157,0.00023723285,6.6117105,4.0,0
3439,5627,355891.08255802124,2798365.5584026244,1237.2942,30.576982,31.777945,-0.0064404304,3.92738,1.0,0
2267,4779,330451.08255802124,2833525.5584026244,1403.7673,3.1381881,328.88876,0.0067093237,6.304778,6.0,0
533,4727,328891.08255802124,2885545.5584026244,48.90319,0.86292696,19.171928,-0.0010897573,7.596774,4.0,0
3640,3461,290911.08255802124,2792335.5584026244,397.41733,13.093576,99.922005,-0.00052122324,4.859679,6.0,0
666,5926,364861.08255802124,2881555.5584026244,271.54236,24.896765,223.69345,0.001207479,4.1688185,6.0,0
4392,2909,274351.08255802124,2769775.5584026244,9.207674,1.0848854,324.01657,0.0011971317,7.3678303,3.0,0
3050,4258,314821.08255802124,2810035.5584026244,943.38055,7.770693,350.64536,-0.004477064,5.392907,6.0,0
2877,4662,326941.08255802124,2815225.5584026244,1386.7622,3.0734746,75.60069,0.0020079548,6.325656,6.0,0
1262,252,194641.08255802124,2863675.5584026244,30.823196,2.1146314,71.551895,-0.00016485057,6.7000895,4.0,0
2056,4090,309781.08255802124,2839855.5584026244,1044.4077,14.752513,256.29,-0.0031677585,4.7355638,6.0,0
2692,350,197581.08255802124,2820775.5584026244,82.42496,9.2609625,220.93437,0.0016418563,5.2148542,6.0,0
766,5758,359821.08255802124,2878555.5584026244,80.13413,18.40652,0.15389565,0.0021141665,4.5014644,4.0,0
744,3105,280231.08255802124,2879215.5584026244,48.870598,1.207645,320.39084,1.2223965e-05,7.260604,4.0,0
3441,2112,250441.08255802124,2798305.5584026244,102.61712,8.483079,123.66145,0.004225805,5.304006,6.0,0
2395,96,189961.08255802124,2829685.5584026244,42.70134,6.5125227,179.87267,-0.0013811366,5.5713778,6.0,0
4529,8434,440101.08255802124,2765665.5584026244,41.69691,3.8146849,126.79422,-0.00044467073,6.109087,2.0,0
4450,5549,353551.08255802124,2768035.5584026244,13.66513,0.42333433,221.98509,-0.00043562468,8.308999,4.0,0
2364,2859,272851.08255802124,2830615.5584026244,410.345,8.115158,158.6574,0.0006821866,5.3489723,6.0,0
1399,6113,370471.08255802124,2859565.5584026244,411.08762,8.346493,185.39143,-0.002732154,5.320474,6.0,0
4315,1767,240091.08255802124,2772085.5584026244,10.201797,0.6456282,35.57891,0.000736141,7.8869133,4.0,0
3411,7766,420061.08255802124,2799205.5584026244,1111.7032,4.4780617,259.21375,-0.00055545376,5.948195,3.0,0
4273,2198,253021.08255802124,2773345.5584026244,12.0,0.5544338,22.843307,0.000107583204,8.039201,2.0,0
1863,8844,452401.08255802124,2845645.5584026244,760.6638,4.6519375,37.90344,0.0010801188,5.90994,6.0,0
4102,2991,276811.08255802124,2778475.5584026244,11.544989,5.499487,195.91559,0.0006861451,5.741692,3.0,0
2193,385,198631.08255802124,2835745.5584026244,30.225147,1.2029457,295.785,0.00020895482,7.264504,3.0,0
2763,3426,289861.08255802124,2818645.5584026244,415.51752,13.786475,139.30443,-0.0038905842,4.806172,6.0,0
4019,4378,318421.08255802124,2780965.5584026244,9.672665,1.8232135,295.50922,0.0005015487,6.8484864,5.0,0
2542,6138,371221.08255802124,2825275.5584026244,1744.5734,17.39123,309.29266,6.252708e-05,4.5620694,6.0,0
2834,8797,450991.08255802124,2816515.5584026244,778.8917,6.759615,301.6399,0.003927205,5.533804,3.0,0
3195,2502,262141.08255802124,2805685.5584026244,117.01847,16.944817,208.15602,0.011386454,4.589698,3.0,0
2515,181,192511.08255802124,2826085.5584026244,33.57684,0.9867085,318.37088,0.0012982496,7.462706,6.0,0
3771,495,201931.08255802124,2788405.5584026244,25.979212,1.6825286,329.3684,-0.0008502526,6.928839,2.0,0
4093,7767,420091.08255802124,2778745.5584026244,28.91585,5.2255034,54.39265,0.0016515631,5.793095,3.0,0
1504,9090,459781.08255802124,2856415.5584026244,348.9766,3.1727543,219.23918,0.0009272257,6.2938013,4.0,0
2660,1262,224941.08255802124,2821735.5584026244,895.74677,32.221096,53.60855,0.0041542724,3.8628395,6.0,0
2378,2660,266881.08255802124,2830195.5584026244,416.3668,10.03027,110.677536,-0.0016929712,5.1335278,6.0,0
1650,3001,277111.08255802124,2852035.5584026244,361.15674,10.468225,351.38647,-0.0058352575,5.089865,6.0,0
4279,4342,317341.08255802124,2773165.5584026244,9.41257,7.322058,135.75937,-0.00019777482,5.4530683,5.0,0
2800,5140,341281.08255802124,2817535.5584026244,1560.4141,20.744532,99.097115,0.0015828114,4.372058,6.0,0
2898,6236,374161.08255802124,2814595.5584026244,1810.9845,4.877587,290.86722,0.0021274483,5.862354,6.0,0
4453,4196,312961.08255802124,2767945.5584026244,8.081903,1.406628,143.74373,-4.5169145e-08,7.108028,4.0,0
3053,2881,273511.08255802124,2809945.5584026244,151.85785,45.20967,330.60687,-0.0058351792,3.3938785,6.0,0
1918,147,191491.08255802124,2843995.5584026244,29.753359,1.6843373,6.160566,-0.0013095957,6.927764,6.0,0
2687,4631,326011.08255802124,2820925.5584026244,1510.7551,2.7921917,352.3529,-0.0002386814,6.4218054,6.0,0
3761,5814,361501.08255802124,2788705.5584026244,166.14125,46.65722,35.869434,-0.007183694,3.3433173,6.0,0
339,999,217051.08255802124,2891365.5584026244,25.859512,3.2528665,270.32275,0.0009049665,6.2688127,4.0,0
2229,1237,224191.08255802124,2834665.5584026244,424.62552,15.894774,5.964712,-0.0016282569,4.65731,6.0,0
2466,1826,241861.08255802124,2827555.5584026244,625.4431,9.631872,191.18106,-0.0006877476,5.1748643,6.0,0
3560,1921,244711.08255802124,2794735.5584026244,98.5359,16.647573,31.470757,-0.005366181,4.6084514,3.0,0
2073,7827,421891.08255802124,2839345.5584026244,973.07385,7.719253,282.32367,-0.00045947608,5.3996305,6.0,0
2765,5079,339451.08255802124,2818585.5584026244,1579.0723,16.454647,28.135517,-0.0056713526,4.6207824,6.0,0
166,4680,327481.08255802124,2896555.5584026244,48.654816,0.9262559,68.164955,1.3940589e-05,7.525942,4.0,0
1091,951,215611.08255802124,2868805.5584026244,55.47735,8.670565,315.04776,0.004119369,5.2818155,4.0,0
4371,3043,278371.08255802124,2770405.5584026244,8.947132,0.33312276,62.990936,0.0002838193,8.548657,3.0,0
3677,4397,318991.08255802124,2791225.5584026244,433.41864,16.831789,264.15256,-0.005940764,4.5967946,6.0,0
3960,3303,286171.08255802124,2782735.5584026244,10.454308,1.9309614,113.212875,0.0012601276,6.7910275,3.0,0
1576,5750,359581.08255802124,2854255.5584026244,533.2518,30.596354,302.86343,-0.0034944066,3.926608,6.0,0
3657,3714,298501.08255802124,2791825.5584026244,429.72336,17.917587,168.5459,-0.003854955,4.5302787,6.0,0
4381,4509,322351.08255802124,2770105.5584026244,7.378868,1.6311846,280.8584,8.884164e-05,6.9598475,4.0,0
2855,6009,367351.08255802124,2815885.5584026244,1587.5344,21.051214,73.82588,0.0060204403,4.355995,6.0,0
1715,1294,225901.08255802124,2850085.5584026244,186.99219,2.658331,85.27875,-0.001439476,6.471008,6.0,0
3358,7676,417361.08255802124,2800795.5584026244,857.38403,22.147861,221.45042,0.00077780813,4.3000627,3.0,0
2888,8151,431611.08255802124,2814895.5584026244,1269.846,7.047355,286.89944,0.008001912,5.491711,6.0,0
508,7752,419641.08255802124,2886295.5584026244,225.38112,4.2974105,138.86215,0.0033632575,5.9895344,4.0,0
4235,2378,258421.08255802124,2774485.5584026244,10.998737,0.15654139,17.354475,0.00043058553,9.303857,2.0,0
363,3114,280501.08255802124,2890645.5584026244,27.548452,10.433255,184.11122,0.004064493,5.093287,4.0,0
470,7511,412411.08255802124,2887435.5584026244,64.17317,3.38104,353.55792,0.0002892473,6.230079,4.0,0
2618,8380,438481.08255802124,2822995.5584026244,1257.0277,10.686827,74.04735,0.001444634,5.068721,6.0,0
362,369,198151.08255802124,2890675.5584026244,30.00563,3.1224165,342.12936,-7.736951e-05,6.3098264,4.0,0
1227,2948,275521.08255802124,2864725.5584026244,91.683014,6.73176,162.12619,-0.0008633847,5.5379715,4.0,0
1376,8075,429331.08255802124,2860255.5584026244,751.25555,10.06396,6.41742,-0.006525574,5.130105,4.0,0
3348,6323,376771.08255802124,2801095.5584026244,1152.2765,25.57231,178.08812,-0.0031865432,4.1382427,6.0,0
4344,4453,320671.08255802124,2771215.5584026244,8.2333145,1.6831771,341.3613,5.7615714e-05,6.9284534,4.0,0
2560,3380,288481.08255802124,2824735.5584026244,598.6639,4.392168,264.81775,0.0011964757,5.96764,6.0,0
3045,2120,250681.08255802124,2810185.5584026244,370.2424,12.827938,129.03432,-0.0001858689,4.880892,6.0,0
4015,5679,357451.08255802124,2781085.5584026244,18.339298,0.7512138,186.61559,-0.00071138114,7.735432,6.0,0
506,9086,459661.08255802124,2886355.5584026244,65.153305,4.617386,109.58729,-0.00017129898,5.9174275,6.0,0
3116,4153,311671.08255802124,2808055.5584026244,658.04486,35.4042,133.7475,-0.0063691717,3.742599,6.0,0
1215,6086,369661.08255802124,2865085.5584026244,402.36588,14.078709,4.4712424,-0.002676773,4.784346,6.0,0
2812,476,201361.08255802124,2817175.5584026244,80.12606,11.033695,118.263504,0.0042455373,5.0360007,6.0,0
1460,7846,422461.08255802124,2857735.5584026244,953.8623,11.137418,306.36487,-0.0011978658,5.026407,6.0,0
1306,8017,427591.08255802124,2862355.5584026244,671.6796,22.127354,160.77649,0.004019012,4.301088,6.0,0
3603,8414,439501.08255802124,2793445.5584026244,767.8361,7.063232,194.38031,0.0014482965,5.489438,3.0,0
2728,6383,378571.08255802124,2819695.5584026244,1824.0193,6.9541416,217.81046,-0.002814297,5.5051594,6.0,0
483,5129,340951.08255802124,2887045.5584026244,46.486736,2.2330031,281.07394,-0.00037027147,6.6455703,4.0,0
3578,5451,350611.08255802124,2794195.5584026244,757.71967,33.60152,83.24413,0.0027009244,3.810013,1.0,0
4205,4245,314431.08255802124,2775385.5584026244,5.2752295,0.5805275,36.926506,0.00035527625,7.9932084,5.0,0
3263,7631,416011.08255802124,2803645.5584026244,1234.5447,6.52279,161.32727,-0.005260213,5.569789,3.0,0
149,1647,236491.08255802124,2897065.5584026244,34.560757,1.4817748,132.13367,0.00012626755,7.055961,4.0,0
1673,179,192451.08255802124,2851345.5584026244,30.0,0.82347333,132.97064,-0.0004819086,7.6435795,4.0,0
3971,697,207991.08255802124,2782405.5584026244,18.723356,1.9565659,357.71762,0.0006323629,6.777845,2.0,0
2026,8116,430561.08255802124,2840755.5584026244,916.27344,6.3250256,96.38438,-0.0011840143,5.6008363,6.0,0
2364,7646,416461.08255802124,2830615.5584026244,1195.5814,17.739912,220.81323,0.0016620553,4.540918,6.0,0
3589,5762,359941.08255802124,2793865.5584026244,613.34186,32.335926,151.83331,0.005038197,3.8584006,6.0,0
1625,92,189841.08255802124,2852785.5584026244,26.831297,8.239451,161.45775,-0.00097534386,5.333564,4.0,0
1857,5285,345631.08255802124,2845825.5584026244,1113.3519,25.17985,63.469154,-0.0028487486,4.1559334,6.0,0
3420,6296,375961.08255802124,2798935.5584026244,926.557,40.358437,99.46722,-0.0006971739,3.5639322,6.0,0
3801,4507,322291.08255802124,2787505.5584026244,12.829967,2.036241,31.007732,5.922609e-05,6.737898,6.0,0
4129,7217,403591.08255802124,2777665.5584026244,7.0,0.8134851,138.23645,0.00055608206,7.655785,1.0,0
2848,1732,239041.08255802124,2816095.5584026244,595.5801,17.559202,18.25686,0.0008735145,4.551834,6.0,0
417,2319,256651.08255802124,2889025.5584026244,49.00432,1.6265973,120.96174,0.00019716262,6.9626656,4.0,0
2091,8885,453631.08255802124,2838805.5584026244,792.192,14.538745,112.52132,0.0032232667,4.750816,6.0,0
4269,151,191611.08255802124,2773465.5584026244,20.245949,1.0591878,200.22781,0.00025072522,7.391808,4.0,0
50,1791,240811.08255802124,2900035.5584026244,28.0,0.0,0.0,0.0,10.308952,4.0,0
2015,399,199051.08255802124,2841085.5584026244,95.84066,8.331373,36.654392,0.000455479,5.3223133,6.0,0
380,6149,371551.08255802124,2890135.5584026244,190.57024,13.586131,272.7517,-0.006580586,4.8213825,6.0,0
550,9064,459001.08255802124,2885035.5584026244,61.340973,0.8859635,213.4974,0.00036826346,7.570424,6.0,0
1607,587,204691.08255802124,2853325.5584026244,64.66983,3.7686152,280.81796,0.00048258255,6.121273,6.0,0
1664,1583,234571.08255802124,2851615.5584026244,333.36823,7.1472187,191.04715,0.005163439,5.477495,6.0,0
2654,1751,239611.08255802124,2821915.5584026244,979.1906,13.481952,321.9346,0.00046074757,4.8293743,6.0,0
3361,4988,336721.08255802124,2800705.5584026244,1334.512,34.272465,322.65323,0.0015411377,3.7847302,6.0,0
2073,8940,455281.08255802124,2839345.5584026244,758.76953,10.402537,38.29548,-0.00075592025,5.0963016,6.0,0
1834,233,194071.08255802124,2846515.5584026244,83.21183,6.013358,343.72858,-8.083339e-05,5.6517596,6.0,0
4391,2132,251041.08255802124,2769805.5584026244,16.723215,1.2213074,167.13007,-0.0014855643,7.249351,4.0,0
2177,8170,432181.08255802124,2836225.5584026244,893.9077,3.7582562,332.74857,0.00029391825,6.124034,6.0,0
498,7500,412081.08255802124,2886595.5584026244,135.02126,18.136791,238.19333,0.0041301283,4.5172777,4.0,0
1055,5600,355081.08255802124,2869885.5584026244,330.7708,18.017889,322.6516,-0.00070777046,4.524313,6.0,0
3791,6696,387961.08255802124,2787805.5584026244,519.19653,15.112059,359.4598,-0.00960517,4.7103586,3.0,0
3611,7572,414241.08255802124,2793205.5584026244,764.16846,16.818834,113.702675,0.004700402,4.5976105,3.0,0
3986,8658,446821.08255802124,2781955.5584026244,255.86986,7.536537,112.02048,-0.0043512895,5.4238706,5.0,0
4198,5821,361711.08255802124,2775595.5584026244,13.815558,1.7395477,85.771835,0.0006436228,6.895492,1.0,0
3997,4987,336691.08255802124,2781625.5584026244,21.46896,1.4811159,152.40282,-0.001873435,7.0564055,1.0,0
2011,1916,244561.08255802124,2841205.5584026244,442.7984,16.644585,145.18243,-0.0022580721,4.6086416,6.0,0
1217,433,200071.08255802124,2865025.5584026244,31.753447,1.6942891,79.78784,-0.0009325123,6.9218698,4.0,0
2726,8165,432031.08255802124,2819755.5584026244,1280.2477,3.1906402,335.30328,0.0015655517,6.2881684,6.0,0
991,7439,410251.08255802124,2871805.5584026244,521.54926,22.771767,7.791112,-0.00071096665,4.269218,6.0,0
2568,1524,232801.08255802124,2824495.5584026244,965.2187,19.867184,227.38814,-0.003951993,4.419113,6.0,0
1405,8942,455341.08255802124,2859385.5584026244,489.19186,15.651181,216.9261,-0.0028646255,4.6735625,4.0,0
3274,8905,454231.08255802124,2803315.5584026244,866.7106,0.9617661,59.609047,-0.0005869038,7.488314,5.0,0
2859,8799,451051.08255802124,2815765.5584026244,905.3583,2.9065595,233.86401,0.0026605055,6.381596,3.0,0
4156,6395,378931.08255802124,2776855.5584026244,11.12877,0.5455105,19.408545,0.00080437656,8.055428,1.0,0
2714,1330,226981.08255802124,2820115.5584026244,939.00433,26.083391,17.395031,0.00516193,4.1154957,6.0,0
4370,1254,224701.08255802124,2770435.5584026244,15.295024,0.7224788,273.1483,-0.00025511265,7.7744384,4.0,0
2726,5744,359401.08255802124,2819755.5584026244,1676.7102,23.238142,140.07211,0.0009331256,4.24659,6.0,0
1896,1074,219301.08255802124,2844655.5584026244,262.91928,9.838567,120.0281,-0.0032840688,5.1532173,6.0,0
2695,8013,427471.08255802124,2820685.5584026244,1311.9185,19.436054,297.71387,0.0012475249,4.4428725,6.0,0
4131,503,202171.08255802124,2777605.5584026244,18.183811,0.98389477,119.38432,0.0003781398,7.4655623,4.0,0
2052,4837,332191.08255802124,2839975.5584026244,1369.9584,11.450415,294.03568,-0.0014431763,4.99796,6.0,0
844,2018,247621.08255802124,2876215.5584026244,387.44348,8.353156,190.85658,0.0013754696,5.3196645,4.0,0
1359,622,205741.08255802124,2860765.5584026244,44.559345,1.5757246,182.75577,-0.0008231163,6.994457,4.0,0
1623,489,201751.08255802124,2852845.5584026244,37.783127,3.3813806,348.6448,0.0016554366,6.2299786,6.0,0
2598,6371,378211.08255802124,2823595.5584026244,1516.0701,31.342487,330.63974,0.008608669,3.8970923,6.0,0
4018,856,212761.08255802124,2780995.5584026244,20.123896,3.2711852,223.51715,0.0008257739,6.2631845,2.0,0
799,1663,236971.08255802124,2877565.5584026244,153.78502,13.357188,305.6868,0.0022509343,4.8390203,4.0,0
1252,5290,345781.08255802124,2863975.5584026244,68.444725,1.874052,272.2687,0.000498475,6.820965,6.0,0
1477,3210,283381.08255802124,2857225.5584026244,280.4537,9.096752,45.928017,-0.0048622643,5.2330546,4.0,0
2300,5475,351331.08255802124,2832535.5584026244,1480.5922,14.838807,134.88083,0.003285726,4.729464,6.0,0
1811,2321,256711.08255802124,2847205.5584026244,249.8952,6.951701,309.01483,0.0029563482,5.505514,6.0,0
4286,8699,448051.08255802124,2772955.5584026244,177.75003,28.400587,90.69387,-0.00023840182,4.0160675,5.0,0
1945,5238,344221.08255802124,2843185.5584026244,1085.0797,13.954566,112.95413,0.0015900336,4.7935667,6.0,0
2774,5752,359641.08255802124,2818315.5584026244,1762.8508,7.6010413,267.03394,0.0008665974,5.4152484,6.0,0
1822,7000,397081.08255802124,2846875.5584026244,1148.3201,14.1542425,130.51242,0.0019408163,4.778773,6.0,0
4074,4895,333931.08255802124,2779315.5584026244,13.986654,2.3671987,299.006,1.9146319e-05,6.5871477,5.0,0
819,8368,438121.08255802124,2876965.5584026244,530.01105,14.274095,332.03827,0.0068630474,4.7699842,4.0,0
3202,3137,281191.08255802124,2805475.5584026244,304.6402,5.0147214,193.05394,-0.0023775483,5.8344884,6.0,0
1335,8106,430261.08255802124,2861485.5584026244,652.438,20.110613,239.32147,0.0047863265,4.4058876,4.0,0
3326,5414,349501.08255802124,2801755.5584026244,1162.0374,30.13048,82.3238,0.0055920747,3.9452512,6.0,0
4078,1813,241471.08255802124,2779195.5584026244,12.0,0.32547846,318.68146,0.0003090731,8.571873,2.0,0
2289,4099,310051.08255802124,2832865.5584026244,1009.73627,10.911552,155.69917,0.00022086245,5.0474095,6.0,0
2209,1673,237271.08255802124,2835265.5584026244,679.78033,4.9336557,258.99152,-0.002687632,5.850868,6.0,0
1669,7430,409981.08255802124,2851465.5584026244,1141.8281,4.755785,271.84213,-0.0005783081,5.8877625,6.0,0
4527,7802,421141.08255802124,2765725.5584026244,16.59435,0.3545251,324.08737,-0.0003556466,8.486388,3.0,0
3621,2658,266821.08255802124,2792905.5584026244,38.49979,11.156002,199.17563,0.0017650615,5.024697,6.0,0
1263,7328,406921.08255802124,2863645.5584026244,697.4303,1.7821436,88.40427,-0.0023268806,6.871285,6.0,0
2481,3483,291571.08255802124,2827105.5584026244,759.1494,6.2883673,213.38054,0.0010806782,5.606696,6.0,0
3770,5686,357661.08255802124,2788435.5584026244,409.65356,37.152622,65.60547,0.00055886956,3.678614,6.0,0
2081,5417,349591.08255802124,2839105.5584026244,1055.849,18.302013,126.11616,-0.0020055135,4.507568,6.0,0
1558,2936,275161.08255802124,2854795.5584026244,403.9581,16.119738,341.2208,-0.0029617902,4.642497,6.0,0
2167,7940,425281.08255802124,2836525.5584026244,1074.065,5.0398326,345.78745,-0.001521776,5.829468,6.0,0
835,8568,444121.08255802124,2876485.5584026244,611.2179,21.290056,121.40022,0.00034498423,4.343617,4.0,0
381,7500,412081.08255802124,2890105.5584026244,55.09573,2.6621883,179.89069,0.0007509232,6.469556,4.0,0
473,8566,444061.08255802124,2887345.5584026244,278.65424,19.032856,266.7345,-0.0023476325,4.4654975,4.0,0
1917,4620,325681.08255802124,2844025.5584026244,1106.77,23.033422,222.63528,0.0006320869,4.256479,6.0,0
3805,5981,366511.08255802124,2787385.5584026244,330.74054,4.5623946,31.250326,-0.0010706245,5.92946,6.0,0
576,7652,416641.08255802124,2884255.5584026244,83.026955,10.092162,257.91827,-0.00020248188,5.127248,4.0,0
1458,2001,247111.08255802124,2857795.5584026244,253.11957,2.6365628,130.5479,-0.0050874962,6.4792423,4.0,0
3991,1686,237661.08255802124,2781805.5584026244,14.0,0.9194385,316.6365,8.205854e-06,7.5333304,2.0,0
428,920,214681.08255802124,2888695.5584026244,30.149431,4.882321,340.30606,0.001274653,5.861379,4.0,0
4105,4363,317971.08255802124,2778385.5584026244,7.2452703,0.69536376,16.818966,0.0010154042,7.8126955,5.0,0
1931,8307,436291.08255802124,2843605.5584026244,936.4689,7.067533,17.139261,-0.0046738014,5.488823,6.0,0
2775,5825,361831.08255802124,2818285.5584026244,1747.3563,12.533941,274.815,0.0010268486,4.904852,6.0,0
2950,1465,231031.08255802124,2813035.5584026244,311.08093,15.8002,279.70862,0.0053063966,4.6635933,6.0,0
2259,5939,365251.08255802124,2833765.5584026244,1554.6381,6.93235,82.9463,0.0025472008,5.508329,6.0,0
3008,2025,247831.08255802124,2811295.5584026244,457.51846,11.73583,64.12182,-0.006032384,4.9726543,6.0,0
4238,2253,254671.08255802124,2774395.5584026244,11.414014,0.36807713,332.58157,-0.00028087085,8.4488735,2.0,0
4280,5733,359071.08255802124,2773135.5584026244,16.265282,4.0392447,349.6762,-0.0003924886,6.051708,1.0,0
2529,5291,345811.08255802124,2825665.5584026244,1815.2908,5.1008334,238.07047,-0.00034640834,5.8173738,6.0,0
833,4284,315601.08255802124,2876545.5584026244,48.312866,1.120448,18.365417,0.00019702487,7.3355684,4.0,0
1850,6162,371941.08255802124,2846035.5584026244,793.76416,7.294004,21.756657,0.0024766373,5.456949,6.0,0
3422,4475,321331.08255802124,2798875.5584026244,763.5029,7.267325,47.677887,0.00016001376,5.4606533,6.0,0
1809,4866,333061.08255802124,2847265.5584026244,821.989,3.793288,130.92262,0.0021617126,6.1147285,6.0,0
1572,1121,220711.08255802124,2854375.5584026244,146.33334,14.297924,210.53299,0.0042519164,4.768245,6.0,0
2619,2777,270391.08255802124,2822965.5584026244,274.38187,10.907549,355.73804,0.004276377,5.0477853,6.0,0
1758,4945,335431.08255802124,2848795.5584026244,734.36847,10.029585,32.590946,0.0024420507,5.1335974,6.0,0
1192,8279,435451.08255802124,2865775.5584026244,494.79562,1.9741688,288.14633,0.001592899,6.768881,4.0,0
3361,2520,262681.08255802124,2800705.5584026244,63.840126,12.729606,121.19874,0.0012123024,4.888848,3.0,0
3690,8582,444541.08255802124,2790835.5584026244,716.2203,16.187592,327.67426,0.0010564675,4.6380653,5.0,0
620,8075,429331.08255802124,2882935.5584026244,178.91154,10.555352,141.36124,-0.0006036672,5.081388,6.0,0
3405,6630,385981.08255802124,2799385.5584026244,676.53986,29.407146,104.06758,0.0005194433,3.974545,6.0,0
372,3453,290671.08255802124,2890375.5584026244,41.466244,2.975109,285.94547,0.0008507485,6.3582444,4.0,0
832,5100,340081.08255802124,2876575.5584026244,93.75914,17.429092,309.1994,0.0026947719,4.559755,4.0,0
3416,4967,336091.08255802124,2799055.5584026244,799.25323,37.598408,118.44485,-0.000949436,3.6624851,6.0,0
1359,5737,359191.08255802124,2860765.5584026244,419.61972,26.403625,349.02094,0.0033314936,4.101403,6.0,0
2074,6003,367171.08255802124,2839315.5584026244,1225.1437,16.983004,56.160667,0.006840922,4.5873094,6.0,0
2271,3373,288271.08255802124,2833405.5584026244,591.25073,21.028131,183.53142,0.00024076679,4.3571978,6.0,0
2548,5449,350551.08255802124,2825095.5584026244,1720.5535,10.131561,143.76408,0.0013224283,5.1232696,6.0,0
4026,181,192511.08255802124,2780755.5584026244,22.656939,1.8068998,5.3099623,-0.0004754379,6.85748,4.0,0
3295,8754,449701.08255802124,2802685.5584026244,1148.4869,12.999092,332.64337,1.7734128e-05,4.867178,3.0,0
3413,1010,217381.08255802124,2799145.5584026244,94.80014,18.532295,331.07483,-0.0017882474,4.4941587,3.0,0
509,2067,249091.08255802124,2886265.5584026244,46.173332,2.367958,247.51074,0.001403959,6.586827,4.0,0
1584,5534,353101.08255802124,2854015.5584026244,357.40598,17.667536,314.0031,-0.004210824,4.5452785,6.0,0
208,6679,387451.08255802124,2895295.5584026244,349.91626,28.238707,54.121082,-0.0011353218,4.022833,4.0,0
3207,2489,261751.08255802124,2805325.5584026244,257.54172,1.8433794,269.66135,0.0001607344,6.8374786,3.0,0
1508,2557,263791.08255802124,2856295.5584026244,239.07661,12.85094,6.7643275,-0.0036584514,4.879039,6.0,0
2615,8711,448411.08255802124,2823085.5584026244,1036.2257,12.902836,286.96027,0.0022262575,4.87487,3.0,0
2077,5244,344401.08255802124,2839225.5584026244,974.4842,26.278248,188.7368,-0.0008060029,4.106906,6.0,0
2066,5595,354931.08255802124,2839555.5584026244,1215.2324,6.150635,142.83154,0.0014072673,5.6290174,6.0,0
993,3220,283681.08255802124,2871745.5584026244,58.780704,0.72376585,49.82181,-0.0007196183,7.7726583,4.0,0
2808,3206,283261.08255802124,2817295.5584026244,365.42606,16.603199,281.24457,-0.004300969,4.611276,3.0,0
3164,5970,366181.08255802124,2806615.5584026244,1592.1328,1.7590619,91.906715,0.006519979,6.8843293,6.0,0
4429,6742,389341.08255802124,2768665.5584026244,11.491098,1.6493367,182.96199,-0.00035763552,6.948775,4.0,0
3577,4498,322021.08255802124,2794225.5584026244,58.74618,19.976679,344.07013,0.00080455584,4.4131474,6.0,0
804,8412,439441.08255802124,2877415.5584026244,561.64404,14.998596,347.6755,0.0028867596,4.718253,4.0,0
2698,6768,390121.08255802124,2820595.5584026244,1776.0508,1.985221,278.17957,0.00078952365,6.7632937,6.0,0
2228,7480,411481.08255802124,2834695.5584026244,1013.53876,10.79458,346.35168,-0.0031717257,5.0584493,6.0,0
394,6744,389401.08255802124,2889715.5584026244,112.462265,24.227917,79.39899,-0.00096179766,4.199697,4.0,0
1903,3533,293071.08255802124,2844445.5584026244,757.6215,10.49055,249.99323,0.0009859211,5.0876865,6.0,0
1360,8285,435631.08255802124,2860735.5584026244,708.73846,22.756428,337.77625,0.0006599767,4.2699685,6.0,0
3919,4879,333451.08255802124,2783965.5584026244,13.771676,0.82150406,5.3751855,0.0005715905,7.645974,6.0,0
3270,3544,293401.08255802124,2803435.5584026244,298.31802,32.05117,189.58879,-0.0013466725,3.8694236,6.0,0
79,244,194401.08255802124,2899165.5584026244,49.014,0.6965259,337.7311,-6.6110806e-06,7.8110256,4.0,0
2296,3083,279571.08255802124,2832655.5584026244,383.40393,5.408516,313.65024,0.0010897066,5.7584734,6.0,0
1040,4004,307201.08255802124,2870335.5584026244,59.0,0.5688034,22.190979,-0.00082204817,8.013612,4.0,0
3529,1839,242251.08255802124,2795665.5584026244,34.27329,3.7405465,276.74658,0.003481456,6.128771,3.0,0
2775,728,208921.08255802124,2818285.5584026244,111.008255,10.503795,62.504444,0.0042801816,5.086396,6.0,0
1522,4616,325561.08255802124,2855875.5584026244,602.17944,12.721531,64.118256,0.0012915888,4.889504,6.0,0
3044,2503,262171.08255802124,2810215.5584026244,373.36423,15.522675,151.07976,0.0016675567,4.6822286,3.0,0
552,246,194461.08255802124,2884975.5584026244,28.997242,1.938522,331.90073,0.00045988825,6.787117,4.0,0
3838,6616,385561.08255802124,2786395.5584026244,357.8155,25.345898,90.95634,0.0017802516,4.148424,3.0,0
1913,8365,438031.08255802124,2844145.5584026244,882.82,5.8279333,230.38849,0.0017103238,5.683305,6.0,0
2548,6980,396481.08255802124,2825095.5584026244,1560.718,12.940873,325.94214,-0.00047281882,4.871824,6.0,0
2574,3801,301111.08255802124,2824315.5584026244,793.6759,18.130627,143.24648,-0.002785899,4.5176415,6.0,0
3584,2574,264301.08255802124,2794015.5584026244,91.91273,13.995153,222.35602,0.007119067,4.790544,6.0,0
2654,6675,387331.08255802124,2821915.5584026244,1797.126,1.5768515,219.0743,-0.0010294258,6.9937415,6.0,0
4072,5189,342751.08255802124,2779375.5584026244,11.002112,1.008432,119.47391,-0.00042653986,7.440924,1.0,0
1360,3491,291811.08255802124,2860735.5584026244,333.03506,17.633331,93.26868,-0.002005183,4.5473447,4.0,0
4513,7812,421441.08255802124,2766145.5584026244,13.656184,1.6417705,295.92828,7.934384e-05,6.9533753,3.0,0
191,8484,441601.08255802124,2895805.5584026244,59.812138,0.94614965,309.01196,-0.00043694177,7.5046883,4.0,0
2318,856,212761.08255802124,2831995.5584026244,405.91867,7.8295317,228.6033,0.002113088,5.38527,6.0,0
3547,3211,283411.08255802124,2795125.5584026244,616.7325,23.959545,166.7683,-0.0012958611,4.212266,3.0,0
2167,5302,346141.08255802124,2836525.5584026244,1231.2373,17.268255,311.0953,-0.0041889446,4.5696177,6.0,0
2494,6561,383911.08255802124,2826715.5584026244,1732.2961,3.1183834,247.40323,-0.000921529,6.3111215,6.0,0
2188,5116,340561.08255802124,2835895.5584026244,1332.5792,21.513489,148.33748,0.0032736885,4.332139,6.0,0
2405,4118,310621.08255802124,2829385.5584026244,1111.3733,2.77859,304.61737,-0.003724433,6.4266963,6.0,0
3370,88,189721.08255802124,2800435.5584026244,41.536552,7.720142,56.935097,0.0010280682,5.399514,2.0,0
2985,1140,221281.08255802124,2811985.5584026244,142.93747,9.563196,58.48944,0.003235728,5.182155,6.0,0
4236,3153,281671.08255802124,2774455.5584026244,7.0,0.38604668,25.943607,0.00026959286,8.401206,3.0,0
2810,4448,320521.08255802124,2817235.5584026244,1101.8126,27.045444,166.25818,0.0087154135,4.073513,6.0,0
3988,5968,366121.08255802124,2781895.5584026244,17.00506,0.8683186,346.0414,0.00052241643,7.590544,1.0,0
3106,1025,217831.08255802124,2808355.5584026244,70.88236,3.0501933,338.06848,0.0033000521,6.333274,6.0,0
1488,6046,368461.08255802124,2856895.5584026244,549.25476,14.928212,66.24591,-0.003740624,4.723178,6.0,0
3732,1733,239071.08255802124,2789575.5584026244,135.27132,17.933363,42.317276,-0.00028476716,4.5293384,3.0,0
1668,5337,347191.08255802124,2851495.5584026244,571.211,22.40929,161.5438,0.0031723191,4.287056,6.0,0
3083,734,209101.08255802124,2809045.5584026244,93.781654,12.837046,100.6645,-0.0017277017,4.880158,6.0,0
2305,5155,341731.08255802124,2832385.5584026244,1540.6064,10.451686,284.317,-0.0119710285,5.091482,6.0,0
2373,7477,411391.08255802124,2830345.5584026244,963.25916,15.840924,171.52223,-0.0012275863,4.6608834,6.0,0
2576,5343,347371.08255802124,2824255.5584026244,1825.7637,6.91921,33.458817,-0.0015332032,5.510245,6.0,0
2074,4467,321091.08255802124,2839315.5584026244,1217.6603,19.499685,336.6197,-0.00090467656,4.439338,6.0,0
1567,7501,412111.08255802124,2854525.5584026244,778.72833,1.3453925,190.40318,0.00030776975,7.1525545,6.0,0
2083,128,190921.08255802124,2839045.5584026244,25.753838,0.59378225,142.92853,-0.00022041322,7.970631,6.0,0
461,5532,353041.08255802124,2887705.5584026244,50.98199,0.895559,15.977687,-0.0004946465,7.55965,4.0,0
42,1960,245881.08255802124,2900275.5584026244,28.0,0.0,0.0,0.034854583,10.308952,4.0,0
569,7851,422611.08255802124,2884465.5584026244,234.17639,11.106524,89.0933,-0.0032183202,5.0292554,4.0,0
1693,6548,383521.08255802124,2850745.5584026244,736.1106,13.215734,290.60568,-0.003935903,4.8500586,6.0,0
1551,6351,377611.08255802124,2855005.5584026244,650.61383,23.866287,214.35408,-0.0015952557,4.2166586,6.0,0
4483,5856,362761.08255802124,2767045.5584026244,11.7453575,1.877779,254.6925,0.0006427741,6.8189764,4.0,0
579,8289,435751.08255802124,2884165.5584026244,211.34938,16.14093,137.16306,-0.0001603954,4.641111,4.0,0
4222,7951,425611.08255802124,2774875.5584026244,62.42922,23.320795,86.938736,-1.4441894e-05,4.242616,3.0,0
2088,8879,453451.08255802124,2838895.5584026244,827.2962,3.8779297,36.61113,-0.005325131,6.092594,6.0,0
1899,5899,364051.08255802124,2844565.5584026244,756.2379,12.374383,214.64624,0.0049009025,4.918076,6.0,0
2790,5272,345241.08255802124,2817835.5584026244,1637.5292,2.9490616,334.79385,0.0011925593,6.3670535,6.0,0
294,4327,316891.08255802124,2892715.5584026244,44.155884,1.1407106,81.664635,0.0004434723,7.317641,4.0,0
2440,8302,436141.08255802124,2828335.5584026244,1106.9231,1.1240245,262.14044,0.00091844343,7.3323803,6.0,0
718,9093,459871.08255802124,2879995.5584026244,67.433,2.668329,341.91507,0.031700406,6.4672484,4.0,0
734,7729,418951.08255802124,2879515.5584026244,298.99762,21.838093,61.814247,0.00012282457,4.315633,6.0,0
1398,6314,376501.08255802124,2859595.5584026244,643.9631,9.950201,101.60541,0.0019712322,5.1417074,6.0,0
342,6380,378481.08255802124,2891275.5584026244,56.458107,0.9682668,22.044605,3.2965181e-06,7.481577,4.0,0
1073,2168,252121.08255802124,2869345.5584026244,58.134144,2.593933,104.40289,0.0008336195,6.4955654,4.0,0
295,8891,453811.08255802124,2892685.5584026244,63.029354,1.4121082,288.5734,-0.0010986264,7.104138,6.0,0
1244,3518,292621.08255802124,2864215.5584026244,251.38098,23.96679,166.11566,0.0014680561,4.2119255,4.0,0
3466,6283,375571.08255802124,2797555.5584026244,1087.6945,37.765842,243.56732,-0.0005428061,3.6564445,6.0,0
2239,7983,426571.08255802124,2834365.5584026244,1135.0905,9.883481,174.52135,-5.615235e-05,5.1485715,6.0,0
3803,4265,315031.08255802124,2787445.5584026244,8.229376,1.3307713,38.948177,0.0011430761,7.163486,6.0,0
3451,6638,386221.08255802124,2798005.5584026244,623.8704,24.411575,1.2650844,-0.0027791513,4.191156,6.0,0
4208,6212,373441.08255802124,2775295.5584026244,12.689688,1.7602085,337.30707,-5.2187534e-07,6.8836775,1.0,0
3960,6128,370921.08255802124,2782735.5584026244,20.736872,4.575866,58.125446,-0.0002548997,5.926499,6.0,0
4306,6090,369781.08255802124,2772355.5584026244,11.166923,0.18297105,199.65942,0.0002644785,9.147848,1.0,0
3468,3616,295561.08255802124,2797495.5584026244,396.87408,8.115175,140.68936,-0.00044804046,5.3489704,6.0,0
398,1952,245641.08255802124,2889595.5584026244,26.249638,5.551769,243.70947,0.0021278863,5.7321715,4.0,0
1904,2147,251491.08255802124,2844415.5584026244,287.17453,9.236062,13.930881,-0.0022585464,5.217594,6.0,0
1292,7042,398341.08255802124,2862775.5584026244,874.861,18.844633,72.86763,-0.0028637187,4.4761987,6.0,0
3296,3818,301621.08255802124,2802655.5584026244,280.39227,11.053102,153.28598,-0.0035660383,5.034199,6.0,0
388,6766,390061.08255802124,2889895.5584026244,93.26688,12.743038,287.62836,0.0056525823,4.887758,4.0,0
1341,2524,262801.08255802124,2861305.5584026244,263.39886,17.181505,51.647175,0.0021568302,4.5749707,4.0,0
4271,2603,265171.08255802124,2773405.5584026244,15.155705,1.2116578,123.85539,-0.00022471641,7.257286,2.0,0
1535,545,203431.08255802124,2855485.5584026244,80.97166,10.907429,295.18076,-0.0031951289,5.0477967,6.0,0
4124,5492,351841.08255802124,2777815.5584026244,13.594546,0.7720395,345.00153,-0.0001717782,7.7080836,1.0,0
2399,7430,409981.08255802124,2829565.5584026244,1052.639,6.510041,76.4742,-0.002087572,5.571762,6.0,0
2397,1257,224791.08255802124,2829625.5584026244,440.2694,3.522722,300.9786,0.008200802,6.188929,6.0,0
2760,8415,439531.08255802124,2818735.5584026244,1184.7207,36.00895,298.9755,-0.0044350857,3.7203271,6.0,0
572,6635,386131.08255802124,2884375.5584026244,234.03749,32.94214,295.4611,0.002354813,3.835104,4.0,0
1536,1002,217141.08255802124,2855455.5584026244,93.40769,6.3735943,95.78851,0.0016712061,5.593124,6.0,0
2333,5954,365701.08255802124,2831545.5584026244,1628.7517,14.096351,146.8533,-0.0016462537,4.783042,6.0,0
3949,2691,267811.08255802124,2783065.5584026244,17.004976,2.0012734,313.67737,0.00083757984,6.755234,3.0,0
187,6962,395941.08255802124,2895925.5584026244,153.92775,16.162682,176.71838,0.0057256147,4.6396904,4.0,0
3324,1532,233041.08255802124,2801815.5584026244,232.96107,10.827982,336.86212,-0.0013807255,5.0552855,3.0,0
3425,1751,239611.08255802124,2798785.5584026244,166.79446,25.108477,236.7876,-0.004016537,4.159172,3.0,0
4019,2413,259471.08255802124,2780965.5584026244,12.408517,1.9078288,306.0366,0.00034633692,6.8030887,3.0,0
3186,5033,338071.08255802124,2805955.5584026244,1420.6846,29.994047,337.78836,-0.0010639785,3.9507434,6.0,0
3111,8079,429451.08255802124,2808205.5584026244,1311.6993,4.1594596,311.5234,-0.0030775282,6.02228,3.0,0
4118,1581,234511.08255802124,2777995.5584026244,12.492745,1.2161796,176.50995,-0.0007305908,7.2535596,2.0,0
3892,2681,267511.08255802124,2784775.5584026244,22.435604,1.3133653,60.263657,0.0013002739,7.1766562,3.0,0
4440,3558,293821.08255802124,2768335.5584026244,8.214851,1.4016598,84.66006,-0.00016256927,7.1115675,4.0,0
2551,5918,364621.08255802124,2825005.5584026244,1741.8108,11.045723,154.26677,0.00075910764,5.034884,6.0,0
4240,7439,410251.08255802124,2774335.5584026244,14.965043,0.5253323,352.0273,0.00010374098,8.093121,3.0,0
3415,7523,412771.08255802124,2799085.5584026244,1143.5543,10.046122,35.898483,-0.0019296265,5.1319156,3.0,0
3892,4893,333871.08255802124,2784775.5584026244,18.43538,3.0898793,330.66394,0.00016697572,6.3203225,6.0,0
3893,4727,328891.08255802124,2784745.5584026244,11.658958,2.0368636,160.85878,9.815401e-05,6.7375917,6.0,0
3030,8253,434671.08255802124,2810635.5584026244,1266.7661,2.4358447,198.36,-0.0012412856,6.558528,3.0,0
3083,8445,440431.08255802124,2809045.5584026244,1195.1833,10.230829,343.67584,0.00024624285,5.113311,3.0,0
625,2232,254041.08255802124,2882785.5584026244,134.85329,22.689482,332.31464,-0.0014349574,4.2732477,4.0,0
1494,6368,378121.08255802124,2856715.5584026244,600.8172,15.3237915,278.59277,0.004213477,4.6957684,6.0,0
3399,7275,405331.08255802124,2799565.5584026244,559.84094,40.923317,328.34146,-0.0013473516,3.5439832,3.0,0
4321,1808,241321.08255802124,2771905.5584026244,12.004671,0.8364469,333.63116,0.00022040604,7.6279454,4.0,0
2501,2852,272641.08255802124,2826505.5584026244,359.8445,4.4010954,97.45449,-0.0012456343,5.9656014,6.0,0
3060,8723,448771.08255802124,2809735.5584026244,1060.2214,19.40692,63.476826,0.0043309527,4.4444942,3.0,0
4078,5099,340051.08255802124,2779195.5584026244,17.840218,0.85102993,330.8952,-0.0006644938,7.6106586,1.0,0
1836,922,214741.08255802124,2846455.5584026244,315.3743,7.705412,358.52353,-0.0037062326,5.4014473,6.0,0
4294,778,210421.08255802124,2772715.5584026244,16.0,0.04181259,357.5783,0.00030233647,10.308952,4.0,0
277,4379,318451.08255802124,2893225.5584026244,48.85008,1.8080571,54.86266,-0.0008312671,6.8568397,4.0,0
3445,5783,360571.08255802124,2798185.5584026244,627.14276,17.726118,115.9942,0.0016855872,4.5417476,6.0,0
2160,5248,344521.08255802124,2836735.5584026244,1226.9437,10.493692,300.63376,0.004123637,5.0873804,6.0,0
402,3125,280831.08255802124,2889475.5584026244,38.009953,2.5518143,171.95622,0.0009947289,6.511958,4.0,0
3660,3939,305251.08255802124,2791735.5584026244,389.4143,11.632206,182.03842,-0.0008167861,4.981774,3.0,0
3827,3445,290431.08255802124,2786725.5584026244,235.18614,30.942812,358.83878,0.0065286634,3.9128518,3.0,0
3886,708,208321.08255802124,2784955.5584026244,24.370447,2.0660365,260.01318,-0.0009399446,6.723359,2.0,0
3355,2229,253951.08255802124,2800885.5584026244,114.773346,8.674022,54.28028,0.001025289,5.281411,6.0,0
650,7981,426511.08255802124,2882035.5584026244,64.99619,2.6856475,135.72661,0.00023764507,6.4607697,6.0,0
245,4218,313621.08255802124,2894185.5584026244,42.11377,0.7726236,60.70575,0.0005534468,7.707327,4.0,0
2878,4086,309661.08255802124,2815195.5584026244,862.37994,10.020796,67.33256,0.0003789098,5.1344924,6.0,0
2609,2491,261811.08255802124,2823265.5584026244,250.75949,1.1173689,45.713432,0.00071165717,7.3383207,6.0,0
2771,1281,225511.08255802124,2818405.5584026244,340.00897,5.745595,17.05299,0.0017986128,5.697631,6.0,0
1373,355,197731.08255802124,2860345.5584026244,29.0,0.813898,78.35322,-0.00010133319,7.6552773,4.0,0
4293,5834,362101.08255802124,2772745.5584026244,9.691399,1.4815499,235.7995,0.0006432607,7.056113,1.0,0
4185,3373,288271.08255802124,2775985.5584026244,10.129097,1.7127926,153.78464,-0.00044625334,6.911001,3.0,0
1101,3751,299611.08255802124,2868505.5584026244,65.55596,4.1194844,169.27266,-0.0011497327,6.031971,4.0,0
825,4626,325861.08255802124,2876785.5584026244,45.518135,1.057389,144.55482,0.00017642128,7.393508,4.0,0
2268,5255,344731.08255802124,2833495.5584026244,1419.4203,11.504513,153.76299,0.0031732859,4.9931183,6.0,0
1744,9039,458251.08255802124,2849215.5584026244,644.31586,8.390105,320.9057,-0.0049839444,5.3151875,6.0,0
2749,966,216061.08255802124,2819065.5584026244,109.2647,4.5872045,160.22435,0.004444571,5.9240136,6.0,0
4021,84,189601.08255802124,2780905.5584026244,22.749372,3.3869076,300.51242,-0.0004071601,6.2283416,4.0,0
4103,2120,250681.08255802124,2778445.5584026244,14.463655,2.5634737,7.9669876,-0.00097223546,6.5073934,2.0,0
4299,1461,230911.08255802124,2772565.5584026244,13.377953,0.92633027,2.673299,0.0003106533,7.5258617,4.0,0
2416,5880,363481.08255802124,2829055.5584026244,1645.8364,2.5992262,206.21107,0.0029414538,6.493524,6.0,0
1733,5733,359071.08255802124,2849545.5584026244,747.3763,13.757314,357.29645,-0.0037017483,4.8083735,6.0,0
2888,6813,391471.08255802124,2814895.5584026244,1137.4053,35.414883,84.73227,0.0036135186,3.7422042,6.0,0
4431,686,207661.08255802124,2768605.5584026244,22.142048,0.66461027,211.63571,-0.0012071164,7.857934,4.0,0
1762,2355,257731.08255802124,2848675.5584026244,219.6561,4.8914237,76.59711,-0.0052504134,5.859507,6.0,0
1051,4861,332911.08255802124,2870005.5584026244,247.71764,26.062527,337.86578,0.0016211441,4.116418,4.0,0
832,3492,291841.08255802124,2876575.5584026244,54.457123,3.293701,34.00716,0.00077793445,6.25631,4.0,0
2333,5153,341671.08255802124,2831545.5584026244,1627.5917,16.789438,250.10307,-0.0017454358,4.5994644,6.0,0
769,5865,363031.08255802124,2878465.5584026244,268.1488,5.143277,167.51805,-0.0022904628,5.809043,6.0,0
1875,2763,269971.08255802124,2845285.5584026244,287.1695,9.444386,185.21005,0.0006436919,5.194889,6.0,0
490,2847,272491.08255802124,2886835.5584026244,46.095802,3.492145,216.76337,0.00048220003,6.197669,4.0,0
3396,3426,289861.08255802124,2799655.5584026244,590.03986,12.288274,80.88499,0.0018939378,4.9252796,6.0,0
696,2713,268471.08255802124,2880655.5584026244,50.195683,0.3568746,60.15815,-2.350066e-05,8.479782,4.0,0
3332,4019,307651.08255802124,2801575.5584026244,332.9588,36.518417,248.34555,3.974908e-05,3.7016828,6.0,0
2562,2492,261841.08255802124,2824675.5584026244,276.22803,2.981185,121.26115,0.0012955221,6.3562007,6.0,0
174,8814,451501.08255802124,2896315.5584026244,63.77312,3.003162,245.49365,-0.0009822878,6.348842,4.0,0
1483,7215,403531.08255802124,2857045.5584026244,787.67865,8.379026,275.75696,0.0053717885,5.316528,6.0,0
1481,690,207781.08255802124,2857105.5584026244,96.94938,5.154827,291.82617,0.0004091093,5.8067875,6.0,0
1836,3057,278791.08255802124,2846455.5584026244,341.75375,9.457089,53.86245,0.0022351244,5.19352,6.0,0
4009,1911,244411.08255802124,2781265.5584026244,14.514723,3.6816862,275.52536,0.0008227881,6.1446757,2.0,0
1854,8889,453751.08255802124,2845915.5584026244,683.2946,23.666159,59.27703,0.0021423001,4.226129,6.0,0
2027,4796,330961.08255802124,2840725.5584026244,1266.9773,17.89412,301.24448,-0.003621216,4.5316787,6.0,0
2297,8628,445921.08255802124,2832625.5584026244,1013.63153,0.9960595,66.46775,-0.0015162828,7.453272,6.0,0
3129,851,212611.08255802124,2807665.5584026244,77.77998,19.26757,201.85059,0.0004954644,4.452278,6.0,0
3879,8642,446341.08255802124,2785165.5584026244,462.7649,10.212567,60.945473,0.00085894257,5.115136,5.0,0
670,5250,344581.08255802124,2881435.5584026244,47.0,1.3206006,281.68195,0.0007686477,7.1711607,4.0,0
4082,1866,243061.08255802124,2779075.5584026244,16.06957,0.15250166,105.88577,0.00058015453,9.330002,2.0,0
3628,720,208681.08255802124,2792695.5584026244,40.890923,2.2574785,241.3869,-0.0007077641,6.6346583,2.0,0
4051,1305,226231.08255802124,2780005.5584026244,20.16648,1.6387062,147.87833,-0.00078514684,6.9552445,2.0,0
3492,6101,370111.08255802124,2796775.5584026244,1389.4033,10.943709,25.612694,0.003006592,5.044394,6.0,0
2926,4560,323881.08255802124,2813755.5584026244,1288.5325,21.65921,36.411484,-0.004262288,4.324704,6.0,0
1159,5939,365251.08255802124,2866765.5584026244,434.27823,28.184126,38.13252,0.0015903217,4.02512,6.0,0
1967,4958,335821.08255802124,2842525.5584026244,1244.509,11.289834,214.85703,-0.0033435398,5.0124607,6.0,0
2311,4948,335521.08255802124,2832205.5584026244,1472.6625,7.833074,283.581,0.0029450483,5.384812,6.0,0
3178,5981,366511.08255802124,2806195.5584026244,1587.9073,4.7408257,287.36057,0.003430786,5.8909273,6.0,0
4499,4943,335371.08255802124,2766565.5584026244,9.431128,1.3691798,225.01648,-0.0001085541,7.135022,4.0,0
1388,7918,424621.08255802124,2859895.5584026244,771.1558,12.942668,284.7497,0.0041663107,4.8716803,6.0,0
2246,750,209581.08255802124,2834155.5584026244,370.81906,4.5553274,76.11605,0.0005029212,5.931017,6.0,0
3434,8274,435301.08255802124,2798515.5584026244,1040.7911,17.643127,167.32707,-0.0026115926,4.5467525,3.0,0
1672,8377,438391.08255802124,2851375.5584026244,844.7493,13.461718,110.96148,-0.0020695494,4.830933,6.0,0
4436,673,207271.08255802124,2768455.5584026244,18.088125,1.2889602,178.95677,-0.00022017054,7.19542,4.0,0
2264,5420,349681.08255802124,2833615.5584026244,1465.0411,12.236454,44.848537,-0.0007249619,4.9296374,6.0,0
2360,6337,377191.08255802124,2830735.5584026244,1651.7836,1.1618204,235.20871,0.00062150747,7.2992992,6.0,0
596,2981,276511.08255802124,2883655.5584026244,40.0,0.18915826,210.87038,0.00047112996,9.114592,4.0,0
3923,1697,237991.08255802124,2783845.5584026244,16.777327,1.3306329,92.59957,0.0010205549,7.16359,3.0,0
2125,5469,351151.08255802124,2837785.5584026244,1137.357,17.131355,203.99413,0.0030762735,4.578076,6.0,0
1271,6001,367111.08255802124,2863405.5584026244,543.6545,20.854717,86.993195,-0.005413106,4.366265,6.0,0
2656,6790,390781.08255802124,2821855.5584026244,1780.015,6.455197,159.8193,-0.0011938815,5.580295,6.0,0
1119,8696,447961.08255802124,2867965.5584026244,451.74274,7.045999,260.59225,-0.002210422,5.4919057,4.0,0
2313,8801,451111.08255802124,2832145.5584026244,888.1116,3.243416,346.5761,-0.0016999308,6.2717285,3.0,0
4245,6215,373531.08255802124,2774185.5584026244,11.033438,0.4858195,2.3291512,-0.0002090536,8.171319,1.0,0
3541,2930,274981.08255802124,2795305.5584026244,121.20135,13.352349,54.049976,0.0005970678,4.839396,3.0,0
593,6810,391381.08255802124,2883745.5584026244,59.8118,1.109501,202.86636,0.00021002872,7.345389,4.0,0
3366,7736,419161.08255802124,2800555.5584026244,1078.3229,15.447846,174.45268,-0.00079637335,4.6873045,3.0,0
4436,3082,279541.08255802124,2768455.5584026244,13.090317,2.9944787,294.31158,-0.00074323814,6.351743,3.0,0
1419,1759,239851.08255802124,2858965.5584026244,92.58187,11.567413,63.172623,0.0041495576,4.9875154,6.0,0
3592,4319,316651.08255802124,2793775.5584026244,199.01994,2.0605195,318.59665,0.0028690845,6.726035,6.0,0
3951,7235,404131.08255802124,2783005.5584026244,12.411634,1.2008985,316.84946,-0.0006364391,7.2662077,1.0,0
4077,6428,379921.08255802124,2779225.5584026244,9.62999,0.5045309,62.82986,0.00056507904,8.133525,1.0,0
1202,5767,360091.08255802124,2865475.5584026244,442.5064,11.596847,338.14172,-0.002606786,4.9849033,6.0,0
4351,8147,431491.08255802124,2771005.5584026244,19.445587,1.4613376,343.31406,0.00012618385,7.069855,3.0,0
2230,6303,376171.08255802124,2834635.5584026244,1224.9019,14.2101755,302.11353,-0.002116428,4.774663,6.0,0
211,9057,458791.08255802124,2895205.5584026244,63.032692,0.4220897,289.8589,-0.0004939492,8.311944,6.0,0
1799,4907,334291.08255802124,2847565.5584026244,819.92694,9.332298,66.261215,-0.0011436972,5.2070446,6.0,0
3439,173,192271.08255802124,2798365.5584026244,29.381514,0.72154784,56.397903,0.00038861905,7.775728,2.0,0
2159,8488,441721.08255802124,2836765.5584026244,837.8303,2.6300607,246.8359,0.0029808553,6.4817147,6.0,0
274,5518,352621.08255802124,2893315.5584026244,47.18645,4.4459796,116.508736,-0.00073634466,5.9554143,4.0,0
2049,7027,397891.08255802124,2840065.5584026244,953.47345,8.706166,264.37146,0.004106852,5.2776546,6.0,0
1953,6276,375361.08255802124,2842945.5584026244,920.0619,12.104667,194.82939,-0.00033338752,4.9407983,6.0,0
1885,2772,270241.08255802124,2844985.5584026244,327.63812,12.633401,64.40078,-0.0032021925,4.896688,6.0,0
493,7832,422041.08255802124,2886745.5584026244,309.3511,20.483484,129.57524,-0.00023243384,4.3858843,4.0,0
1070,5581,354511.08255802124,2869435.5584026244,172.61967,20.63985,20.42194,0.003132523,4.3775854,6.0,0
1402,4023,307771.08255802124,2859475.5584026244,216.70386,32.57523,5.9750643,0.00023626536,3.8491771,4.0,0
2479,3258,284821.08255802124,2827165.5584026244,606.0063,13.285152,61.32119,-0.0037765503,4.844628,6.0,0
2582,5945,365431.08255802124,2824075.5584026244,1696.7288,20.952429,56.217476,-0.0022709486,4.3611484,6.0,0
4424,2595,264931.08255802124,2768815.5584026244,15.761296,1.6438915,299.93954,-0.0016803585,6.9520836,2.0,0
704,6859,392851.08255802124,2880415.5584026244,216.87502,18.647015,12.240481,0.0010634951,4.4875326,4.0,0
3693,4035,308131.08255802124,2790745.5584026244,395.83423,3.5763881,203.5675,0.0004975976,6.173771,3.0,0
1652,6207,373291.08255802124,2851975.5584026244,680.51654,4.923862,125.43543,0.0005602349,5.852865,6.0,0
196,7444,410401.08255802124,2895655.5584026244,53.67312,2.178331,213.68683,0.0005637773,6.6703835,4.0,0
289,7250,404581.08255802124,2892865.5584026244,116.941475,2.9077516,125.3578,-6.106694e-05,6.381185,4.0,0
2934,1317,226591.08255802124,2813515.5584026244,181.95134,16.133116,115.92351,-0.00064851955,4.641622,6.0,0
2404,5222,343741.08255802124,2829415.5584026244,1694.1168,3.208541,209.94272,-0.0029097833,6.282562,6.0,0
3537,3408,289321.08255802124,2795425.5584026244,657.6316,4.4625015,68.96528,0.00035590274,5.9516897,6.0,0
3376,6505,382231.08255802124,2800255.5584026244,647.3525,36.81749,184.05403,0.0018494672,3.6907856,6.0,0
3153,7123,400771.08255802124,2806945.5584026244,860.3675,27.556538,93.979126,0.003534902,4.051626,6.0,0
1595,8641,446311.08255802124,2853685.5584026244,686.12854,10.073094,76.56715,0.00048721314,5.1291785,6.0,0
2372,6755,389731.08255802124,2830375.5584026244,1448.1226,4.4634895,196.54759,0.0010248821,5.9514675,6.0,0
4444,6520,382681.08255802124,2768215.5584026244,12.0,0.35717767,18.266584,0.00031534486,8.478933,4.0,0
841,4959,335851.08255802124,2876305.5584026244,55.355206,2.9773889,111.375656,0.0003199535,6.357477,4.0,0
3895,4258,314821.08255802124,2784685.5584026244,6.1505427,3.7332458,166.9672,0.00059342146,6.1307297,3.0,0
895,6575,384331.08255802124,2874685.5584026244,299.6657,13.149508,331.18686,0.0024303352,4.8552637,6.0,0
3115,6667,387091.08255802124,2808085.5584026244,1453.335,49.989784,159.3176,-0.0065953583,3.2261336,6.0,0
1291,7194,402901.08255802124,2862805.5584026244,751.39246,12.135736,116.687355,0.004107412,4.938157,6.0,0
886,6105,370231.08255802124,2874955.5584026244,346.83902,2.3210914,286.40204,0.006557744,6.6068397,6.0,0
1528,5031,338011.08255802124,2855695.5584026244,415.10654,32.203297,82.14709,-0.00052202865,3.8635283,6.0,0
2303,5754,359701.08255802124,2832445.5584026244,1633.1332,7.9988275,297.96112,-0.0032057697,5.363603,6.0,0
1292,8290,435781.08255802124,2862775.5584026244,575.39746,4.599019,278.9897,-2.3498505e-05,5.9214306,4.0,0
2890,8389,438751.08255802124,2814835.5584026244,1120.8904,2.6249566,100.572914,0.0021692913,6.4836597,3.0,0
3127,6252,374641.08255802124,2807725.5584026244,1789.7632,9.998374,23.424932,0.00067023374,5.1367784,6.0,0
3560,5527,352891.08255802124,2794735.5584026244,1150.2589,11.717748,320.09564,-0.0008138698,4.9742403,1.0,0
1327,1556,233761.08255802124,2861725.5584026244,241.54774,5.8596315,343.9402,-0.0040313676,5.6778426,6.0,0
73,3407,289291.08255802124,2899345.5584026244,34.044334,1.0607822,104.99407,0.00015524015,7.3903036,4.0,0
1792,4772,330241.08255802124,2847775.5584026244,690.25256,27.525434,159.85036,-0.0017088663,4.0529504,6.0,0
1776,3573,294271.08255802124,2848255.5584026244,692.94867,19.213634,9.696726,0.0033321632,4.455304,6.0,0
1539,1492,231841.08255802124,2855365.5584026244,303.26392,2.802426,157.19907,-0.0020915729,6.418141,6.0,0
2899,768,210121.08255802124,2814565.5584026244,161.18593,4.8115706,334.406,-0.00025998865,5.876046,6.0,0
1339,673,207271.08255802124,2861365.5584026244,53.6219,4.835769,294.55725,-0.0007567565,5.871006,4.0,0
2871,3884,303601.08255802124,2815405.5584026244,670.3146,14.453071,78.47245,-0.0016798908,4.756986,6.0,0
1672,2025,247831.08255802124,2851375.5584026244,238.7907,6.25134,26.571236,-0.00743223,5.6126494,6.0,0
317,6399,379051.08255802124,2892025.5584026244,53.82834,1.5010401,260.40863,0.0013372061,7.0430374,4.0,0
2623,3544,293401.08255802124,2822845.5584026244,578.28314,5.758102,28.748917,0.00013961791,5.6954417,6.0,0
227,3467,291091.08255802124,2894725.5584026244,36.22374,2.2474895,280.93604,0.00042160146,6.639097,4.0,0
1181,3157,281791.08255802124,2866105.5584026244,243.0354,25.730907,289.73935,-0.0015278285,4.13115,4.0,0
3999,6461,380911.08255802124,2781565.5584026244,14.0,0.5357136,240.44257,-0.00068707543,8.073551,1.0,0
3566,489,201751.08255802124,2794555.5584026244,40.401264,3.6371229,87.743,0.00043119962,6.156887,2.0,0
2015,6948,395521.08255802124,2841085.5584026244,908.07025,9.049756,301.45328,-0.0013844977,5.238322,6.0,0
160,8323,436771.08255802124,2896735.5584026244,59.0,0.68195266,343.94684,0.00049192534,7.832172,4.0,0
2273,8976,456361.08255802124,2833345.5584026244,817.47577,7.938577,43.50126,-0.0015111795,5.3712626,3.0,0
2238,8882,453541.08255802124,2834395.5584026244,861.09534,9.336704,131.2467,-0.0005226473,5.2065644,6.0,0
208,3598,295021.08255802124,2895295.5584026244,35.753227,4.3229356,281.5695,0.0012486256,5.9835896,4.0,0
537,7664,417001.08255802124,2885425.5584026244,151.39151,2.9727695,38.53562,-0.00092807336,6.3590326,4.0,0
3624,3951,305611.08255802124,2792815.5584026244,358.48495,8.90224,176.71935,-0.0018013507,5.2550287,3.0,0
2686,3163,281971.08255802124,2820955.5584026244,306.57407,20.142946,234.13457,0.005710602,4.404141,3.0,0
3137,3625,295831.08255802124,2807425.5584026244,288.40985,7.5530157,166.86333,0.0016311388,5.4216614,6.0,0
4158,3442,290341.08255802124,2776795.5584026244,6.1546774,1.1210891,144.43903,3.3113563e-05,7.334996,3.0,0
2692,1333,227071.08255802124,2820775.5584026244,1277.6407,23.531994,59.24305,-0.0035182356,4.232512,6.0,0
1083,2414,259501.08255802124,2869045.5584026244,205.01804,15.24584,139.72069,-0.0035378097,4.7011185,4.0,0
2836,5873,363271.08255802124,2816455.5584026244,1715.981,7.351098,39.73494,-0.002919549,5.4490666,6.0,0
2878,1141,221311.08255802124,2815195.5584026244,152.24072,11.195709,57.794304,0.00047715058,5.021052,6.0,0
4376,4389,318751.08255802124,2770255.5584026244,7.070916,1.3529153,267.7655,1.019306e-05,7.1469765,4.0,0
111,2895,273931.08255802124,2898205.5584026244,32.0,0.0,0.0,0.0,10.308952,4.0,0
4286,1583,234571.08255802124,2772955.5584026244,19.067205,3.173796,258.93604,-0.0018629604,6.293473,4.0,0
4387,1364,228001.08255802124,2769925.5584026244,16.2635,1.4460745,66.50367,-3.8557308e-05,7.0803595,4.0,0
4364,2188,252721.08255802124,2770615.5584026244,11.339337,3.2957091,144.9508,0.0008733278,6.255699,4.0,0
1547,2348,257521.08255802124,2855125.5584026244,104.663925,5.7234726,355.1769,0.0022939853,5.7015147,6.0,0
739,4103,310171.08255802124,2879365.5584026244,43.271202,1.7131052,161.64232,0.0006495709,6.9108186,4.0,0
3098,4299,316051.08255802124,2808595.5584026244,933.41,3.002895,50.060173,-0.0024431355,6.3489313,6.0,0
3249,5200,343081.08255802124,2804065.5584026244,1563.03,2.535887,11.147077,-0.005801663,6.5182276,6.0,0
150,3096,279961.08255802124,2897035.5584026244,33.0,0.0,0.0,1.2674332e-05,10.308952,4.0,0
1926,3084,279601.08255802124,2843755.5584026244,382.26135,16.815657,278.0701,0.0029709798,4.5978107,6.0,0
3134,3416,289561.08255802124,2807515.5584026244,518.5225,3.170605,131.66536,0.0012758214,6.2944803,6.0,0
2982,4604,325201.08255802124,2812075.5584026244,1315.7733,5.158754,46.86786,0.0033308242,5.8060217,6.0,0
2170,4514,322501.08255802124,2836435.5584026244,1221.5477,16.854568,134.50197,0.00025709372,4.5953608,6.0,0
4091,7029,397951.08255802124,2778805.5584026244,13.201847,2.0593934,49.362637,0.00013839059,6.726582,1.0,0
774,4706,328261.08255802124,2878315.5584026244,52.45075,1.6916654,19.54797,-0.00044490918,6.9234204,4.0,0
189,7663,416971.08255802124,2895865.5584026244,58.13018,1.6561977,40.66847,-0.00083918043,6.9446216,4.0,0
2327,4640,326281.08255802124,2831725.5584026244,1325.078,11.17212,59.012802,0.0050115287,5.023216,6.0,0
3857,2340,257281.08255802124,2785825.5584026244,21.234589,1.2619596,19.024412,-0.0003398148,7.216597,3.0,0
196,4271,315211.08255802124,2895655.5584026244,44.101204,1.5228786,302.95963,7.20098e-05,7.0285864,4.0,0
4090,2779,270451.08255802124,2778835.5584026244,12.42691,1.2584924,245.95845,-5.3907246e-05,7.219349,3.0,0
3029,5737,359191.08255802124,2810665.5584026244,1529.7056,14.602619,309.266,0.006149089,4.7462373,6.0,0
4216,1031,218011.08255802124,2775055.5584026244,22.100922,1.9092826,50.368652,-0.0007359955,6.8023267,4.0,0
488,238,194221.08255802124,2886895.5584026244,29.26083,1.8244363,62.038456,2.7136266e-05,6.847815,4.0,0
1953,938,215221.08255802124,2842945.5584026244,279.7825,12.763369,217.71535,0.0003250714,4.88611,6.0,0
4291,4247,314491.08255802124,2772805.5584026244,5.009943,3.1788993,211.49994,-0.0007806631,6.2918625,4.0,0
1646,2416,259561.08255802124,2852155.5584026244,214.94672,18.042568,145.65588,-0.0007659021,4.522849,6.0,0
3990,5319,346651.08255802124,2781835.5584026244,37.464622,12.662749,335.43347,0.00013157463,4.8942904,1.0,0
4465,5000,337081.08255802124,2767585.5584026244,9.398789,0.5878856,61.213028,-0.0004410646,7.9806123,4.0,0
3519,1565,234031.08255802124,2795965.5584026244,98.6872,16.427418,101.19382,-0.0030955633,4.6225333,3.0,0
3900,8279,435451.08255802124,2784535.5584026244,590.04156,9.099684,56.404724,0.0039968025,5.232727,3.0,0
1585,830,211981.08255802124,2853985.5584026244,129.24261,4.550954,81.41417,0.002768542,5.9319816,6.0,0
1094,8293,435871.08255802124,2868715.5584026244,601.64154,15.902542,185.67876,0.0019888983,4.6567955,4.0,0
1555,5950,365581.08255802124,2854885.5584026244,638.56055,23.930624,258.39526,0.0008108182,4.213627,6.0,0
4164,8956,455761.08255802124,2776615.5584026244,1150.2831,20.291885,248.63135,0.00041883654,4.396125,5.0,0
577,6464,381001.08255802124,2884225.5584026244,276.13443,10.283948,70.30203,0.001807056,5.10802,4.0,0
335,747,209491.08255802124,2891485.5584026244,29.69769,1.1942331,107.43539,0.00024543234,7.2717752,4.0,0
1158,4582,324541.08255802124,2866795.5584026244,67.7819,1.2034056,144.11539,-0.00053051836,7.264122,4.0,0
2955,7877,423391.08255802124,2812885.5584026244,1374.7504,0.5378495,313.29196,-0.0005288357,8.0695715,6.0,0
1721,1225,223831.08255802124,2849905.5584026244,169.30966,15.789102,166.5167,0.0022964645,4.664333,6.0,0
3301,8588,444721.08255802124,2802505.5584026244,1003.0627,4.431246,140.6475,0.0006972249,5.958747,3.0,0
1019,3472,291241.08255802124,2870965.5584026244,62.97619,0.6667221,295.6463,-0.0007721922,7.854761,4.0,0
1377,4215,313531.08255802124,2860225.5584026244,75.481895,5.37422,332.19382,0.00037157693,5.764872,6.0,0
3266,4581,324511.08255802124,2803555.5584026244,1161.8536,8.423895,121.79647,0.0035070463,5.31111,6.0,0
1977,3454,290701.08255802124,2842225.5584026244,559.3885,5.477313,200.955,0.00017532347,5.7457566,6.0,0
177,6258,374821.08255802124,2896225.5584026244,57.7315,2.3193364,276.19116,0.00012810178,6.607597,6.0,0
2625,8535,443131.08255802124,2822785.5584026244,1260.9894,3.5332806,269.6767,-0.0026083374,6.185929,6.0,0
2282,6214,373501.08255802124,2833075.5584026244,1651.3196,18.249853,266.78192,-0.002288852,4.510625,6.0,0
4148,8185,432631.08255802124,2777095.5584026244,428.17386,17.9855,152.17715,0.0033615197,4.526236,3.0,0
1394,1841,242311.08255802124,2859715.5584026244,192.16309,11.250824,152.35268,-0.003614739,5.016013,6.0,0
2658,5266,345061.08255802124,2821795.5584026244,1603.0931,15.474405,38.785374,-0.0011479018,4.6855,6.0,0
1373,6185,372631.08255802124,2860345.5584026244,419.6391,13.332851,353.038,-0.0034466973,4.840912,6.0,0
1592,7231,404011.08255802124,2853775.5584026244,1042.6276,12.231309,20.298113,-0.0021995376,4.930071,6.0,0
4436,5707,358291.08255802124,2768455.5584026244,6.0,0.0,0.0,0.0016305004,10.308952,4.0,0
2917,5295,345931.08255802124,2814025.5584026244,1564.2856,2.506962,197.38501,-0.001879069,6.529714,6.0,0
1434,1414,229501.08255802124,2858515.5584026244,168.65002,6.577716,121.47346,-0.004890247,5.56133,6.0,0
1123,3242,284341.08255802124,2867845.5584026244,107.59427,12.642505,160.5886,0.0069231605,4.8959436,4.0,0
1389,3696,297961.08255802124,2859865.5584026244,442.7307,8.4893,113.40123,-0.0024769932,5.303262,4.0,0
2265,6949,395551.08255802124,2833585.5584026244,1295.0918,6.651499,113.9455,-0.0031866115,5.5500755,6.0,0
2291,3552,293641.08255802124,2832805.5584026244,783.5082,16.020065,62.231804,-0.0038394504,4.649037,6.0,0
2140,8015,427531.08255802124,2837335.5584026244,987.9742,12.230831,304.94012,-0.0002708265,4.9301114,6.0,0
3066,7121,400711.08255802124,2809555.5584026244,1036.9219,31.564198,106.12306,0.008892416,3.8883991,6.0,0
605,5425,349831.08255802124,2883385.5584026244,50.90904,3.4784536,18.748447,-0.00062253315,6.2016068,4.0,0
2426,2188,252721.08255802124,2828755.5584026244,271.6444,10.849091,39.699677,-0.00067033555,5.053291,6.0,0
1521,6124,370801.08255802124,2855905.5584026244,721.03076,17.338522,295.64822,0.0021363494,4.565299,6.0,0
4332,790,210781.08255802124,2771575.5584026244,17.138214,0.38056454,135.30664,-0.00039812777,8.415509,4.0,0
921,2142,251341.08255802124,2873905.5584026244,64.58043,1.938414,139.4765,-0.00067553413,6.787173,4.0,0
2532,2010,247381.08255802124,2825575.5584026244,573.9602,6.3117375,82.26936,0.0045376075,5.602957,6.0,0
2614,5650,356581.08255802124,2823115.5584026244,1580.351,7.1935863,259.30194,0.0051527913,5.4709606,6.0,0
2087,6456,380761.08255802124,2838925.5584026244,872.23096,5.370136,194.24156,0.0020622252,5.765637,6.0,0
4385,6770,390181.08255802124,2769985.5584026244,9.530766,1.8731254,30.669388,2.6135458e-05,6.82146,4.0,0
2803,8075,429331.08255802124,2817445.5584026244,1364.7878,7.9457526,151.91098,0.0018121677,5.370347,6.0,0
1500,1474,231301.08255802124,2856535.5584026244,329.45132,10.838341,340.08304,-0.0032511987,5.054306,6.0,0
2816,8745,449431.08255802124,2817055.5584026244,983.88226,14.378085,58.83065,0.0037337746,4.762414,3.0,0
1468,7263,404971.08255802124,2857495.5584026244,805.3837,9.616582,343.43182,-0.0035893589,5.176483,6.0,0
1973,753,209671.08255802124,2842345.5584026244,193.04713,3.654994,93.610115,0.002559081,6.1519723,6.0,0
3270,3334,287101.08255802124,2803435.5584026244,521.3636,7.8888144,262.1692,0.0002136908,5.377631,6.0,0
2497,8560,443881.08255802124,2826625.5584026244,1114.4808,5.690411,66.32682,-0.008056471,5.7073464,6.0,0
1475,7084,399601.08255802124,2857285.5584026244,953.7031,21.812325,194.1055,-0.0033037143,4.316936,6.0,0
4466,4325,316831.08255802124,2767555.5584026244,6.677483,0.72936237,189.83835,8.910762e-05,7.764955,4.0,0
3635,7814,421501.08255802124,2792485.5584026244,833.5351,8.048625,166.1026,-0.0033469647,5.357315,3.0,0
4223,7720,418681.08255802124,2774845.5584026244,34.28759,2.7666254,15.930264,-0.00079584285,6.4310184,3.0,0
3243,8580,444481.08255802124,2804245.5584026244,1031.8036,2.7867842,65.83004,1.9734725e-05,6.423747,3.0,0
1827,6998,397021.08255802124,2846725.5584026244,1141.2571,19.596052,146.96251,0.0012150402,4.4340043,6.0,0
2322,3626,295861.08255802124,2831875.5584026244,732.7073,9.136045,163.83527,-0.0006454977,5.228671,6.0,0
2043,4950,335581.08255802124,2840245.5584026244,1535.112,6.449177,63.5959,-0.003361579,5.5812364,6.0,0
541,6503,382171.08255802124,2885305.5584026244,173.57117,10.942622,19.252342,-0.004575352,5.044496,4.0,0
631,8834,452101.08255802124,2882605.5584026244,239.95769,16.389147,326.6313,0.00133255,4.624998,6.0,0
2861,7696,417961.08255802124,2815705.5584026244,1362.6223,28.142094,196.44946,0.0020702106,4.0268826,6.0,0
1575,8901,454111.08255802124,2854285.5584026244,557.64874,20.358713,331.0892,-0.004513262,4.3925443,4.0,0
120,7382,408541.08255802124,2897935.5584026244,55.64665,2.5257514,10.460689,-0.0009675566,6.522238,4.0,0
2624,3401,289111.08255802124,2822815.5584026244,582.7195,7.3997307,278.3802,-0.0044981213,5.442399,6.0,0
4326,7877,423391.08255802124,2771755.5584026244,15.749416,2.2679782,190.90714,6.0988263e-05,6.630013,3.0,0
1270,7217,403591.08255802124,2863435.5584026244,748.1454,11.589967,98.29859,-0.00064571796,4.985513,6.0,0
705,3101,280111.08255802124,2880385.5584026244,47.710743,1.2226644,357.10782,0.0007669702,7.24824,4.0,0
3278,4870,333181.08255802124,2803195.5584026244,1165.5896,43.476788,271.07175,0.007480976,3.4543927,6.0,0
1428,9044,458401.08255802124,2858695.5584026244,399.75244,7.938741,135.77802,-0.0012454733,5.3712416,4.0,0
3751,7217,403591.08255802124,2789005.5584026244,563.31354,10.659215,65.529144,0.003242764,5.0713687,1.0,0
4058,1795,240931.08255802124,2779795.5584026244,14.0,0.7712258,59.219765,0.0005787134,7.709138,2.0,0
4325,208,193321.08255802124,2771785.5584026244,19.250067,1.6133721,296.95105,0.0007761341,6.970834,4.0,0
1652,2137,251191.08255802124,2851975.5584026244,126.64691,12.111493,309.01315,0.0018620768,4.9402175,6.0,0
3555,5264,345001.08255802124,2794885.5584026244,454.33817,28.157698,192.47531,-0.00046861474,4.026228,6.0,0
2163,8641,446311.08255802124,2836645.5584026244,805.13586,0.90912217,52.472443,0.0011581082,7.544616,6.0,0
3411,3568,294121.08255802124,2799205.5584026244,553.97406,9.783358,234.76318,-0.0015139771,5.158956,6.0,0
3704,3990,306781.08255802124,2790415.5584026244,318.44907,14.377826,66.52216,0.0068117436,4.762433,3.0,0
2661,2905,274231.08255802124,2821705.5584026244,283.35568,16.883175,14.085636,-0.002632599,4.593563,3.0,0
198,2407,259291.08255802124,2895595.5584026244,50.56704,1.3222959,24.358019,-0.0014467929,7.169877,4.0,0
4026,6657,386791.08255802124,2780755.5584026244,16.380268,1.6545854,290.91583,5.8232676e-05,6.9455957,1.0,0
1374,4335,317131.08255802124,2860315.5584026244,74.62371,2.2153554,271.21548,0.0009404161,6.653513,6.0,0
3450,8757,449791.08255802124,2798035.5584026244,1059.28,16.047064,105.81169,-0.00044172493,4.647262,3.0,0
3210,2638,266221.08255802124,2805235.5584026244,159.8953,11.240547,177.59926,-0.005930392,5.016951,3.0,0
777,3821,301711.08255802124,2878225.5584026244,47.836945,3.3332074,342.0241,0.00031700454,6.2443604,4.0,0
3077,4096,309961.08255802124,2809225.5584026244,703.30865,7.7392116,229.28325,-0.0012033759,5.397017,6.0,0
3460,4164,312001.08255802124,2797735.5584026244,263.28903,12.50688,143.4432,-0.0040363693,4.9070835,6.0,0
1951,8138,431221.08255802124,2843005.5584026244,922.07166,1.4587694,44.342926,-0.0014417182,7.071615,6.0,0
3171,7529,412951.08255802124,2806405.5584026244,1310.6636,22.088934,198.27682,0.00023844425,4.303011,3.0,0
4521,8681,447511.08255802124,2765905.5584026244,68.20494,14.124405,209.84761,0.0015422989,4.780971,2.0,0
4048,4202,313141.08255802124,2780095.5584026244,3.4326816,2.9511132,339.55914,8.733162e-05,6.366357,3.0,0
2067,1363,227971.08255802124,2839525.5584026244,498.81586,14.69885,60.352608,7.036825e-05,4.7393737,6.0,0
4237,619,205651.08255802124,2774425.5584026244,18.949444,1.0319895,283.24994,0.00034915662,7.4178276,4.0,0
675,3125,280831.08255802124,2881285.5584026244,44.043064,3.1098278,346.10336,0.00020632005,6.3138742,4.0,0
1166,5725,358831.08255802124,2866555.5584026244,412.41974,8.255204,337.9333,0.0016555703,5.331627,6.0,0
1060,6839,392251.08255802124,2869735.5584026244,564.70966,21.484514,168.41725,-0.005404476,4.333622,6.0,0
3879,834,212101.08255802124,2785165.5584026244,24.961267,3.2175863,53.34613,-0.00047541462,6.279741,2.0,0
4402,3244,284401.08255802124,2769475.5584026244,9.661943,1.1626089,159.30609,-3.1208929e-06,7.2986207,3.0,0
2636,6010,367381.08255802124,2822455.5584026244,1787.1273,9.221792,93.342316,-0.002862481,5.219167,6.0,0
3419,4873,333271.08255802124,2798965.5584026244,752.4996,28.86015,319.51602,0.0073908316,3.9969957,6.0,0
3326,8046,428461.08255802124,2801755.5584026244,1171.4652,4.5831904,33.62614,-0.0011180623,5.924893,3.0,0
1939,5841,362311.08255802124,2843365.5584026244,1283.878,15.896518,244.74217,-0.001411947,4.6571946,6.0,0
3609,193,192871.08255802124,2793265.5584026244,19.29847,1.6634424,191.23529,0.0005617475,6.940254,2.0,0
3845,7031,398011.08255802124,2786185.5584026244,194.52858,14.432353,243.57294,-0.00044067804,4.7584834,3.0,0
2259,4820,331681.08255802124,2833765.5584026244,1472.2438,13.420231,358.90292,-0.0023684353,4.834136,6.0,0
3356,6416,379561.08255802124,2800855.5584026244,1132.4507,10.983538,69.55393,0.0022180513,5.0406713,6.0,0
3937,7479,411451.08255802124,2783425.5584026244,30.093904,7.2169805,22.096964,-0.004067122,5.4676795,3.0,0
2556,173,192271.08255802124,2824855.5584026244,37.774853,2.6456828,203.3108,-0.001410211,6.4757843,6.0,0
2073,3534,293101.08255802124,2839345.5584026244,769.1653,15.407502,104.60172,-0.0027943589,4.69005,6.0,0
3677,6851,392611.08255802124,2791225.5584026244,726.58527,0.8795356,356.50122,0.0009669494,7.577707,3.0,0
1356,2654,266701.08255802124,2860855.5584026244,129.0016,16.424532,174.3081,-0.003016097,4.622719,4.0,0
1955,2965,276031.08255802124,2842885.5584026244,323.84192,5.375107,243.24162,0.0018212213,5.764706,6.0,0
2580,3588,294721.08255802124,2824135.5584026244,710.8944,4.6777296,217.66423,0.0006262377,5.904386,6.0,0
2745,6112,370441.08255802124,2819185.5584026244,1803.9143,7.3341355,68.32069,-0.00068169483,5.451402,6.0,0
1286,2669,267151.08255802124,2862955.5584026244,209.75073,12.185233,305.2463,-0.003946529,4.933962,4.0,0
2220,4328,316921.08255802124,2834935.5584026244,1189.0212,16.221659,11.254732,0.0024344213,4.6358466,6.0,0
3631,329,196951.08255802124,2792605.5584026244,25.444971,1.7689792,26.722477,6.888763e-05,6.878704,2.0,0
2989,2656,266761.08255802124,2811865.5584026244,645.30597,18.973057,206.24161,0.0005128478,4.468888,6.0,0
2801,3171,282211.08255802124,2817505.5584026244,294.2167,4.5354085,48.46952,0.005313492,5.9354177,3.0,0
906,6011,367411.08255802124,2874355.5584026244,355.04004,12.73904,182.37001,-0.003051724,4.888082,6.0,0
181,4105,310231.08255802124,2896105.5584026244,41.57331,2.813102,284.2235,0.00030512703,6.4143324,4.0,0
3826,866,213061.08255802124,2786755.5584026244,25.769766,3.1743999,139.72462,0.00060322706,6.293282,2.0,0
548,4211,313411.08255802124,2885095.5584026244,39.449512,2.812828,340.71518,0.0009676075,6.41443,4.0,0
2731,6935,395131.08255802124,2819605.5584026244,1634.1328,2.675304,66.90033,0.0018373277,6.4646344,6.0,0
274,8777,450391.08255802124,2893315.5584026244,66.39458,2.3787136,180.99573,0.00013335545,6.5822897,6.0,0
632,8342,437341.08255802124,2882575.5584026244,469.10318,9.399596,350.99588,0.0036606854,5.19973,4.0,0
2717,3998,307021.08255802124,2820025.5584026244,701.7995,13.9409275,96.55637,0.004170973,4.7945843,6.0,0
998,2493,261871.08255802124,2871595.5584026244,61.12179,3.34936,100.8372,0.00047114264,6.2395153,4.0,0
1837,5426,349861.08255802124,2846425.5584026244,937.2586,33.21659,257.23877,-0.00048122893,3.82463,6.0,0
1340,255,194731.08255802124,2861335.5584026244,28.985668,2.4844573,56.760384,-0.00048526976,6.538743,4.0,0
1621,2004,247201.08255802124,2852905.5584026244,236.61075,22.097633,338.2882,-0.002083668,4.3025756,6.0,0
1034,6878,393421.08255802124,2870515.5584026244,680.3492,20.80797,60.480045,9.845296e-05,4.3687196,6.0,0
60,2846,272461.08255802124,2899735.5584026244,36.92975,1.8020911,13.269066,0.0009918329,6.860147,4.0,0
3512,35,188131.08255802124,2796175.5584026244,21.839478,1.7794138,83.49721,-0.00036787195,6.872819,2.0,0
1664,1552,233641.08255802124,2851615.5584026244,341.47043,7.903407,290.11664,0.0021173856,5.3757596,6.0,0
1364,7838,422221.08255802124,2860615.5584026244,844.98944,19.721045,281.80725,0.0026740353,4.4271183,6.0,0
1805,4680,327481.08255802124,2847385.5584026244,955.8607,5.7974043,235.96658,0.0019998169,5.688593,6.0,0
411,682,207541.08255802124,2889205.5584026244,28.0,0.63006383,306.83246,0.00031052905,7.9113183,4.0,0
3046,8953,455671.08255802124,2810155.5584026244,850.0663,15.852066,115.17988,0.0043104216,4.6601434,3.0,0
49,2106,250261.08255802124,2900065.5584026244,34.754963,1.8288575,249.66495,-0.000428417,6.845393,4.0,0
1891,2755,269731.08255802124,2844805.5584026244,309.26138,4.964368,84.33872,-0.0003542836,5.8446317,6.0,0
2016,7946,425461.08255802124,2841055.5584026244,921.1256,3.9162254,326.97702,-0.00021604751,6.082737,6.0,0
770,1777,240391.08255802124,2878435.5584026244,36.45987,2.5909653,150.44829,0.00096578285,6.4967117,4.0,0
2107,4182,312541.08255802124,2838325.5584026244,1135.9121,23.79618,327.0728,-0.00053015846,4.2199693,6.0,0
3852,7819,421651.08255802124,2785975.5584026244,504.48096,6.3600187,90.13556,0.0014930215,5.595274,3.0,0
1235,3683,297571.08255802124,2864485.5584026244,192.82481,3.371206,300.64905,-0.0053739254,6.232999,4.0,0
4049,2740,269281.08255802124,2780065.5584026244,17.33983,1.1357672,126.83495,-0.00045810224,7.3219852,3.0,0
200,7246,404461.08255802124,2895535.5584026244,70.01004,3.7832792,12.039041,-0.0044030836,6.117378,4.0,0
913,8194,432901.08255802124,2874145.5584026244,675.74255,8.795553,114.39987,0.0018277147,5.267279,6.0,0
393,570,204181.08255802124,2889745.5584026244,30.290308,0.88054204,199.63115,-0.00014035491,7.5765634,4.0,0
752,8965,456031.08255802124,2878975.5584026244,90.67038,5.2856784,136.90723,0.0027927929,5.781581,4.0,0
2221,3035,278131.08255802124,2834905.5584026244,463.35547,2.5636263,305.01782,-0.0037190923,6.5073338,6.0,0
2861,8535,443131.08255802124,2815705.5584026244,992.8715,4.1738896,299.1702,0.0064899703,6.018805,3.0,0
727,3345,287431.08255802124,2879725.5584026244,47.296097,1.2847424,165.3843,-0.0006605826,7.1986985,4.0,0
483,2478,261421.08255802124,2887045.5584026244,37.590057,1.7969599,132.36008,0.0002096293,6.8630004,4.0,0
4032,8654,446701.08255802124,2780575.5584026244,88.729904,5.363674,333.9807,0.0019575034,5.766848,5.0,0
4425,2308,256321.08255802124,2768785.5584026244,11.0,0.6495171,124.44277,8.999852e-05,7.8809075,4.0,0
2799,5552,353641.08255802124,2817565.5584026244,1675.1885,3.7708282,155.32132,0.0004275851,6.120684,6.0,0
1149,4671,327211.08255802124,2867065.5584026244,347.6224,20.682253,290.1023,-0.0041380143,4.3753433,4.0,0
277,798,211021.08255802124,2893225.5584026244,32.819153,1.2735637,241.4525,0.000122067155,7.2074404,4.0,0
1250,2904,274201.08255802124,2864035.5584026244,217.49721,5.141506,182.4326,-0.007995931,5.809389,4.0,0
1392,5042,338341.08255802124,2859775.5584026244,157.46445,18.944279,121.632,-0.0035253144,4.4705224,6.0,0
3116,4803,331171.08255802124,2808055.5584026244,1497.4604,2.7523606,326.23093,-0.002640347,6.436196,6.0,0
1117,7887,423691.08255802124,2868025.5584026244,630.70984,1.5433071,28.494522,0.0010865784,7.015255,6.0,0
3359,2654,266701.08255802124,2800765.5584026244,168.31235,16.454865,93.84534,-0.0012181217,4.6207685,3.0,0
3742,8809,451351.08255802124,2789275.5584026244,525.40204,18.40448,143.3679,-0.00020753665,4.5015836,5.0,0
2076,4026,307861.08255802124,2839255.5584026244,891.76337,19.987963,334.32922,0.0031410728,4.412534,6.0,0
1617,3935,305131.08255802124,2853025.5584026244,402.72357,26.662752,285.96005,0.0001210873,4.090087,6.0,0
2071,8747,449491.08255802124,2839405.5584026244,695.7617,23.788408,116.7843,0.0031110463,4.220337,6.0,0
4500,7357,407791.08255802124,2766535.5584026244,12.602164,2.1968057,170.78131,-0.000103650345,6.6619296,4.0,0
2232,2786,270661.08255802124,2834575.5584026244,353.3072,7.3209534,358.9772,-0.0008717516,5.453221,6.0,0
1561,654,206701.08255802124,2854705.5584026244,150.2536,7.3063774,59.288765,-0.0020141474,5.4552355,6.0,0
756,8135,431131.08255802124,2878855.5584026244,469.01953,7.33648,164.4602,-0.0023578983,5.451079,6.0,0
1635,788,210721.08255802124,2852485.5584026244,171.66449,13.550721,190.94034,-0.0032414033,4.8240924,6.0,0
478,1643,236371.08255802124,2887195.5584026244,33.001137,2.2144203,108.896416,-0.00069184887,6.6539354,4.0,0
2949,7666,417061.08255802124,2813065.5584026244,1393.4498,1.6725973,211.84354,0.00062096486,6.9347625,6.0,0
364,4601,325111.08255802124,2890615.5584026244,46.899536,1.82105,299.27475,-0.0010333125,6.849674,4.0,0
3116,4223,313771.08255802124,2808055.5584026244,820.61316,4.6682773,331.3757,-0.0054448443,5.906418,6.0,0
2026,8929,454951.08255802124,2840755.5584026244,656.3077,17.329119,129.48126,0.0053135175,4.565876,6.0,0
1756,7367,408091.08255802124,2848855.5584026244,904.72363,18.218956,329.43448,0.0038238694,4.5124393,6.0,0
2542,6919,394651.08255802124,2825275.5584026244,1633.3777,7.152763,153.2644,-0.00088467065,5.4767118,6.0,0
3480,2080,249481.08255802124,2797135.5584026244,77.35738,15.103868,294.53802,0.0004016792,4.7109265,6.0,0
2296,4848,332521.08255802124,2832655.5584026244,1543.437,11.324728,355.62738,-0.0004468112,5.0092936,6.0,0
3129,8036,428161.08255802124,2807665.5584026244,1281.9845,6.162874,221.85034,-0.0007381524,5.627014,3.0,0
3960,4071,309211.08255802124,2782735.5584026244,6.160621,2.1713126,297.48007,-0.00030999052,6.6736135,3.0,0
475,4326,316861.08255802124,2887285.5584026244,42.779186,1.0445883,19.447922,-0.0003412501,7.4056907,4.0,0
545,2876,273361.08255802124,2885185.5584026244,45.78698,5.749308,353.06653,-0.0011579471,5.6969805,4.0,0
3661,2216,253561.08255802124,2791705.5584026244,210.84775,14.449006,313.89142,0.003359171,4.75728,3.0,0
530,7458,410821.08255802124,2885635.5584026244,431.74152,26.979902,279.4713,-0.0014830609,4.07634,4.0,0
4118,2240,254281.08255802124,2777995.5584026244,13.787283,1.1414874,199.9539,-0.00047068598,7.31696,2.0,0
1910,1324,226801.08255802124,2844235.5584026244,315.96506,20.079977,1.1394868,-0.0003249698,4.4075446,6.0,0
971,7899,424051.08255802124,2872405.5584026244,835.5639,8.112782,141.6273,0.0012366063,5.349269,6.0,0
2453,6143,371371.08255802124,2827945.5584026244,1776.3021,8.850196,135.52461,0.00056705065,5.2609873,6.0,0
438,2455,260731.08255802124,2888395.5584026244,37.4422,1.8162037,238.45177,0.00021771644,6.852341,4.0,0
1697,9013,457471.08255802124,2850625.5584026244,632.7562,25.68908,258.279,-0.0020186189,4.133017,6.0,0
1879,3905,304231.08255802124,2845165.5584026244,820.1692,8.5689945,137.83746,-0.0021550327,5.293779,6.0,0
628,6269,375151.08255802124,2882695.5584026244,318.6113,15.53355,70.558464,-0.0011800979,4.6814923,6.0,0
2946,8746,449461.08255802124,2813155.5584026244,960.0,1.4458756,154.58078,0.0015098571,7.080497,3.0,0
3125,7196,402961.08255802124,2807785.5584026244,1296.1426,26.319181,286.08014,0.00010891358,4.1051073,6.0,0
4335,6717,388591.08255802124,2771485.5584026244,11.449408,2.4843204,312.48654,0.00051954243,6.5387983,4.0,0
2948,278,195421.08255802124,2813095.5584026244,85.14536,12.069207,330.85135,-0.0004437277,4.943821,2.0,0
2906,8606,445261.08255802124,2814355.5584026244,1084.8232,6.999628,21.782368,0.00037668864,5.498575,3.0,0
2219,660,206881.08255802124,2834965.5584026244,243.83566,9.184737,13.678433,-0.00053715194,5.2232637,6.0,0
856,1754,239701.08255802124,2875855.5584026244,42.332386,0.98159736,253.8878,0.002396267,7.4679008,4.0,0
2049,1754,239701.08255802124,2840065.5584026244,459.16916,12.457418,79.43255,-0.0024682279,4.9111743,6.0,0
2778,4402,319141.08255802124,2818195.5584026244,1254.9565,16.825209,305.93024,-0.001752794,4.597209,6.0,0
3931,8504,442201.08255802124,2783605.5584026244,268.2302,6.7849555,201.65852,-0.00059045583,5.530027,5.0,0
833,1400,229081.08255802124,2876545.5584026244,35.710903,1.4882959,249.64024,0.0002710512,7.0515676,4.0,0
2448,4437,320191.08255802124,2828095.5584026244,1284.4763,14.992174,267.27643,0.0041816537,4.718702,6.0,0
3931,1976,246361.08255802124,2783605.5584026244,21.941126,1.1939508,310.08063,-0.00085014023,7.2720118,3.0,0
987,6090,369781.08255802124,2871925.5584026244,289.28726,16.905262,302.56927,0.0024167378,4.5921764,6.0,0
2783,4625,325831.08255802124,2818045.5584026244,1432.4529,18.320393,322.5428,-0.00034589978,4.506492,6.0,0
1925,3985,306631.08255802124,2843785.5584026244,991.3726,9.1038,102.60069,0.0010566713,5.232267,6.0,0
1491,1663,236971.08255802124,2856805.5584026244,328.96942,2.4444954,151.36824,0.004879362,6.5549784,6.0,0
1028,795,210931.08255802124,2870695.5584026244,39.848854,2.25572,223.6908,4.037225e-06,6.6354384,4.0,0
300,6093,369871.08255802124,2892535.5584026244,60.147076,3.529966,348.46436,0.0019355656,6.1868696,6.0,0
1927,6588,384721.08255802124,2843725.5584026244,828.5441,10.812515,278.3468,-0.0028241812,5.0567493,6.0,0
2992,3179,282451.08255802124,2811775.5584026244,324.0281,11.762549,334.36105,0.0021370016,4.970315,6.0,0
2560,3882,303541.08255802124,2824735.5584026244,902.65753,10.594056,349.0622,0.0029956053,5.0776434,6.0,0
3665,5552,353641.08255802124,2791585.5584026244,825.96844,4.300986,59.29395,-0.0001482815,5.9886994,1.0,0
2157,3113,280471.08255802124,2836825.5584026244,483.8636,12.895878,117.08499,0.0043044877,4.8754277,6.0,0
563,2967,276091.08255802124,2884645.5584026244,41.019062,2.690508,184.21602,-0.00057287427,6.458959,4.0,0
3564,2199,253051.08255802124,2794615.5584026244,66.74534,17.285221,187.06357,0.003738204,4.5685735,6.0,0
574,7892,423841.08255802124,2884315.5584026244,279.543,5.758902,45.678684,0.0042463853,5.695302,6.0,0
2562,6501,382111.08255802124,2824675.5584026244,1767.8536,1.004817,341.49255,-0.0011314901,7.4445167,6.0,0
426,6578,384421.08255802124,2888755.5584026244,143.78383,4.2196317,108.81613,0.0056449003,6.0078664,4.0,0
2639,2694,267901.08255802124,2822365.5584026244,243.53479,7.0862126,115.33238,0.0016201993,5.4861565,6.0,0
4297,2698,268021.08255802124,2772625.5584026244,10.885986,3.675346,172.56415,0.001387687,6.1464043,2.0,0
1558,2264,255001.08255802124,2854795.5584026244,70.90339,5.927551,280.97913,-0.0008639549,5.666237,6.0,0
3197,3430,289981.08255802124,2805625.5584026244,463.7303,2.7514484,107.16464,-0.00035430066,6.4365277,6.0,0
1161,7450,410581.08255802124,2866705.5584026244,789.47766,12.927789,217.95383,0.0004887391,4.8728704,6.0,0
2250,1658,236821.08255802124,2834035.5584026244,727.4478,8.040554,167.57132,-0.0013723414,5.3583317,6.0,0
2801,7023,397771.08255802124,2817505.5584026244,1619.823,13.399261,287.48636,0.0045752972,4.835758,6.0,0
1812,5208,343321.08255802124,2847175.5584026244,656.05615,28.810385,30.844532,0.00013488787,3.9990513,6.0,0
2751,7511,412411.08255802124,2819005.5584026244,1322.3274,14.494709,49.73891,0.0035526194,4.7539835,6.0,0
1450,5283,345571.08255802124,2858035.5584026244,307.42136,3.2979472,99.69428,0.0037483298,6.2550187,6.0,0
3523,3651,296611.08255802124,2795845.5584026244,390.99625,3.8748481,61.014786,-0.0007485368,6.0933914,6.0,0
887,5147,341491.08255802124,2874925.5584026244,142.73714,22.858686,243.58932,-0.001924123,4.2649736,6.0,0
2218,8826,451861.08255802124,2834995.5584026244,884.06384,13.950794,259.64594,0.0022363283,4.793848,6.0,0
945,7190,402781.08255802124,2873185.5584026244,546.2394,13.807504,32.22323,-0.0028309799,4.8045874,6.0,0
330,3028,277921.08255802124,2891635.5584026244,42.886536,2.1285877,337.07364,-0.0020589032,6.6935053,4.0,0
338,2288,255721.08255802124,2891395.5584026244,50.41628,3.180979,333.059,-0.0004274305,6.2912073,4.0,0
4397,6832,392041.08255802124,2769625.5584026244,12.941603,1.0572155,281.0992,-0.00037212585,7.3936725,4.0,0
4056,1402,229141.08255802124,2779855.5584026244,17.07767,2.3870068,66.90586,-0.00073415757,6.5788054,2.0,0
4459,3299,286051.08255802124,2767765.5584026244,8.574622,1.8883487,236.87964,0.00067840447,6.8133593,4.0,0
1343,7947,425491.08255802124,2861245.5584026244,861.5741,8.771329,151.23605,-0.0011506315,5.270081,6.0,0
2166,6699,388051.08255802124,2836555.5584026244,978.0,0.0,0.0,0.0019704862,10.308952,6.0,0
4228,7574,414301.08255802124,2774695.5584026244,16.861563,0.90586257,33.544468,0.0017169327,7.5482087,3.0,0
1835,6703,388171.08255802124,2846485.5584026244,788.5087,6.895344,53.997066,-0.0017011685,5.513734,6.0,0
911,2097,249991.08255802124,2874205.5584026244,54.41812,2.4034944,335.96542,-0.00039781356,6.5719137,4.0,0
739,8379,438451.08255802124,2879365.5584026244,526.5484,12.658473,222.17686,0.00012744492,4.8946395,4.0,0
771,8181,432511.08255802124,2878405.5584026244,553.67975,25.396133,115.72733,0.0015534634,4.1461596,6.0,0
2508,1971,246211.08255802124,2826295.5584026244,536.40015,18.334486,17.551418,0.0035284082,4.505668,6.0,0
3155,103,190171.08255802124,2806885.5584026244,81.39709,13.285414,195.77986,0.003787081,4.8446074,2.0,0
666,8222,433741.08255802124,2881555.5584026244,292.79987,21.215267,260.06262,-0.004315957,4.347481,4.0,0
3986,8617,445591.08255802124,2781955.5584026244,279.59067,12.028639,12.191759,-0.0013410863,4.9472895,5.0,0
1273,8848,452521.08255802124,2863345.5584026244,575.26953,20.611269,315.74435,-0.00332489,4.3790984,4.0,0
3287,4499,322051.08255802124,2802925.5584026244,1004.0693,5.56626,24.87333,-0.00045023605,5.729548,6.0,0
1926,4125,310831.08255802124,2843755.5584026244,1078.1334,24.357687,15.486655,-0.0018500097,4.193657,6.0,0
3453,5045,338431.08255802124,2797945.5584026244,604.3237,30.828156,90.30866,0.002204861,3.9173944,6.0,0
3068,5300,346081.08255802124,2809495.5584026244,1505.341,7.7314405,199.77583,0.0045099217,5.3980336,6.0,0
4417,1127,220891.08255802124,2769025.5584026244,19.0,0.5761171,282.32858,-9.919854e-05,8.000835,4.0,0
415,3500,292081.08255802124,2889085.5584026244,43.299843,2.2050722,226.75044,0.0008081563,6.65817,4.0,0
1911,3789,300751.08255802124,2844205.5584026244,838.8286,5.2651625,56.424915,0.0020835707,5.785492,6.0,0
3287,4714,328501.08255802124,2802925.5584026244,1025.0283,37.581898,168.80585,-0.0048996317,3.6630812,6.0,0
1382,3973,306271.08255802124,2860075.5584026244,74.2225,2.1213496,344.49503,0.0011899567,6.6969147,4.0,0
2762,3323,286771.08255802124,2818675.5584026244,501.25183,5.9182825,221.14543,6.7715184e-05,5.667813,6.0,0
1563,1167,222091.08255802124,2854645.5584026244,133.91356,10.354433,135.7471,0.00077744585,5.1010394,6.0,0
3217,1641,236311.08255802124,2805025.5584026244,99.69207,8.974287,198.17265,0.002313849,5.246836,3.0,0
3989,4143,311371.08255802124,2781865.5584026244,2.0,0.0,0.0,0.0,10.308952,3.0,0
3780,8683,447571.08255802124,2788135.5584026244,642.2082,6.041409,78.74028,0.0031559921,5.6470714,5.0,0
1696,3871,303211.08255802124,2850655.5584026244,616.1273,18.635319,4.842397,-0.00435457,4.4882064,6.0,0
2245,4824,331801.08255802124,2834185.5584026244,1523.3264,5.173924,138.15488,-0.005947605,5.8030696,6.0,0
3519,6102,370141.08255802124,2795965.5584026244,1348.765,4.9735923,143.48299,-0.00074608705,5.842766,6.0,0
954,1327,226891.08255802124,2872915.5584026244,106.98387,9.037104,50.672573,-0.003435029,5.2397447,4.0,0
4234,3047,278491.08255802124,2774515.5584026244,9.1800585,1.1556189,215.07718,-4.937358e-05,7.3046527,3.0,0
3911,3482,291541.08255802124,2784205.5584026244,10.489463,4.240121,131.7099,0.00025351287,6.0030046,3.0,0
1193,7278,405421.08255802124,2865745.5584026244,671.23425,9.070388,219.15683,0.0008816698,5.2360063,6.0,0
3206,5700,358081.08255802124,2805355.5584026244,1653.7826,2.4698093,0.78578705,-0.00083977595,6.544664,6.0,0
2135,1656,236761.08255802124,2837485.5584026244,539.8513,7.597286,50.047546,0.0025140042,5.4157486,6.0,0
166,6489,381751.08255802124,2896555.5584026244,74.01355,11.183423,99.37287,-0.00228135,5.022178,4.0,0
2499,3270,285181.08255802124,2826565.5584026244,634.64795,4.005304,28.688715,0.00054875686,6.060174,3.0,0
4236,5279,345451.08255802124,2774455.5584026244,12.078605,1.2067329,90.18236,-0.0004103422,7.26136,1.0,0
1913,8765,450031.08255802124,2844145.5584026244,812.2936,4.4356303,145.46533,0.0018072339,5.957754,6.0,0
724,2120,250681.08255802124,2879815.5584026244,305.25137,19.757519,67.96236,0.0035659112,4.4251156,4.0,0
4122,4022,307741.08255802124,2777875.5584026244,6.797966,0.52282083,91.87941,-0.00025125465,8.097913,3.0,0
1913,6844,392401.08255802124,2844145.5584026244,1187.3885,36.52847,266.8862,0.003084107,3.7013159,6.0,0
3234,3447,290491.08255802124,2804515.5584026244,479.62372,1.4894032,160.59137,0.0005077193,7.0508237,6.0,0
223,1628,235921.08255802124,2894845.5584026244,32.251045,1.3593371,126.49082,0.0007870844,7.1422396,4.0,0
2859,2324,256801.08255802124,2815765.5584026244,640.3606,24.292196,218.5695,-0.0012103103,4.196702,6.0,0
756,6782,390541.08255802124,2878855.5584026244,137.52812,2.3709946,303.5238,0.00406907,6.5855436,6.0,0
3182,4618,325621.08255802124,2806075.5584026244,1312.7073,11.565723,112.316734,7.4157724e-05,4.987665,6.0,0
3842,8113,430471.08255802124,2786275.5584026244,570.45264,6.79435,154.32732,0.0013754442,5.5286303,3.0,0
656,5095,339931.08255802124,2881855.5584026244,50.906536,1.836412,32.63019,2.8494727e-05,6.841268,4.0,0
895,1329,226951.08255802124,2874685.5584026244,45.215267,5.091317,295.02075,0.0029970815,5.819251,4.0,0
2387,768,210121.08255802124,2829925.5584026244,169.16924,3.1346216,68.82959,-0.00056791515,6.3059173,6.0,0
3658,299,196051.08255802124,2791795.5584026244,26.0,0.21180736,82.567635,-0.00096854795,9.001498,2.0,0
2014,7769,420151.08255802124,2841115.5584026244,838.69934,4.2473774,36.658195,0.0003164165,6.0012884,6.0,0
3801,1946,245461.08255802124,2787505.5584026244,143.49063,10.748793,77.50138,-0.00077643094,5.0628023,3.0,0
403,2121,250711.08255802124,2889445.5584026244,41.90545,1.9015568,241.80966,0.0019161755,6.806384,4.0,0
2089,534,203101.08255802124,2838865.5584026244,142.93181,8.581829,340.47656,0.00027491245,5.2922597,3.0,0
362,7377,408391.08255802124,2890675.5584026244,58.84049,1.6045676,288.4672,-0.00021880785,6.9763083,4.0,0
3800,7417,409591.08255802124,2787535.5584026244,484.2105,2.292064,315.2376,-0.006128837,6.619438,3.0,0
2036,8685,447631.08255802124,2840455.5584026244,826.07556,11.637803,60.673756,0.00017038982,4.9812794,6.0,0
2557,4980,336481.08255802124,2824825.5584026244,1616.7571,13.316879,321.71234,-0.002036404,4.8421545,6.0,0
875,7839,422251.08255802124,2875285.5584026244,516.0874,27.485542,259.91107,0.0036103483,4.0546503,6.0,0
4382,5945,365431.08255802124,2770075.5584026244,9.904572,2.1366758,258.1533,-0.0005655097,6.689709,1.0,0
507,5616,355561.08255802124,2886325.5584026244,50.46129,1.2244471,214.56084,6.697126e-05,7.246783,4.0,0
2439,2462,260941.08255802124,2828365.5584026244,489.97186,19.20666,245.9674,0.0018791283,4.4556956,6.0,0
144,7698,418021.08255802124,2897215.5584026244,52.87194,1.4921664,63.37877,0.00086523057,7.0489693,4.0,0
4133,499,202051.08255802124,2777545.5584026244,20.944454,3.6715658,252.02162,-9.4664865e-05,6.147436,4.0,0
1638,2655,266731.08255802124,2852395.5584026244,215.20161,14.739827,155.53185,0.0022469116,4.7364635,6.0,0
4090,7919,424651.08255802124,2778835.5584026244,264.21964,9.738188,20.06336,-0.0047079255,5.163675,3.0,0
2403,4202,313141.08255802124,2829445.5584026244,1017.6756,22.699717,254.79214,-0.0029449633,4.272746,6.0,0
2017,1746,239461.08255802124,2841025.5584026244,493.87915,8.135567,316.69174,0.004268358,5.3464265,6.0,0
3302,4812,331441.08255802124,2802475.5584026244,1057.5305,31.62887,20.099102,-0.0075981985,3.8858697,6.0,0
3933,8081,429511.08255802124,2783545.5584026244,439.38174,11.418112,71.17129,-0.00021261442,5.0008616,3.0,0
2159,1006,217261.08255802124,2836765.5584026244,383.62982,9.250758,260.10925,-0.001007292,5.215976,6.0,0
4057,7970,426181.08255802124,2779825.5584026244,153.41826,6.8297896,206.70105,0.0005547841,5.5233784,3.0,0
826,7990,426781.08255802124,2876755.5584026244,534.3834,28.420845,308.87476,0.008953908,4.0152225,6.0,0
152,1144,221401.08255802124,2896975.5584026244,31.900164,0.9815995,118.79272,0.00020061174,7.4678984,4.0,0
854,4732,329041.08255802124,2875915.5584026244,59.495377,0.51132786,63.5504,-0.0012108623,8.120142,4.0,0
2975,7357,407791.08255802124,2812285.5584026244,1422.1581,9.099026,51.0112,0.0037785508,5.2328005,6.0,0
2553,8774,450301.08255802124,2824945.5584026244,996.0942,4.794368,168.72917,-0.0016956754,5.879645,3.0,0
3655,376,198361.08255802124,2791885.5584026244,25.006025,2.0147796,102.89602,-0.00039908517,6.7485023,2.0,0
3594,6709,388351.08255802124,2793715.5584026244,978.6383,7.598608,97.86299,-0.0019867113,5.4155726,6.0,0
408,6151,371611.08255802124,2889295.5584026244,50.04928,1.7512026,122.09535,0.00070424826,6.88881,6.0,0
3408,5706,358261.08255802124,2799295.5584026244,1453.3779,9.674615,79.01459,-0.0016835192,5.170351,6.0,0
3465,5337,347191.08255802124,2797585.5584026244,574.99347,17.439362,113.78829,0.0067107477,4.559128,6.0,0
1267,4936,335161.08255802124,2863525.5584026244,72.66273,1.546576,67.95341,0.0016818279,7.013138,6.0,0
3905,6444,380401.08255802124,2784385.5584026244,24.124088,2.5779684,86.214165,0.0008086369,6.5017476,1.0,0
1841,8624,445801.08255802124,2846305.5584026244,865.1342,1.2778162,37.189854,0.0007699077,7.204106,6.0,0
4306,6398,379021.08255802124,2772355.5584026244,11.025,1.1835258,316.81543,0.00045325488,7.280784,1.0,0
1769,8067,429091.08255802124,2848465.5584026244,769.2525,2.7244768,167.6665,0.004356164,6.446394,6.0,0
900,8084,429601.08255802124,2874535.5584026244,747.0632,8.167007,136.97397,-0.0030829536,5.342517,6.0,0
4350,5807,361291.08255802124,2771035.5584026244,8.471428,1.6886727,66.08093,0.0007817658,6.925192,1.0,0
3656,6695,387931.08255802124,2791855.5584026244,835.3449,19.218447,55.834087,-0.013337319,4.455034,3.0,0
2266,7070,399181.08255802124,2833555.5584026244,1178.3163,22.749723,177.4031,-0.0010350541,4.2702966,6.0,0
511,5195,342931.08255802124,2886205.5584026244,54.42204,2.7406921,351.95044,-0.0010291851,6.4404507,4.0,0
3575,2945,275431.08255802124,2794285.5584026244,108.42095,8.625618,140.27264,0.005581665,5.287093,3.0,0
1089,1483,231571.08255802124,2868865.5584026244,85.711945,9.267713,69.00631,0.0004531202,5.2141128,6.0,0
1723,3954,305701.08255802124,2849845.5584026244,800.4439,2.9458642,348.0469,-0.0013976033,6.36814,6.0,0
4365,3378,288421.08255802124,2770585.5584026244,5.6514335,0.81677324,94.77847,-8.866469e-05,7.6517506,3.0,0
2113,7593,414871.08255802124,2838145.5584026244,839.3862,13.780575,245.42435,-0.0014293754,4.8066173,6.0,0
135,1067,219091.08255802124,2897485.5584026244,33.398434,1.1382095,197.83385,0.00015125699,7.3198366,4.0,0
1033,406,199261.08255802124,2870545.5584026244,28.898201,5.2500353,223.91241,0.0004933627,5.7883854,4.0,0
3501,8512,442441.08255802124,2796505.5584026244,910.86896,5.883127,274.0302,-0.0031470745,5.673813,3.0,0
3649,8398,439021.08255802124,2792065.5584026244,712.1356,17.10101,135.42906,0.0012128362,4.5799594,3.0,0
3704,1381,228511.08255802124,2790415.5584026244,46.0,1.9194682,201.34998,0.0014634778,6.797002,3.0,0
2412,8551,443611.08255802124,2829175.5584026244,951.2495,5.1527033,79.35772,9.0349e-05,5.807202,6.0,0
3701,8513,442471.08255802124,2790505.5584026244,636.7136,4.8434663,151.44986,-0.00041541204,5.8694077,5.0,0
3638,8396,438961.08255802124,2792395.5584026244,713.7926,5.5102987,130.58768,0.003344879,5.7397156,3.0,0
3647,2310,256381.08255802124,2792125.5584026244,104.28045,27.735903,26.834764,-0.00041059707,4.04401,3.0,0
1622,3412,289441.08255802124,2852875.5584026244,243.04065,3.7857375,108.24094,0.0020661799,6.116727,6.0,0
1512,6714,388501.08255802124,2856175.5584026244,589.9896,9.197414,100.455215,0.003011661,5.2218604,6.0,0
3396,3824,301801.08255802124,2799655.5584026244,404.6655,27.518885,190.19322,-0.00036938972,4.0532293,6.0,0
2940,7943,425371.08255802124,2813335.5584026244,1290.4291,14.433375,225.73405,-0.00466512,4.7584095,6.0,0
1280,7316,406561.08255802124,2863135.5584026244,693.1149,3.3813012,281.7225,0.0015189955,6.230002,6.0,0
2539,1790,240781.08255802124,2825365.5584026244,780.61975,10.264212,297.73224,0.00026238337,5.1099825,6.0,0
4046,3863,302971.08255802124,2780155.5584026244,0.0,0.0,0.0,1.1329928e-05,10.308952,3.0,0
3653,5856,362761.08255802124,2791945.5584026244,265.66614,25.860914,94.20751,-6.9698435e-05,4.125358,6.0,0
200,811,211411.08255802124,2895535.5584026244,31.0,0.058172017,19.280817,0.00033059123,10.293775,4.0,0
3208,4908,334321.08255802124,2805295.5584026244,905.20306,29.42356,347.44583,0.006799384,3.9738755,6.0,0
1023,3353,287671.08255802124,2870845.5584026244,90.604706,8.570749,174.84511,0.0062692873,5.293571,4.0,0
2674,1742,239341.08255802124,2821315.5584026244,1016.0299,13.757587,292.4726,-0.0016585287,4.8083525,6.0,0
2870,4031,308011.08255802124,2815435.5584026244,754.65,19.748058,71.46052,0.0016863506,4.425635,6.0,0
1429,4096,309961.08255802124,2858665.5584026244,171.24309,12.414843,89.15388,0.00048686104,4.914708,4.0,0
1600,1091,219811.08255802124,2853535.5584026244,179.53912,6.193326,193.95923,-0.0029384824,5.6220465,6.0,0
307,9008,457321.08255802124,2892325.5584026244,64.364395,1.2413784,283.13275,-0.0011088117,7.2330456,6.0,0
376,4166,312061.08255802124,2890255.5584026244,39.999714,0.41627756,73.67898,0.00021975623,8.3258095,4.0,0
1655,6749,389551.08255802124,2851885.5584026244,795.7169,12.09515,311.6747,0.000104505685,4.941609,6.0,0
3667,8710,448381.08255802124,2791525.5584026244,958.8136,9.589227,345.63715,-0.0013225642,5.1793857,5.0,0
1655,1920,244681.08255802124,2851885.5584026244,301.75974,7.4369607,343.74762,0.0017009226,5.437324,6.0,0
4180,8463,440971.08255802124,2776135.5584026244,454.171,25.071165,105.362495,0.0019239471,4.1608677,5.0,0
2706,3510,292381.08255802124,2820355.5584026244,602.8758,8.268721,19.944342,0.0028777905,5.329968,6.0,0
3652,4319,316651.08255802124,2791975.5584026244,559.2672,7.578314,75.251854,0.0034631179,5.418278,6.0,0
3167,4609,325351.08255802124,2806525.5584026244,1323.5747,3.1149268,315.94745,-0.003464864,6.312233,6.0,0
4025,7762,419941.08255802124,2780785.5584026244,62.82597,32.668003,206.54182,-0.0009922852,3.8456109,3.0,0
1051,6221,373711.08255802124,2870005.5584026244,389.3801,16.982615,277.24823,0.0027440218,4.5873337,6.0,0
2992,7369,408151.08255802124,2811775.5584026244,1383.3239,16.638058,73.83558,-0.0053893365,4.6090565,6.0,0
1101,802,211141.08255802124,2868505.5584026244,35.50219,3.1247456,253.44437,-0.0007835229,6.309079,4.0,0
2736,8952,455641.08255802124,2819455.5584026244,908.7673,7.2556148,259.46518,-0.0015348308,5.462283,3.0,0
1729,5894,363901.08255802124,2849665.5584026244,773.6587,4.545449,18.151989,-0.00427614,5.933197,6.0,0
865,2734,269101.08255802124,2875585.5584026244,54.98793,1.3603274,27.56698,-0.00016199959,7.141511,4.0,0
2226,3353,287671.08255802124,2834755.5584026244,664.8712,10.515032,345.41418,-0.0027692667,5.085303,6.0,0
1445,1157,221791.08255802124,2858185.5584026244,61.377007,2.8343062,226.67143,0.004559963,6.406811,6.0,0
497,4882,333541.08255802124,2886625.5584026244,45.900127,2.9956582,60.478065,0.00013016805,6.3513484,4.0,0
3252,8071,429211.08255802124,2803975.5584026244,1218.7161,1.334647,138.51178,-0.0012151083,7.160577,3.0,0
307,8970,456181.08255802124,2892325.5584026244,64.67897,1.314963,204.18932,-0.0007897144,7.1754403,6.0,0
402,3202,283141.08255802124,2889475.5584026244,45.02874,1.154247,208.17783,-0.0016920874,7.305841,4.0,0
2529,6062,368941.08255802124,2825665.5584026244,1782.9935,8.8183775,148.27077,0.0025384862,5.2646465,6.0,0
2096,3268,285121.08255802124,2838655.5584026244,668.0169,7.3013387,283.3606,-0.0046035936,5.455933,6.0,0
3117,1823,241771.08255802124,2808025.5584026244,205.07973,13.965423,354.5621,0.006305228,4.792757,6.0,0
2618,177,192391.08255802124,2822995.5584026244,42.3091,0.53134674,77.8058,0.0010395314,8.081737,6.0,0
4090,3176,282361.08255802124,2778835.5584026244,10.204175,1.3897767,112.02278,0.0002663864,7.1200852,3.0,0
1713,4125,310831.08255802124,2850145.5584026244,720.2264,19.220203,132.30005,-0.0025179544,4.454935,6.0,0
4260,7653,416671.08255802124,2773735.5584026244,40.55775,7.2787666,190.59357,-0.0016216214,5.459063,3.0,0
972,2621,265711.08255802124,2872375.5584026244,68.156204,2.3882697,14.103616,-6.590734e-05,6.5782757,4.0,0
3150,4442,320341.08255802124,2807035.5584026244,1075.282,9.648417,88.53165,0.004574517,5.173115,6.0,0
1903,4163,311971.08255802124,2844445.5584026244,1083.1597,4.457325,289.77332,-0.000479499,5.952855,6.0,0
2820,5861,362911.08255802124,2816935.5584026244,1774.7388,12.2797575,236.45102,-0.004119907,4.9259944,6.0,0
3311,289,195751.08255802124,2802205.5584026244,56.51261,5.65539,154.15614,0.0037779107,5.7135606,2.0,0
3348,5860,362881.08255802124,2801095.5584026244,707.6597,32.524277,77.43419,-0.0023448686,3.851138,6.0,0
2694,3224,283801.08255802124,2820715.5584026244,527.50586,12.304587,301.3759,-2.0243475e-05,4.923911,3.0,0
1262,1401,229111.08255802124,2863675.5584026244,82.37063,6.1793537,35.508785,0.0036390345,5.624323,6.0,0
3477,2947,275491.08255802124,2797225.5584026244,147.26761,43.41249,198.13058,-0.0030161706,3.4566402,3.0,0
1804,7420,409681.08255802124,2847415.5584026244,993.8922,20.551134,280.11432,-0.002675103,4.3822875,6.0,0
4339,7088,399721.08255802124,2771365.5584026244,17.709608,2.8451664,235.24164,-0.00027226136,6.4029803,4.0,0
3909,1011,217411.08255802124,2784265.5584026244,22.917175,1.7000772,176.88719,0.00017653676,6.918457,2.0,0
3797,1185,222631.08255802124,2787625.5584026244,23.519205,1.8357604,178.76239,-0.00042019263,6.8416233,3.0,0
2804,3430,289981.08255802124,2817415.5584026244,396.3835,22.385101,194.42462,0.004235017,4.2882543,6.0,0
3077,6250,374581.08255802124,2809225.5584026244,1757.7498,10.965213,33.734158,0.0029502022,5.0423822,6.0,0
3516,108,190321.08255802124,2796055.5584026244,24.193563,2.2636268,358.60843,-0.0002496131,6.6319356,2.0,0
4092,1064,219001.08255802124,2778775.5584026244,20.894423,2.767618,305.62787,3.7126025e-05,6.4306593,2.0,0
3144,6140,371281.08255802124,2807215.5584026244,1661.4587,25.210848,313.8872,-0.006383056,4.1545286,6.0,0
1252,4865,333031.08255802124,2863975.5584026244,228.17035,23.44107,55.221523,0.0010937032,4.2368536,4.0,0
3188,2629,265951.08255802124,2805895.5584026244,168.40236,3.058939,210.7063,0.0010598289,6.3304057,3.0,0
204,1098,220021.08255802124,2895415.5584026244,33.262444,2.2340767,5.617562,6.587982e-05,6.645089,4.0,0
4184,8578,444421.08255802124,2776015.5584026244,403.30484,37.99661,295.71344,-0.0041823573,3.6481338,5.0,0
3764,761,209911.08255802124,2788615.5584026244,24.662045,0.7980588,329.5069,0.001067713,7.6749325,2.0,0
2966,2357,257791.08255802124,2812555.5584026244,678.6821,20.680563,190.51045,-0.0021750894,4.3754325,6.0,0
1238,7157,401791.08255802124,2864395.5584026244,783.85254,0.38152385,100.930565,0.002179718,8.412992,6.0,0
4260,2122,250741.08255802124,2773735.5584026244,13.35687,1.6752553,160.386,9.673516e-05,6.9331737,2.0,0
3807,3334,287101.08255802124,2787325.5584026244,127.90169,9.955778,6.8867464,0.00073158904,5.141135,3.0,0
3025,4984,336601.08255802124,2810785.5584026244,1552.8043,6.8011937,330.47266,-0.004027032,5.527614,6.0,0
1262,5475,351331.08255802124,2863675.5584026244,300.92303,26.222918,209.49847,-0.004275318,4.1093407,6.0,0
1860,367,198091.08255802124,2845735.5584026244,74.7694,4.838656,29.266884,-0.0021972253,5.870406,6.0,0
249,3894,303901.08255802124,2894065.5584026244,42.199116,1.8789566,334.2199,0.00015730325,6.8183494,4.0,0
3752,5442,350341.08255802124,2788975.5584026244,399.1312,20.35786,78.48838,-0.0032372281,4.3925896,1.0,0
4171,3590,294781.08255802124,2776405.5584026244,10.674283,0.9141546,124.38498,-0.0010991815,7.539095,3.0,0
3940,2834,272101.08255802124,2783335.5584026244,19.161676,2.4352455,233.0914,-0.001258627,6.5587745,3.0,0
3752,8102,430141.08255802124,2788975.5584026244,670.0689,2.8637822,202.36769,-0.00094528205,6.396448,3.0,0
4357,8112,430441.08255802124,2770825.5584026244,16.197903,3.210877,100.97428,1.9174477e-06,6.2818327,3.0,0
889,7061,398911.08255802124,2874865.5584026244,401.3112,7.212961,32.574528,0.0031081645,5.468242,6.0,0
1111,8849,452551.08255802124,2868205.5584026244,401.21423,7.5483456,272.82562,-0.0044861096,5.422287,4.0,0
3084,3537,293191.08255802124,2809015.5584026244,441.4928,20.893484,329.43262,0.008269696,4.3642325,6.0,0
461,5953,365671.08255802124,2887705.5584026244,204.69185,15.182545,292.90082,0.0027749422,4.705481,6.0,0
1543,3871,303211.08255802124,2855245.5584026244,597.44165,13.019172,259.17468,-0.0015826585,4.86558,6.0,0
4103,5053,338671.08255802124,2778445.5584026244,14.354491,1.8902615,21.764145,0.00012827158,6.8123465,5.0,0
3785,2928,274921.08255802124,2787985.5584026244,141.76799,13.462356,63.88085,-0.0038999727,4.830884,3.0,0
2276,5645,356431.08255802124,2833255.5584026244,1580.6783,10.851994,206.94225,0.0041415063,5.0530167,6.0,0
102,280,195481.08255802124,2898475.5584026244,50.246002,1.9453573,335.94946,-0.0009381379,6.783594,4.0,0
1433,2625,265831.08255802124,2858545.5584026244,248.25325,14.425352,4.255614,-0.0016551885,4.7589893,4.0,0
3619,7301,406111.08255802124,2792965.5584026244,856.25836,8.133322,41.23079,-0.0016995069,5.3467064,3.0,0
3945,3155,281731.08255802124,2783185.5584026244,15.513453,1.7971238,186.55594,-0.00025780732,6.862909,3.0,0
4149,6047,368491.08255802124,2777065.5584026244,11.080428,2.362153,22.217516,-0.00029837794,6.589284,1.0,0
3480,5717,358591.08255802124,2797135.5584026244,1048.0908,28.975952,136.8738,-0.002950389,3.9922204,6.0,0
2425,8380,438481.08255802124,2828785.5584026244,1074.5066,22.632282,318.1098,0.0018480093,4.276056,6.0,0
1735,3415,289531.08255802124,2849485.5584026244,627.312,15.785883,167.62,-0.0047872923,4.6645474,6.0,0
531,5784,360601.08255802124,2885605.5584026244,53.80784,1.0794756,352.9126,-0.00014129003,7.372831,6.0,0
4093,8689,447751.08255802124,2778745.5584026244,388.8877,30.500977,204.10504,0.005939737,3.930411,5.0,0
3080,6671,387211.08255802124,2809135.5584026244,1095.6886,29.849636,195.38899,0.005099114,3.9565735,6.0,0
2062,8040,428281.08255802124,2839675.5584026244,893.65424,13.872487,336.0019,0.0032421025,4.799704,6.0,0
838,1570,234181.08255802124,2876395.5584026244,65.644165,10.262615,341.67627,-0.0018233384,5.1101418,4.0,0
3875,8955,455731.08255802124,2785285.5584026244,559.9867,23.662827,132.74277,-0.0039379373,4.226287,5.0,0
1585,1283,225571.08255802124,2853985.5584026244,189.53087,8.653875,244.24402,-0.00033562552,5.283772,6.0,0
596,1752,239641.08255802124,2883655.5584026244,42.90515,6.9634876,173.51208,0.00080675655,5.5038033,4.0,0
2803,4891,333811.08255802124,2817445.5584026244,1460.8643,4.6344504,125.94162,-0.00026879206,5.9137225,6.0,0
1199,7575,414331.08255802124,2865565.5584026244,690.6225,7.893771,223.11678,0.0026494006,5.376995,6.0,0
4450,5250,344581.08255802124,2768035.5584026244,8.664705,1.557898,123.12339,8.545981e-05,7.0058403,4.0,0
3172,4433,320071.08255802124,2806375.5584026244,1046.989,3.994093,105.34978,-0.00035590286,6.0629864,6.0,0
2658,7841,422311.08255802124,2821795.5584026244,1301.5115,3.526846,44.531242,-0.00041826034,6.1877565,6.0,0
108,6587,384691.08255802124,2898295.5584026244,48.210705,1.8324449,125.745125,0.033638153,6.8434324,4.0,0
636,2902,274141.08255802124,2882455.5584026244,45.90376,1.7904481,256.83612,0.00046774122,6.866633,4.0,0
608,8802,451141.08255802124,2883295.5584026244,193.60223,14.08109,234.5458,-0.00097014965,4.78417,6.0,0
2624,3845,302431.08255802124,2822815.5584026244,742.9651,19.634558,359.7417,0.00039310023,4.431879,6.0,0
780,4381,318511.08255802124,2878135.5584026244,44.18991,0.22521704,62.17027,0.00062466087,8.94011,4.0,0
4238,2942,275341.08255802124,2774395.5584026244,10.159957,1.5432237,115.29006,0.0004832967,7.015309,3.0,0
2405,6043,368371.08255802124,2829385.5584026244,1583.3533,17.719917,69.76117,0.0030121186,4.542121,6.0,0
2444,5561,353911.08255802124,2828215.5584026244,1742.9363,14.32432,343.54572,-0.00507843,4.7663217,6.0,0
2457,6128,370921.08255802124,2827825.5584026244,1754.4479,3.9366622,348.11816,0.001792433,6.0775156,6.0,0
1882,2335,257131.08255802124,2845075.5584026244,263.84085,8.364052,169.52673,0.0006572215,5.3183427,6.0,0
1198,7835,422131.08255802124,2865595.5584026244,622.9958,2.2133636,148.7683,0.0030083212,6.6544137,6.0,0
2956,4946,335461.08255802124,2812855.5584026244,1530.7478,5.406433,117.029396,0.0014087254,5.7588606,6.0,0
2987,1968,246121.08255802124,2811925.5584026244,381.341,15.377196,69.37641,-0.0073990636,4.692117,6.0,0
3459,7372,408241.08255802124,2797765.5584026244,1058.875,5.452178,16.910215,-0.0011814372,5.7503843,3.0,0
2871,3813,301471.08255802124,2815405.5584026244,607.8015,9.991105,74.196556,-0.0015078394,5.137521,6.0,0
386,4342,317341.08255802124,2889955.5584026244,41.763424,2.0476203,163.73004,0.00037303608,6.7323203,4.0,0
3033,6977,396391.08255802124,2810545.5584026244,874.21356,21.717787,131.46567,0.0004649011,4.3217273,6.0,0
3967,2585,264631.08255802124,2782525.5584026244,20.964184,1.3376123,279.05798,-0.00023271563,7.1583567,3.0,0
1629,7006,397261.08255802124,2852665.5584026244,886.7514,7.6832356,163.92665,0.00060694374,5.404364,6.0,0
1715,184,192601.08255802124,2850085.5584026244,23.362759,1.7771443,303.6057,0.00035168015,6.874096,6.0,0
4173,4177,312391.08255802124,2776345.5584026244,9.651817,1.0229164,215.37576,-0.00047000247,7.4266605,5.0,0
2969,2431,260011.08255802124,2812465.5584026244,726.1612,39.064728,78.946556,0.0052282875,3.6098757,6.0,0
463,2509,262351.08255802124,2887645.5584026244,37.28963,1.1637491,203.25406,-0.00025944496,7.29764,4.0,0
3004,4263,314971.08255802124,2811415.5584026244,954.1296,13.682623,330.47058,0.0009346007,4.814031,6.0,0
3782,3848,302521.08255802124,2788075.5584026244,83.01436,7.047395,71.911026,0.0019451608,5.4917054,3.0,0
316,4519,322651.08255802124,2892055.5584026244,47.70162,2.9351876,322.7176,-0.00067869073,6.3717775,4.0,0
1514,941,215311.08255802124,2856115.5584026244,139.69376,10.8278675,237.00668,8.052401e-05,5.0552964,6.0,0
3848,1761,239911.08255802124,2786095.5584026244,52.877476,4.727029,275.16736,-0.0025469356,5.893855,3.0,0
3048,3983,306571.08255802124,2810095.5584026244,661.84607,5.2322817,28.750082,-0.0021351622,5.7917914,6.0,0
4221,5902,364141.08255802124,2774905.5584026244,13.897566,1.959152,66.07221,-1.29794935e-05,6.7765226,1.0,0
1327,8727,448891.08255802124,2861725.5584026244,574.8715,7.887684,133.76045,0.0009395684,5.3777766,4.0,0
4072,6706,388261.08255802124,2779375.5584026244,12.3901005,1.6210183,272.64557,1.6746242e-05,6.966103,1.0,0
4444,961,215911.08255802124,2768215.5584026244,16.077747,1.654598,187.94017,0.0003439421,6.945588,4.0,0
2688,2192,252841.08255802124,2820895.5584026244,501.23672,23.72371,204.13455,-0.0026238165,4.223399,6.0,0
1531,8914,454501.08255802124,2855605.5584026244,430.3815,6.740272,139.82004,0.0048134695,5.536696,4.0,0
144,1350,227581.08255802124,2897215.5584026244,33.288578,1.3101563,131.57022,2.5990812e-05,7.179104,4.0,0
1540,1346,227461.08255802124,2855335.5584026244,158.70094,12.153182,56.38746,-0.0004874719,4.9366765,6.0,0
4169,7722,418741.08255802124,2776465.5584026244,44.97659,18.822578,70.425964,-0.0020506468,4.4774585,3.0,0
940,4537,323191.08255802124,2873335.5584026244,54.322056,0.38207623,322.7582,0.00046453686,8.411545,4.0,0
4341,1303,226171.08255802124,2771305.5584026244,13.059511,1.5628624,280.3934,0.0011662907,7.0026574,4.0,0
1312,8213,433471.08255802124,2862175.5584026244,580.5705,11.541029,317.2201,0.0011812168,4.989862,4.0,0
4174,710,208381.08255802124,2776315.5584026244,18.193453,0.62928945,225.31767,-0.0004341274,7.912548,4.0,0
2239,7642,416341.08255802124,2834365.5584026244,1063.583,8.970707,225.03055,-0.0021585762,5.2472415,6.0,0
2360,5232,344041.08255802124,2830735.5584026244,1642.4858,18.735716,211.63443,-0.0016936916,4.482433,6.0,0
1763,3260,284881.08255802124,2848645.5584026244,615.1374,7.7228947,330.72546,-0.0058842977,5.399153,6.0,0
1573,5758,359821.08255802124,2854345.5584026244,592.3333,28.838202,23.26477,-0.0059278025,3.997902,6.0,0
1774,8261,434911.08255802124,2848315.5584026244,804.9201,22.126347,313.50418,0.0028304206,4.3011384,6.0,0
2964,4254,314701.08255802124,2812615.5584026244,980.73157,11.663711,351.4366,-0.0014341227,4.9789934,6.0,0
3049,341,197311.08255802124,2810065.5584026244,101.81569,11.516366,292.71143,-0.0029073928,4.99206,2.0,0
4121,4767,330091.08255802124,2777905.5584026244,10.499495,2.6103647,337.1157,0.00021221719,6.489242,5.0,0
408,603,205171.08255802124,2889295.5584026244,32.461823,4.0512624,39.10087,-0.00025734954,6.0487275,4.0,0
477,1321,226711.08255802124,2887225.5584026244,34.287327,1.6346902,303.94534,-3.215368e-05,6.9577,4.0,0
4097,5374,348301.08255802124,2778625.5584026244,10.551356,0.99431443,32.386387,-5.4323937e-05,7.4550257,1.0,0
1732,7419,409651.08255802124,2849575.5584026244,1070.7253,19.007057,137.3556,-0.00055548776,4.466959,6.0,0
164,5543,353371.08255802124,2896615.5584026244,49.932423,2.339608,96.128716,-0.0003407298,6.598885,4.0,0
433,5555,353731.08255802124,2888545.5584026244,54.154808,2.5648546,178.6535,0.00090983184,6.506854,4.0,0
330,8435,440131.08255802124,2891635.5584026244,72.125984,7.402925,141.07143,0.00017339922,5.4419627,4.0,0
3559,1326,226861.08255802124,2794765.5584026244,86.73192,16.21404,189.27878,0.0045925016,4.6363425,3.0,0
3317,5422,349741.08255802124,2802025.5584026244,1303.0206,36.38437,58.883247,0.01658644,3.7065785,6.0,0
3516,7478,411421.08255802124,2796055.5584026244,985.2516,4.8220487,118.79335,-0.0006667073,5.8738604,3.0,0
1771,7941,425311.08255802124,2848405.5584026244,829.2814,12.403108,26.288805,-0.0019597202,4.9156837,6.0,0
2656,8113,430471.08255802124,2821855.5584026244,1353.5504,2.0938263,260.02426,-0.0031211006,6.7099857,6.0,0
1194,7189,402751.08255802124,2865715.5584026244,829.9558,14.191101,20.11537,-0.0038163587,4.7760625,6.0,0
3517,4648,326521.08255802124,2796025.5584026244,206.0675,43.322433,286.48743,-0.000157814,3.459789,6.0,0
3827,2988,276721.08255802124,2786725.5584026244,22.822124,2.9872217,101.80323,-0.0010983562,6.354174,3.0,0
2325,6638,386221.08255802124,2831785.5584026244,1386.3761,10.416385,300.489,-0.00019714364,5.0949416,6.0,0
2042,8618,445621.08255802124,2840275.5584026244,823.3709,10.327885,233.85393,0.001800622,5.1036634,6.0,0
864,6985,396631.08255802124,2875615.5584026244,334.19748,9.72516,86.141914,0.004052251,5.1650395,6.0,0
3633,1605,235231.08255802124,2792545.5584026244,79.32896,6.76701,96.95171,-0.0034189392,5.5327,3.0,0
3978,9023,457771.08255802124,2782195.5584026244,1042.7699,27.147697,55.52628,0.0041155666,4.0691123,5.0,0
1282,3733,299071.08255802124,2863075.5584026244,79.05333,6.2373123,267.65613,0.0038297018,5.614914,4.0,0
1159,8779,450451.08255802124,2866765.5584026244,324.85873,26.644463,144.92642,0.00029129832,4.0908833,4.0,0
2163,3077,279391.08255802124,2836645.5584026244,474.28024,15.294019,180.00117,0.0016052924,4.6978087,6.0,0
2066,3322,286741.08255802124,2839555.5584026244,647.98035,5.4107313,29.864939,0.00087049697,5.7580614,6.0,0
218,2635,266131.08255802124,2894995.5584026244,37.03836,2.8584294,244.07812,5.9049402e-05,6.3983216,4.0,0
1209,4681,327511.08255802124,2865265.5584026244,103.04433,6.487165,359.9443,-0.000107547035,5.5753126,4.0,0
3553,2828,271921.08255802124,2794945.5584026244,99.13122,11.375282,314.11237,0.0023371975,5.0047207,3.0,0
3419,3385,288631.08255802124,2798965.5584026244,898.33966,10.002859,76.81267,-0.0007517328,5.1363206,6.0,0
821,1691,237811.08255802124,2876905.5584026244,243.24098,14.418129,262.4782,-0.0029799906,4.7595124,4.0,0
3977,2508,262321.08255802124,2782225.5584026244,26.915516,6.97701,5.470773,0.0005442561,5.501844,3.0,0
3274,6171,372211.08255802124,2803315.5584026244,1676.473,4.1620073,351.19455,-0.0011095852,6.021666,6.0,0
2091,4223,313771.08255802124,2838805.5584026244,1194.8972,10.565693,27.426735,-0.0016695148,5.080386,6.0,0
1108,3003,277171.08255802124,2868295.5584026244,64.33869,2.52022,5.8628416,0.0010180706,6.524433,4.0,0
4361,6540,383281.08255802124,2770705.5584026244,13.158764,1.5256385,275.3574,-2.8494454e-05,7.026775,4.0,0
2488,3978,306421.08255802124,2826895.5584026244,1003.98785,7.656588,251.09357,-0.0055002,5.4078803,6.0,0
2497,7836,422161.08255802124,2826625.5584026244,1185.8301,8.5798435,164.15695,0.004402228,5.292495,6.0,0
3748,1615,235531.08255802124,2789095.5584026244,57.132275,5.676733,322.31845,0.0019072065,5.709769,3.0,0
2470,8959,455851.08255802124,2827435.5584026244,845.6613,5.1508517,99.04848,-0.0062270947,5.8075633,3.0,0
4109,6304,376201.08255802124,2778265.5584026244,14.3024235,5.680457,148.86102,0.0014806925,5.709109,1.0,0
3381,7689,417751.08255802124,2800105.5584026244,832.7306,29.280712,232.5932,0.001919047,3.979711,3.0,0
1679,4917,334591.08255802124,2851165.5584026244,605.7335,18.479568,284.4031,-0.0046917554,4.4972167,6.0,0
3051,6443,380371.08255802124,2810005.5584026244,1325.8064,42.487854,95.0249,0.01316179,3.4890003,6.0,0
279,2943,275371.08255802124,2893165.5584026244,36.649483,1.3365659,221.86441,0.0007673274,7.159139,4.0,0
1667,6597,384991.08255802124,2851525.5584026244,682.4952,11.553832,186.00311,-0.0007980176,4.988723,6.0,0
1210,5592,354841.08255802124,2865235.5584026244,381.01727,12.4590645,78.87873,-0.0020441352,4.911038,6.0,0
4345,8893,453871.08255802124,2771185.5584026244,319.63242,30.002857,96.97893,-0.0064609693,3.9503884,3.0,0
2994,4802,331141.08255802124,2811715.5584026244,1455.5703,18.783955,238.508,-0.0031285263,4.479668,6.0,0
3453,5479,351451.08255802124,2797945.5584026244,911.77295,34.008884,82.47665,-0.0023388336,3.7946339,1.0,0
3917,7364,408001.08255802124,2784025.5584026244,43.038353,1.1487803,54.163597,0.00044308664,7.31059,1.0,0
1089,6028,367921.08255802124,2868865.5584026244,490.60504,23.283966,280.7212,-0.0035249414,4.2443857,6.0,0
3519,7813,421471.08255802124,2795965.5584026244,956.37964,27.31513,99.57571,-0.00466095,4.0619297,3.0,0
3243,676,207361.08255802124,2804245.5584026244,76.24232,8.236028,111.21559,0.0005485747,5.3339853,3.0,0
134,5280,345481.08255802124,2897515.5584026244,43.0,0.0,0.0,1.4129215e-05,10.308952,4.0,0
3466,4026,307861.08255802124,2797555.5584026244,493.29144,4.4099,49.451405,0.0003138479,5.963595,3.0,0
2681,830,211981.08255802124,2821105.5584026244,169.67955,17.875494,233.41223,-4.8751885e-05,4.5327907,6.0,0
2044,4892,333841.08255802124,2840215.5584026244,1410.3567,11.4178295,20.211088,-0.0017982654,5.000887,6.0,0
1331,2286,255661.08255802124,2861605.5584026244,278.31012,21.997927,161.07808,-0.001446635,4.307577,4.0,0
2956,3780,300481.08255802124,2812855.5584026244,463.85425,14.721859,83.05932,0.0001195525,4.7377386,6.0,0
1667,2034,248101.08255802124,2851525.5584026244,193.9516,9.882161,178.09059,0.0020178307,5.148708,6.0,0
3118,4058,308821.08255802124,2807995.5584026244,585.82043,10.768435,9.842687,-0.00064831204,5.060933,6.0,0
1922,7664,417001.08255802124,2843875.5584026244,800.9537,20.367374,350.49936,0.0036617024,4.392081,6.0,0
4259,784,210601.08255802124,2773765.5584026244,16.293858,0.85018164,202.20297,-0.00028844702,7.611656,4.0,0
830,6202,373141.08255802124,2876635.5584026244,368.1714,12.317263,13.726614,0.0035714721,4.922849,6.0,0
3068,5428,349921.08255802124,2809495.5584026244,1625.2156,13.69243,303.7349,-0.003665568,4.813287,6.0,0
2468,1651,236611.08255802124,2827495.5584026244,659.10895,32.270473,320.55392,-0.002848579,3.8609297,6.0,0
3672,3116,280561.08255802124,2791375.5584026244,239.20525,25.454832,212.85486,-0.0007910793,4.1435175,3.0,0
3874,3292,285841.08255802124,2785315.5584026244,117.67829,9.370139,210.7466,-0.0015774176,5.202925,3.0,0
682,7388,408721.08255802124,2881075.5584026244,296.42648,17.305977,350.98477,0.0009924147,4.5672975,4.0,0
2604,4176,312361.08255802124,2823415.5584026244,1110.2297,21.139019,53.154263,0.00066538504,4.3514314,6.0,0
471,8403,439171.08255802124,2887405.5584026244,456.54007,17.081882,256.1809,-0.0038749692,4.5811477,4.0,0
186,2382,258541.08255802124,2895955.5584026244,45.794872,2.9649808,338.04532,-0.0016747094,6.3616605,4.0,0
1639,6337,377191.08255802124,2852365.5584026244,735.3226,22.915403,209.15508,-0.0032499866,4.262211,6.0,0
3157,7961,425911.08255802124,2806825.5584026244,1265.9972,3.8241997,292.2597,0.0005441962,6.106589,6.0,0
1797,6483,381571.08255802124,2847625.5584026244,744.45526,13.157227,43.13365,0.00014058428,4.854656,6.0,0
4145,63,188971.08255802124,2777185.5584026244,21.0,2.1621394,159.29755,-0.0006071557,6.677851,4.0,0
1917,1536,233161.08255802124,2844025.5584026244,534.2156,19.697517,90.96319,0.0005252755,4.4284115,6.0,0
446,8303,436171.08255802124,2888155.5584026244,261.27505,23.43318,314.95404,0.0023235532,4.237231,4.0,0
3459,4788,330721.08255802124,2797765.5584026244,579.4352,35.514187,81.21057,0.0025270928,3.7385366,6.0,0
1440,159,191851.08255802124,2858335.5584026244,24.077497,3.0446749,348.4255,0.00041687436,6.3350883,4.0,0
1644,8113,430471.08255802124,2852215.5584026244,738.4728,16.174559,110.08488,0.0008086652,4.638915,6.0,0
1176,4275,315331.08255802124,2866255.5584026244,68.45939,2.6827204,193.77393,-0.00013725065,6.4618616,4.0,0
2213,3044,278401.08255802124,2835145.5584026244,463.88126,10.210401,153.24995,-0.0006514062,5.1153526,6.0,0
1604,4754,329701.08255802124,2853415.5584026244,171.6922,13.155546,183.4873,0.0013173718,4.8547883,6.0,0
1367,3039,278251.08255802124,2860525.5584026244,87.7696,4.214403,22.69072,-0.00022937986,6.0091105,4.0,0
4337,7170,402181.08255802124,2771425.5584026244,13.619401,2.8205206,222.69841,-6.182935e-05,6.4116945,4.0,0
3384,8072,429241.08255802124,2800015.5584026244,1150.5641,6.428578,151.60626,-6.4154796e-05,5.5844626,3.0,0
4204,2490,261781.08255802124,2775415.5584026244,13.909096,1.4660044,297.31955,0.00028906108,7.0666656,3.0,0
1207,8513,442471.08255802124,2865325.5584026244,666.9186,6.8074236,46.132473,-0.0026508248,5.5266895,4.0,0
3245,8933,455071.08255802124,2804185.5584026244,859.05945,4.5461464,277.51505,0.0009017435,5.933043,5.0,0
4132,3127,280891.08255802124,2777575.5584026244,10.306877,1.8908703,221.87859,-0.00061428867,6.812024,3.0,0
1640,7924,424801.08255802124,2852335.5584026244,972.9915,12.27715,91.49412,0.002636549,4.9262137,6.0,0
3957,4570,324181.08255802124,2782825.5584026244,7.0693545,3.7194562,223.15485,0.0009227643,6.134441,6.0,0
1669,2030,247981.08255802124,2851465.5584026244,217.55423,9.916023,212.58678,-0.0028133774,5.145218,6.0,0
2922,3880,303481.08255802124,2813875.5584026244,626.4277,4.2773523,44.72365,0.001897227,5.9942303,6.0,0
3778,7055,398731.08255802124,2788195.5584026244,321.74115,39.455963,238.43228,-0.0038586592,3.59594,3.0,0
1827,8436,440161.08255802124,2846725.5584026244,968.4046,11.448333,123.73519,-0.0027974953,4.9981465,6.0,0
1795,4434,320101.08255802124,2847685.5584026244,946.083,22.537964,336.34958,-0.0020018516,4.2806983,6.0,0
454,5600,355081.08255802124,2887915.5584026244,49.285,0.9238141,51.652336,-0.00027933862,7.528582,4.0,0
471,8161,431911.08255802124,2887405.5584026244,76.31395,2.3380942,287.3796,-0.00047149448,6.599533,4.0,0
914,3418,289621.08255802124,2874115.5584026244,54.98686,2.0989,276.89032,-0.0007262367,6.7075634,4.0,0
4002,5404,349201.08255802124,2781475.5584026244,22.119719,7.0744567,211.376,0.00032907425,5.4878335,1.0,0
1710,7373,408271.08255802124,2850235.5584026244,1010.2657,11.186354,320.34537,0.0009526061,5.0219097,6.0,0
1323,5907,364291.08255802124,2861845.5584026244,359.67957,3.730253,302.8639,0.0028632693,6.131534,6.0,0
1608,2334,257101.08255802124,2853295.5584026244,286.0292,12.527566,41.45496,-0.000627526,4.905377,6.0,0
3179,1368,228121.08255802124,2806165.5584026244,62.896404,16.849699,176.14505,0.0032193472,4.595667,6.0,0
1044,4882,333541.08255802124,2870215.5584026244,310.22906,24.08425,146.35608,-1.7132348e-05,4.2064123,4.0,0
2446,6238,374221.08255802124,2828155.5584026244,1754.5342,10.063265,307.34473,-0.002004327,5.130175,6.0,0
386,5785,360631.08255802124,2889955.5584026244,54.0,0.41395137,167.90887,-0.00086216506,8.331414,6.0,0
2425,1129,220951.08255802124,2828785.5584026244,356.34344,10.881796,196.55376,0.0020817732,5.050207,6.0,0
3839,6455,380731.08255802124,2786365.5584026244,284.3778,15.943766,148.88138,-0.003000217,4.654068,1.0,0
2036,901,214111.08255802124,2840455.5584026244,298.44534,9.93538,178.07028,-0.0021481663,5.143228,6.0,0
1094,794,210901.08255802124,2868715.5584026244,36.381325,1.247801,282.7863,-0.001954288,7.2278833,4.0,0
4155,2205,253231.08255802124,2776885.5584026244,12.0,1.1247336,288.5818,-4.816347e-05,7.33175,2.0,0
1386,558,203821.08255802124,2859955.5584026244,48.015453,0.41076314,310.89667,0.00063663593,8.339146,4.0,0
3879,6222,373741.08255802124,2785165.5584026244,50.50804,5.228172,174.65863,-0.00634907,5.792582,1.0,0
1312,6460,380881.08255802124,2862175.5584026244,467.26035,19.722471,217.93996,0.006498413,4.4270396,6.0,0
2373,614,205501.08255802124,2830345.5584026244,115.54572,7.8272743,80.74373,-0.0013054572,5.385562,3.0,0
1083,2993,276871.08255802124,2869045.5584026244,63.74316,2.773301,164.21571,-0.0015837902,6.4286046,4.0,0
2632,3696,297961.08255802124,2822575.5584026244,664.6895,13.115438,29.054653,-0.0015704005,4.857951,6.0,0
3291,6444,380401.08255802124,2802805.5584026244,1043.751,36.0622,102.75549,-0.00041659895,3.7183738,6.0,0
3617,4060,308881.08255802124,2793025.5584026244,411.5848,3.8605936,346.8241,0.0006193881,6.0970883,3.0,0
2660,685,207631.08255802124,2821735.5584026244,63.45429,6.262641,19.248623,-0.0010348596,5.610829,6.0,0
3951,1586,234661.08255802124,2783005.5584026244,17.86936,1.3189522,306.09692,-0.00014114223,7.17241,3.0,0
893,7124,400801.08255802124,2874745.5584026244,646.02625,29.463224,300.95908,0.000927565,3.9722583,6.0,0
1957,2536,263161.08255802124,2842825.5584026244,257.49374,7.5743685,189.95294,-0.000907313,5.418805,6.0,0
2783,998,217021.08255802124,2818045.5584026244,116.18062,17.830055,182.78076,-0.0019870165,4.5355086,6.0,0
123,7510,412381.08255802124,2897845.5584026244,53.876133,0.74919385,347.11682,0.00034183607,7.738125,4.0,0
2561,2582,264541.08255802124,2824705.5584026244,381.02515,17.44125,282.20117,0.002988595,4.5590124,6.0,0
1579,2718,268621.08255802124,2854165.5584026244,357.96542,21.967918,174.95206,0.00054957037,4.309086,6.0,0
359,6447,380491.08255802124,2890765.5584026244,56.12319,1.0843593,113.29551,0.00038718223,7.3683157,4.0,0
2057,6952,395641.08255802124,2839825.5584026244,962.4514,7.9102635,284.4508,-0.004835341,5.3748813,6.0,0
4081,3007,277291.08255802124,2779105.5584026244,10.772774,4.86282,189.18861,0.00092164346,5.865401,3.0,0
2492,5483,351571.08255802124,2826775.5584026244,1629.7814,10.256911,270.60974,-0.0018901913,5.1107097,6.0,0
415,4363,317971.08255802124,2889085.5584026244,43.044697,2.5371764,220.49788,-2.9817165e-05,6.517719,4.0,0
3999,952,215641.08255802124,2781565.5584026244,18.77825,2.9025633,310.55627,-4.9619135e-05,6.382974,2.0,0
2532,2510,262381.08255802124,2825575.5584026244,358.86557,10.066725,70.26081,0.00118955,5.129824,6.0,0
1649,1551,233611.08255802124,2852065.5584026244,326.4565,11.305688,153.51021,-0.0019069418,5.0110207,6.0,0
1232,3389,288751.08255802124,2864575.5584026244,355.18448,11.5538645,36.03198,0.0049307933,4.9887195,4.0,0
1020,2851,272611.08255802124,2870935.5584026244,77.18519,3.0543234,171.95456,-0.0002546417,6.3319182,4.0,0
2444,5486,351661.08255802124,2828215.5584026244,1678.7058,14.87451,33.967598,0.002379286,4.7269497,6.0,0
2410,8355,437731.08255802124,2829235.5584026244,1096.6224,10.132497,268.88226,-0.0005936007,5.123175,6.0,0
925,7738,419221.08255802124,2873785.5584026244,378.61023,8.032411,94.54311,0.003650326,5.3593583,6.0,0
674,3495,291931.08255802124,2881315.5584026244,44.259197,0.59055173,123.86116,8.179771e-05,7.976087,4.0,0
1690,2974,276301.08255802124,2850835.5584026244,315.97485,8.352721,263.00854,-0.009715771,5.3197174,6.0,0
979,8379,438451.08255802124,2872165.5584026244,563.8438,11.551047,220.76363,-0.0056655714,4.9889703,4.0,0
1219,2386,258661.08255802124,2864965.5584026244,151.9542,13.794391,168.75716,0.0075240075,4.8055754,4.0,0
1143,1820,241681.08255802124,2867245.5584026244,82.66151,6.5318894,246.55457,0.0059990734,5.5683827,4.0,0
3991,8890,453781.08255802124,2781805.5584026244,896.89417,11.327344,341.19983,-0.0028563605,5.009056,5.0,0
1129,7564,414001.08255802124,2867665.5584026244,731.655,23.530811,79.725876,-0.0019007022,4.2325683,6.0,0
2441,7464,411001.08255802124,2828305.5584026244,948.27747,6.042639,323.74677,0.00053117535,5.6468663,6.0,0
4365,2162,251941.08255802124,2770585.5584026244,15.059015,2.54024,89.03761,4.2348736e-05,6.5165105,4.0,0
2133,1906,244261.08255802124,2837545.5584026244,447.4906,17.96499,268.54718,-0.001580683,4.5274553,6.0,0
257,3190,282781.08255802124,2893825.5584026244,37.21772,2.3500829,166.24847,0.0007976585,6.594413,4.0,0
3981,4273,315271.08255802124,2782105.5584026244,6.4123607,2.786767,130.30563,0.00017871264,6.4237533,3.0,0
604,4108,310321.08255802124,2883415.5584026244,41.146866,4.918301,298.12192,0.0020109834,5.854001,4.0,0
1543,8704,448201.08255802124,2855245.5584026244,724.6936,16.014668,310.71527,-0.004476132,4.649392,6.0,0
103,2602,265141.08255802124,2898445.5584026244,30.0,0.33517382,301.12915,0.00023301177,8.542519,4.0,0
1094,3365,288031.08255802124,2868715.5584026244,178.82784,15.89534,227.95999,-0.0011229748,4.6572723,4.0,0
2332,7685,417631.08255802124,2831575.5584026244,1166.1042,6.156876,216.6822,0.004076911,5.6279955,6.0,0
404,7823,421771.08255802124,2889415.5584026244,72.32363,18.738676,242.45403,0.0034304282,4.482263,4.0,0
2293,5080,339481.08255802124,2832745.5584026244,1631.0925,6.3360424,156.5714,-0.0040011597,5.599082,6.0,0
142,7821,421711.08255802124,2897275.5584026244,59.332905,1.7219871,288.7707,-0.0011989085,6.9056444,4.0,0
4147,4225,313831.08255802124,2777125.5584026244,6.034082,2.4548168,284.21896,-0.000159059,6.5507603,5.0,0
1472,5228,343921.08255802124,2857375.5584026244,457.75848,15.16826,264.4444,-0.00717147,4.706468,6.0,0
2879,3048,278521.08255802124,2815165.5584026244,212.19885,13.792678,121.27581,-0.0011952168,4.8057046,3.0,0
1521,875,213331.08255802124,2855905.5584026244,108.1537,3.8046708,353.50223,0.0046697576,6.1117234,6.0,0
2921,5426,349861.08255802124,2813905.5584026244,1583.6149,4.911434,221.67494,0.0013020831,5.855405,6.0,0
484,6090,369781.08255802124,2887015.5584026244,77.44801,7.05645,166.19861,0.0070580035,5.4904084,6.0,0
1477,1688,237721.08255802124,2857225.5584026244,341.78473,19.961914,161.70499,-1.9834843e-06,4.4139504,6.0,0
4257,6705,388231.08255802124,2773825.5584026244,12.155288,1.864529,4.7732377,0.00015676339,6.8260627,1.0,0
470,4508,322321.08255802124,2887435.5584026244,44.525185,0.7398788,149.61281,0.0007663006,7.750638,4.0,0
162,8815,451531.08255802124,2896675.5584026244,61.089344,1.7254775,62.941616,-0.00024294536,6.9036183,4.0,0
1903,8908,454321.08255802124,2844445.5584026244,849.1276,6.9662976,311.7182,0.0012559171,5.5033956,6.0,0
4365,770,210181.08255802124,2770585.5584026244,15.261878,1.5048151,213.2229,0.0003544439,7.0405245,4.0,0
977,3285,285631.08255802124,2872225.5584026244,61.40966,1.7366174,319.66324,-0.00042232935,6.8971786,4.0,0
298,718,208621.08255802124,2892595.5584026244,30.265312,1.5245324,120.23069,-0.00020825755,7.0275006,4.0,0
456,5563,353971.08255802124,2887855.5584026244,51.301632,1.8134224,236.38524,0.000279043,6.853874,4.0,0
1968,371,198211.08255802124,2842495.5584026244,84.78451,1.66079,170.68231,-0.0020930776,6.9418507,6.0,0
4314,5133,341071.08255802124,2772115.5584026244,7.545463,1.0708957,239.24792,0.00076427957,7.3808126,5.0,0
206,713,208471.08255802124,2895355.5584026244,34.64764,2.0198202,288.6822,-0.0002466647,6.7460017,4.0,0
1374,1217,223591.08255802124,2860315.5584026244,135.69868,11.512401,202.01266,0.00083619443,4.992414,6.0,0
4336,6373,378271.08255802124,2771455.5584026244,9.679129,1.5143323,273.1616,6.709335e-05,7.034217,1.0,0
2469,7657,416791.08255802124,2827465.5584026244,1222.8893,7.271201,146.11316,-0.001463284,5.460114,6.0,0
119,3320,286681.08255802124,2897965.5584026244,34.0,0.0,0.0,0.0,10.308952,4.0,0
3978,5783,360571.08255802124,2782195.5584026244,36.322235,4.1118217,110.61933,0.0004390928,6.033839,6.0,0
2761,1820,241681.08255802124,2818705.5584026244,1128.6472,9.5117655,181.37608,-0.003673028,5.187649,6.0,0
2451,2983,276571.08255802124,2828005.5584026244,428.89178,7.684327,75.46692,-0.0008008321,5.4042206,6.0,0
2736,8710,448381.08255802124,2819455.5584026244,1082.8649,9.486426,269.846,-0.007311605,5.190366,3.0,0
1708,8237,434191.08255802124,2850295.5584026244,696.95917,12.810296,285.87042,0.0021249221,4.882315,6.0,0
1426,7121,400711.08255802124,2858755.5584026244,845.7144,16.072094,285.96237,-0.0003627353,4.6456184,6.0,0
3243,9000,457081.08255802124,2804245.5584026244,987.1316,11.14644,108.43816,0.00018107097,5.025576,5.0,0
1238,2865,273031.08255802124,2864395.5584026244,148.04807,26.166779,333.5968,0.0010126834,4.1118145,4.0,0
294,6528,382921.08255802124,2892715.5584026244,55.70953,1.5950835,356.78,-0.00071771303,6.98224,4.0,0
4111,9084,459601.08255802124,2778205.5584026244,554.9673,23.62888,293.93323,-0.018078063,4.2278996,5.0,0
3856,7863,422971.08255802124,2785855.5584026244,129.94722,40.44169,314.00568,0.0050084647,3.5609882,3.0,0
3629,4713,328471.08255802124,2792665.5584026244,806.8741,6.122254,81.536224,-0.0004268051,5.633678,6.0,0
2523,5367,348091.08255802124,2825845.5584026244,1768.9194,7.0787687,315.01227,-0.0013418242,5.4872184,6.0,0
176,2984,276601.08255802124,2896255.5584026244,39.162807,1.5176232,48.294106,-0.0007254664,7.032045,4.0,0
1602,5458,350821.08255802124,2853475.5584026244,479.53934,18.666134,213.8286,0.0060528056,4.4864316,6.0,0
3533,3671,297211.08255802124,2795545.5584026244,427.0927,7.139634,31.383366,0.0020071496,5.478568,6.0,0
266,313,196471.08255802124,2893555.5584026244,26.83421,0.2765644,179.56181,0.00020432686,8.734728,4.0,0
768,3312,286441.08255802124,2878495.5584026244,47.186443,1.7610943,144.96768,-0.000779313,6.883174,4.0,0
249,330,196981.08255802124,2894065.5584026244,27.109392,1.1593088,342.67273,0.000119375676,7.301464,4.0,0
1669,4598,325021.08255802124,2851465.5584026244,759.2455,11.215631,255.42706,-0.0017080349,5.019228,6.0,0
912,3519,292651.08255802124,2874175.5584026244,53.138515,2.3488061,101.569244,-0.0007969306,6.594957,4.0,0
3911,5143,341371.08255802124,2784205.5584026244,34.72803,12.544419,240.04431,0.0004487731,4.903989,6.0,0
2047,8571,444211.08255802124,2840125.5584026244,870.7045,13.188014,198.5579,-0.0010646906,4.8522344,6.0,0
3059,9026,457861.08255802124,2809765.5584026244,990.2979,7.1828203,170.915,-0.004196828,5.4724746,3.0,0
3341,1368,228121.08255802124,2801305.5584026244,239.063,7.7608447,66.315285,-0.0029969153,5.3941913,3.0,0
311,5556,353761.08255802124,2892205.5584026244,44.0,0.0,0.0,0.0,10.308952,4.0,0
3890,8130,430981.08255802124,2784835.5584026244,238.45522,31.553864,141.61436,-0.0019595092,3.8888037,3.0,0
3299,3838,302221.08255802124,2802565.5584026244,296.72534,14.603396,43.11659,0.0020567917,4.7461815,6.0,0
1157,4924,334801.08255802124,2866825.5584026244,152.28357,35.255817,183.77467,0.0030441498,3.7480884,4.0,0
500,6654,386701.08255802124,2886535.5584026244,198.35999,14.692538,97.436485,0.005181974,4.7398224,4.0,0
1239,4836,332161.08255802124,2864365.5584026244,151.05298,15.705806,6.280353,-0.0013927165,4.6698985,4.0,0
3826,1868,243121.08255802124,2786755.5584026244,77.97805,2.0017743,180.83522,-0.002336748,6.7549834,3.0,0
308,7202,403141.08255802124,2892295.5584026244,81.15514,6.5399313,183.98491,-0.00060510845,5.5671415,4.0,0
2350,8884,453601.08255802124,2831035.5584026244,800.2517,9.432165,351.94476,-0.00574863,5.1962075,3.0,0
3622,6462,380941.08255802124,2792875.5584026244,502.6006,29.53738,288.42474,-0.008170988,3.9692385,6.0,0
1513,1597,234991.08255802124,2856145.5584026244,261.4245,6.1382174,212.86687,0.0029915532,5.631054,6.0,0
3216,1280,225481.08255802124,2805055.5584026244,62.813488,10.422746,0.8799975,0.0003647063,5.0943174,6.0,0
2485,8116,430561.08255802124,2826985.5584026244,1154.5105,15.438981,186.33447,0.0076070484,4.687907,6.0,0
1705,1510,232381.08255802124,2850385.5584026244,371.5823,11.05298,319.01923,-0.0009921687,5.0342107,6.0,0
2616,7734,419101.08255802124,2823055.5584026244,1296.5668,7.120966,30.752926,-0.00048248295,5.4812136,6.0,0
2947,633,206071.08255802124,2813125.5584026244,130.99521,5.5198965,3.6078508,-0.0005061212,5.7379646,6.0,0
3318,3247,284491.08255802124,2801995.5584026244,407.92908,21.614307,14.981382,-0.001152301,4.326991,6.0,0
3438,5995,366931.08255802124,2798395.5584026244,1479.7411,7.6713223,133.71939,-0.0005611504,5.405935,6.0,0
2549,6130,370981.08255802124,2825065.5584026244,1748.779,8.0885935,163.46689,0.004862671,5.3522954,6.0,0
2582,5675,357331.08255802124,2824075.5584026244,1728.8931,17.61244,334.20035,-0.0047005205,4.5486083,6.0,0
4228,6795,390931.08255802124,2774695.5584026244,11.913529,1.494836,338.03296,-3.4686473e-05,7.047181,1.0,0
902,7581,414511.08255802124,2874475.5584026244,599.2228,12.930078,21.397865,0.0018076748,4.8726873,6.0,0
3594,844,212401.08255802124,2793715.5584026244,48.228558,5.3760934,254.3711,0.002353504,5.7645216,2.0,0
833,6481,381511.08255802124,2876545.5584026244,252.10974,22.953175,310.52325,0.0031950423,4.260374,6.0,0
3841,3795,300931.08255802124,2786305.5584026244,8.751986,1.7139524,163.63985,0.0010278663,6.910324,3.0,0
889,6248,374521.08255802124,2874865.5584026244,419.32532,24.088434,132.0795,0.002907189,4.2062163,6.0,0
2405,3258,284821.08255802124,2829385.5584026244,589.5176,4.05193,162.10143,0.0007900323,6.048562,6.0,0
2382,4436,320161.08255802124,2830075.5584026244,1250.9716,1.6993608,197.79568,0.0019737072,6.918879,6.0,0
2122,8044,428401.08255802124,2837875.5584026244,963.0263,23.856066,256.16257,0.003659617,4.2171407,6.0,0
2727,2833,272071.08255802124,2819725.5584026244,150.69247,22.314245,105.5388,0.001431427,4.291771,6.0,0
2847,8400,439081.08255802124,2816125.5584026244,1250.4371,6.3328323,206.01006,0.0023669773,5.599593,6.0,0
2993,1227,223891.08255802124,2811745.5584026244,96.454796,1.8802882,156.05054,0.00035931054,6.8176403,6.0,0
2887,2550,263581.08255802124,2814925.5584026244,516.218,12.479963,333.6082,0.0014571382,4.909308,6.0,0
678,3633,296071.08255802124,2881195.5584026244,41.540894,1.0914298,76.89415,-0.000108734755,7.361815,4.0,0
191,3006,277261.08255802124,2895805.5584026244,32.459324,4.048771,140.71721,0.0016158337,6.0493445,4.0,0
772,5896,363961.08255802124,2878375.5584026244,287.67474,10.114103,326.15778,0.00045696693,5.1250305,6.0,0
1608,4555,323731.08255802124,2853295.5584026244,753.4445,10.02591,67.51245,0.0010612657,5.1339717,6.0,0
602,4482,321541.08255802124,2883475.5584026244,43.526695,1.2737068,5.387289,2.8989569e-05,7.2073283,4.0,0
1520,1966,246061.08255802124,2855935.5584026244,282.8978,9.59715,269.32312,-0.0036684163,5.178544,4.0,0
3054,3937,305191.08255802124,2809915.5584026244,568.13025,6.6996155,357.36087,0.0001594882,5.542802,6.0,0
2954,1521,232711.08255802124,2812915.5584026244,248.58092,17.2526,117.40302,0.0023673968,4.570582,6.0,0
3552,7838,422221.08255802124,2794975.5584026244,917.89514,27.9527,289.9261,-0.00043399388,4.034848,3.0,0
4223,8389,438751.08255802124,2774845.5584026244,230.67874,22.922714,53.439632,-0.002030089,4.261855,5.0,0
2672,4119,310651.08255802124,2821375.5584026244,986.68756,15.216882,46.833622,-0.0031593833,4.7031126,6.0,0
1433,909,214351.08255802124,2858545.5584026244,123.037674,5.442924,308.7892,-0.0025860383,5.7520933,6.0,0
2499,1574,234301.08255802124,2826565.5584026244,774.55695,40.805626,9.323166,0.00027916813,3.5481346,6.0,0
4200,6366,378061.08255802124,2775535.5584026244,14.456373,4.8698826,250.95981,-0.0006938911,5.863942,1.0,0
787,2968,276121.08255802124,2877925.5584026244,55.270763,2.2089503,334.747,-0.0012127791,6.656411,4.0,0
2000,832,212041.08255802124,2841535.5584026244,266.6021,2.1031654,78.474434,0.003461219,6.7055316,6.0,0
2727,7683,417571.08255802124,2819725.5584026244,1388.2423,1.9580817,354.2186,0.0018895128,6.7770696,6.0,0
2147,7290,405781.08255802124,2837125.5584026244,912.42426,11.861732,307.58487,-0.0038826496,4.9616756,6.0,0
2047,1725,238831.08255802124,2840125.5584026244,474.45465,5.255467,222.27518,0.0022826046,5.7873454,6.0,0
4228,1871,243211.08255802124,2774695.5584026244,11.765638,3.2523637,341.26593,0.00029358413,6.2689676,2.0,0
221,4974,336301.08255802124,2894905.5584026244,48.0,0.7762938,203.76225,3.653209e-05,7.7025876,4.0,0
3369,993,216871.08255802124,2800465.5584026244,86.1854,9.753115,292.7262,-0.001816453,5.162113,3.0,0
2997,1572,234241.08255802124,2811625.5584026244,455.91873,14.050558,86.09992,0.002849028,4.7864304,6.0,0
3729,4415,319531.08255802124,2789665.5584026244,328.09796,37.52243,145.56398,0.0043970994,3.665229,6.0,0
4277,1385,228631.08255802124,2773225.5584026244,21.661243,0.4827884,297.87424,-0.0019667752,8.177578,4.0,0
2665,8990,456781.08255802124,2821585.5584026244,875.83435,9.789794,136.47185,0.00015443588,5.1582856,3.0,0
3240,3395,288931.08255802124,2804335.5584026244,467.6544,2.0315912,344.232,0.0008994123,6.7401857,6.0,0
3539,4799,331051.08255802124,2795365.5584026244,983.9439,9.379502,41.487545,-9.855484e-05,5.2019086,6.0,0
1323,241,194311.08255802124,2861845.5584026244,24.015902,5.4776306,262.07666,0.0010925367,5.7456985,4.0,0
1334,5182,342541.08255802124,2861515.5584026244,210.14258,10.924899,202.84753,-0.0037167699,5.046157,6.0,0
3453,4975,336331.08255802124,2797945.5584026244,743.8502,25.20152,158.83989,-0.004152493,4.154951,6.0,0
372,3525,292831.08255802124,2890375.5584026244,43.613934,4.8570676,195.77324,1.4169433e-05,5.86659,4.0,0
3155,4002,307141.08255802124,2806885.5584026244,534.7224,11.108493,26.346073,0.0019749112,5.0290737,6.0,0
3671,342,197341.08255802124,2791405.5584026244,20.865242,1.3028435,101.365585,0.00048911414,7.184703,2.0,0
1597,2081,249511.08255802124,2853625.5584026244,292.55002,16.123426,179.83627,-0.0021942141,4.642256,6.0,0
1377,3883,303571.08255802124,2860225.5584026244,361.27222,27.877102,311.39435,-0.0005706449,4.038038,4.0,0
1927,1983,246571.08255802124,2843725.5584026244,338.3051,8.26874,141.85274,0.001506229,5.329966,6.0,0
1589,2755,269731.08255802124,2853865.5584026244,357.20352,9.42634,312.20016,0.0074212477,5.196837,6.0,0
1123,2723,268771.08255802124,2867845.5584026244,192.95836,13.143287,222.34975,-0.0016618982,4.855754,4.0,0
1416,4468,321121.08255802124,2859055.5584026244,417.08643,4.5701847,108.98903,-0.0032590146,5.927747,6.0,0
926,4210,313381.08255802124,2873755.5584026244,52.33769,2.9128718,202.65367,-0.00027687178,6.3794227,4.0,0
843,4614,325501.08255802124,2876245.5584026244,46.568203,0.6691727,187.13568,0.00030106225,7.851092,4.0,0
512,2093,249871.08255802124,2886175.5584026244,81.87035,8.333763,284.2824,0.0009293475,5.3220224,4.0,0
3180,6437,380191.08255802124,2806135.5584026244,1604.2999,26.703358,173.18208,-0.005862054,4.0883207,6.0,0
2570,3859,302851.08255802124,2824435.5584026244,738.5714,20.024525,8.218464,0.0018933781,4.4105496,6.0,0
3305,8431,440011.08255802124,2802385.5584026244,1043.1128,9.460012,5.299917,-0.00015889492,5.1932054,3.0,0
3571,7179,402451.08255802124,2794405.5584026244,908.10126,1.3279439,68.98649,-0.0010088773,7.165613,3.0,0
471,313,196471.08255802124,2887405.5584026244,31.41579,1.364377,291.56506,2.7782138e-05,7.1385374,4.0,0
512,9039,458251.08255802124,2886175.5584026244,64.65049,1.3040428,200.89665,0.00092857576,7.1837826,6.0,0
463,6667,387091.08255802124,2887645.5584026244,163.83006,13.100495,119.6008,6.034854e-05,4.8591323,4.0,0
1073,1768,240121.08255802124,2869345.5584026244,62.351902,4.9040766,140.60924,3.7298247e-05,5.856911,4.0,0
1864,4513,322471.08255802124,2845615.5584026244,1127.9064,26.07706,319.69797,0.00034410262,4.1157756,6.0,0
4283,8077,429391.08255802124,2773045.5584026244,35.14632,10.43563,229.99081,0.00028444285,5.0930543,3.0,0
2160,5805,361231.08255802124,2836735.5584026244,1464.9893,7.640601,182.27702,-0.002416924,5.4099956,6.0,0
1201,8499,442051.08255802124,2865505.5584026244,665.1505,12.685364,45.975945,-0.0044278973,4.8924465,4.0,0
2600,4854,332701.08255802124,2823535.5584026244,1466.331,2.6144578,71.7592,0.0010931396,6.4876733,6.0,0
3389,1501,232111.08255802124,2799865.5584026244,87.80553,9.924511,159.03838,-0.00018296589,5.1443453,3.0,0
2370,4573,324271.08255802124,2830435.5584026244,1395.8116,6.7342052,12.454816,0.001575453,5.537605,6.0,0
4344,4315,316531.08255802124,2771215.5584026244,5.3614025,1.9378607,230.08199,0.00043547456,6.7874584,4.0,0
3535,2947,275491.08255802124,2795485.5584026244,42.28762,2.1010134,239.25708,0.0026855194,6.7065563,3.0,0
2262,7399,409051.08255802124,2833675.5584026244,965.12885,5.1366725,207.56569,-0.0028412035,5.8103347,6.0,0
3970,8753,449671.08255802124,2782435.5584026244,150.97456,15.589706,105.60102,0.004821722,4.6777,5.0,0
3810,7188,402721.08255802124,2787235.5584026244,260.1982,7.130875,268.26633,-0.004213452,5.4798083,1.0,0
1160,2761,269911.08255802124,2866735.5584026244,322.24106,17.20508,49.716476,0.0011468676,4.573514,4.0,0
3049,8998,457021.08255802124,2810065.5584026244,1008.9586,6.795179,355.30356,-0.00204678,5.528507,3.0,0
3973,990,216781.08255802124,2782345.5584026244,22.0,0.24596868,80.34768,0.00031616053,8.851969,2.0,0
1756,5713,358471.08255802124,2848855.5584026244,646.69275,9.123935,283.6358,0.0007662286,5.23002,6.0,0
4254,3700,298081.08255802124,2773915.5584026244,5.2918196,2.4950247,37.311245,0.00033393808,6.5344934,3.0,0
1936,4024,307801.08255802124,2843455.5584026244,1062.6393,9.615749,334.43127,-0.0046491497,5.1765714,6.0,0
3648,6543,383371.08255802124,2792095.5584026244,1032.3372,5.5613585,148.70045,-0.0032595145,5.7304344,3.0,0
1018,8460,440881.08255802124,2870995.5584026244,482.7715,9.577455,246.96701,-0.0022848086,5.1806374,4.0,0
4181,1348,227521.08255802124,2776105.5584026244,18.860018,1.2245636,130.59277,-0.00092832197,7.2466874,2.0,0
933,6047,368491.08255802124,2873545.5584026244,387.64114,11.362037,323.73846,-0.0020993128,5.0059166,6.0,0
4368,142,191341.08255802124,2770495.5584026244,17.50762,0.89994836,269.2931,0.00076667836,7.55476,4.0,0
1453,2316,256561.08255802124,2857945.5584026244,72.09111,3.814838,78.92056,0.0021642388,6.109047,6.0,0
369,8626,445861.08255802124,2890465.5584026244,230.26932,3.5609205,178.50279,-0.0059963865,6.178117,4.0,0
1674,4743,329371.08255802124,2851315.5584026244,519.70557,27.539536,292.38306,0.0005169171,4.05235,6.0,0
534,2952,275641.08255802124,2885515.5584026244,40.42705,2.5377169,43.061794,-7.2733383e-06,6.517505,4.0,0
3284,243,194371.08255802124,2803015.5584026244,70.03383,8.44922,1.9684545,0.002739084,5.3080645,2.0,0
3681,968,216121.08255802124,2791105.5584026244,49.840607,11.727981,154.40489,-0.0007598422,4.9733424,2.0,0
2599,8651,446611.08255802124,2823565.5584026244,1134.5197,14.096212,256.07996,-0.0027434963,4.7830524,6.0,0
3917,7073,399271.08255802124,2784025.5584026244,15.0,0.0,0.0,0.0003636122,10.308952,1.0,0
3378,4753,329671.08255802124,2800195.5584026244,493.13202,20.937115,293.10562,-0.0032518602,4.361949,6.0,0
580,8843,452371.08255802124,2884135.5584026244,200.87515,7.2521205,40.780293,-0.004135912,5.46277,6.0,0
3768,5901,364111.08255802124,2788495.5584026244,644.3084,7.0993586,146.19022,-0.0023018052,5.484284,6.0,0
4363,2,187141.08255802124,2770645.5584026244,18.043827,1.8079971,139.29935,0.0639721,6.8568726,4.0,0
553,5789,360751.08255802124,2884945.5584026244,60.875587,8.744941,359.39365,0.0017186026,5.2731414,6.0,0
4218,5364,348001.08255802124,2774995.5584026244,9.0,0.36755288,247.13153,0.0010834133,8.450299,1.0,0
1675,462,200941.08255802124,2851285.5584026244,40.852055,11.770792,254.3135,0.00027597224,4.9695945,6.0,0
3689,1035,218131.08255802124,2790865.5584026244,61.0,0.5852863,70.472244,-0.0012580119,7.9850435,3.0,0
4488,6131,371011.08255802124,2766895.5584026244,9.414939,1.0030184,146.2815,0.0003940691,7.446308,4.0,0
1534,4566,324061.08255802124,2855515.5584026244,519.6799,13.989916,230.07588,-0.00024229242,4.7909336,6.0,0
1333,6736,389161.08255802124,2861545.5584026244,597.702,18.037104,327.50272,0.006772495,4.5231733,6.0,0
3170,4396,318961.08255802124,2806435.5584026244,928.08746,9.292963,78.077866,0.0050099012,5.211344,6.0,0
2252,4223,313771.08255802124,2833975.5584026244,1180.3837,22.387356,100.32945,8.365164e-05,4.2881427,6.0,0
407,6163,371971.08255802124,2889325.5584026244,50.138428,0.29241607,154.37814,0.00023979187,8.678993,6.0,0
911,8130,430981.08255802124,2874205.5584026244,680.11176,6.940159,140.47466,0.0023530745,5.507192,6.0,0
2694,7019,397651.08255802124,2820715.5584026244,1588.1782,2.9831464,155.79318,0.0021224297,6.3555417,6.0,0
352,3770,300181.08255802124,2890975.5584026244,44.93499,6.31843,263.6867,-0.0023858333,5.601888,4.0,0
3342,2031,248011.08255802124,2801275.5584026244,93.445946,11.577813,330.23898,0.0019004927,4.986592,6.0,0
1084,6039,368251.08255802124,2869015.5584026244,470.5889,21.908237,268.30252,-0.004707828,4.312092,6.0,0
3708,743,209371.08255802124,2790295.5584026244,32.959446,1.1648878,270.48657,0.00033805426,7.296662,2.0,0
4062,1772,240241.08255802124,2779675.5584026244,14.0,0.47412387,131.66304,0.00027732982,8.195688,2.0,0
997,2501,262111.08255802124,2871625.5584026244,64.95759,3.047761,116.14389,-0.0012432067,6.3340735,4.0,0
1580,6630,385981.08255802124,2854135.5584026244,667.40265,13.292152,200.2992,0.0063940766,4.844082,6.0,0
336,3012,277441.08255802124,2891455.5584026244,33.0,0.0,0.0,0.0006884681,10.308952,4.0,0
4020,1545,233431.08255802124,2780935.5584026244,14.270954,2.561591,65.10029,0.00016903691,6.508129,2.0,0
2838,2300,256081.08255802124,2816395.5584026244,707.7403,17.149282,281.59094,-0.0076367864,4.5769653,6.0,0
2702,4256,314761.08255802124,2820475.5584026244,1162.9897,25.647345,111.944466,-0.0024268255,4.134883,6.0,0
634,2304,256201.08255802124,2882515.5584026244,231.31026,19.820997,206.48822,0.00195688,4.421638,4.0,0
4355,304,196201.08255802124,2770885.5584026244,15.431432,1.6799201,1.8701689,0.0010773415,6.930392,4.0,0
1576,8120,430681.08255802124,2854255.5584026244,663.8111,3.8377516,212.04994,0.007832777,6.1030407,6.0,0
2823,2217,253591.08255802124,2816845.5584026244,851.19183,8.408811,0.20650502,9.143405e-05,5.312928,6.0,0
1948,4105,310231.08255802124,2843095.5584026244,994.1622,30.314707,294.41785,0.0032420857,3.9378586,6.0,0
2157,1619,235651.08255802124,2836825.5584026244,640.8375,1.085817,119.88571,-0.0029674105,7.366972,6.0,0
4235,727,208891.08255802124,2774485.5584026244,15.112336,1.285644,14.053886,0.00044225453,7.1979966,4.0,0
3486,221,193711.08255802124,2796955.5584026244,30.081663,1.5810714,42.050346,0.0005003002,6.991068,2.0,0
4486,8041,428311.08255802124,2766955.5584026244,19.204273,1.1870513,121.31497,0.00028600747,7.2778087,3.0,0
2831,1352,227641.08255802124,2816605.5584026244,393.19434,19.811003,336.38232,0.00491428,4.4221845,6.0,0
169,5384,348601.08255802124,2896465.5584026244,48.15061,2.869852,161.0124,0.00028015565,6.394327,4.0,0
1570,4629,325951.08255802124,2854435.5584026244,748.1416,27.338902,238.53079,0.0022048613,4.0609126,6.0,0
1367,1780,240481.08255802124,2860525.5584026244,176.77756,9.569658,25.840351,0.0028994367,5.181467,6.0,0
4325,947,215491.08255802124,2771785.5584026244,14.237714,2.2376974,194.69138,0.00033800493,6.6434684,4.0,0
401,781,210511.08255802124,2889505.5584026244,33.215473,2.135324,336.43277,-0.00016423757,6.690343,4.0,0
3324,4400,319081.08255802124,2801815.5584026244,781.9617,4.332246,259.0818,0.000362498,5.98143,6.0,0
3810,7241,404311.08255802124,2787235.5584026244,282.8932,25.61147,56.966385,-0.00072444504,4.1364884,1.0,0
4185,6430,379981.08255802124,2775985.5584026244,15.040724,0.33515242,86.91302,-0.0011973765,8.5425825,1.0,0
2643,6686,387661.08255802124,2822245.5584026244,1785.6232,6.4923635,107.356064,0.00032708058,5.574505,6.0,0
78,2028,247921.08255802124,2899195.5584026244,40.810406,1.4873124,159.21945,-0.0026123745,7.052229,4.0,0
3250,4711,328411.08255802124,2804035.5584026244,902.54535,21.252373,266.56342,0.0011461558,4.3455625,6.0,0
4181,61,188911.08255802124,2776105.5584026244,22.375275,3.198528,57.49536,-0.00038930733,6.285694,4.0,0
1346,1389,228751.08255802124,2861155.5584026244,127.73733,11.146777,214.01308,-0.0032780203,5.025545,6.0,0
3496,5979,366451.08255802124,2796655.5584026244,1317.5034,19.76566,162.84126,-0.001786228,4.424669,6.0,0
3672,1891,243811.08255802124,2791375.5584026244,128.09662,18.61478,144.22198,-0.00029286472,4.489391,3.0,0
2802,8388,438721.08255802124,2817475.5584026244,1210.393,12.305485,313.29498,-0.00033532025,4.923836,6.0,0
1288,2984,276601.08255802124,2862895.5584026244,84.712074,10.88644,269.4192,0.0018373976,5.04977,4.0,0
3329,7185,402631.08255802124,2801665.5584026244,631.29486,34.716515,149.67305,0.009080268,3.7681258,3.0,0
1893,5430,349981.08255802124,2844745.5584026244,1169.9489,15.835766,354.87512,0.00067532016,4.6612263,6.0,0
3582,343,197371.08255802124,2794075.5584026244,25.810272,0.95079386,17.744778,0.00011785083,7.4997907,2.0,0
1582,5296,345961.08255802124,2854075.5584026244,384.44284,2.635922,4.525127,-0.0016829766,6.4794855,6.0,0
155,1683,237571.08255802124,2896885.5584026244,36.02726,0.7576523,199.54095,-0.0006537808,7.726897,4.0,0
4338,4338,317221.08255802124,2771395.5584026244,4.1446524,0.15846875,190.93678,0.00052099605,9.291619,4.0,0
2593,8102,430141.08255802124,2823745.5584026244,1328.5667,3.810585,167.003,0.0014621649,6.1101656,6.0,0
3517,6531,383011.08255802124,2796025.5584026244,237.6812,22.259005,141.49461,0.0043148636,4.2945185,6.0,0
2720,3381,288511.08255802124,2819935.5584026244,523.6636,7.6803126,131.6841,0.0013683572,5.4047494,6.0,0
1258,1664,237001.08255802124,2863795.5584026244,266.20422,21.095238,132.56445,2.6287627e-05,4.3537054,4.0,0
3199,7604,415201.08255802124,2805565.5584026244,1307.7896,3.656603,188.81294,0.0004373509,6.1515307,3.0,0
170,8976,456361.08255802124,2896435.5584026244,60.933235,3.4226694,117.98064,0.00036520953,6.217813,4.0,0
3282,4174,312301.08255802124,2803075.5584026244,523.775,6.508194,104.517,-0.0034163666,5.5720487,6.0,0
70,1992,246841.08255802124,2899435.5584026244,33.518703,2.2299802,70.94719,-0.00039184463,6.6469264,4.0,0
2936,1618,235621.08255802124,2813455.5584026244,416.00827,19.319681,259.8355,0.0020242985,4.449362,6.0,0
679,5064,339001.08255802124,2881165.5584026244,51.612484,3.1413143,224.96082,0.00026939707,6.3037806,4.0,0
1254,5556,353761.08255802124,2863915.5584026244,248.6687,26.43085,29.801897,0.0005695639,4.1002107,6.0,0
53,416,199561.08255802124,2899945.5584026244,31.0,0.70972794,68.567726,-0.00044160895,7.792247,4.0,0
2861,5624,355801.08255802124,2815705.5584026244,1569.5201,11.528895,211.63553,-0.0016731769,4.990943,6.0,0
1877,2208,253321.08255802124,2845225.5584026244,238.36949,12.354583,3.6149564,0.0006716454,4.9197283,6.0,0
4406,2865,273031.08255802124,2769355.5584026244,9.0,0.9208124,255.83893,0.0007852226,7.5318375,3.0,0
2142,4266,315061.08255802124,2837275.5584026244,1233.0924,13.4566145,228.73663,-0.0031436833,4.8313265,6.0,0
609,3952,305641.08255802124,2883265.5584026244,39.904552,1.1866194,77.22078,8.851898e-05,7.278173,4.0,0
2941,4504,322201.08255802124,2813305.5584026244,1297.9069,1.4431465,306.8123,0.00025543213,7.082387,6.0,0
975,3244,284401.08255802124,2872285.5584026244,61.019154,4.981224,255.95238,-0.000106833846,5.8412247,4.0,0
1281,1072,219241.08255802124,2863105.5584026244,76.76562,10.12758,217.58209,-0.0013431273,5.1236706,6.0,0
1367,1109,220351.08255802124,2860525.5584026244,61.70761,0.71621394,347.0293,0.0014464951,7.783149,6.0,0
4221,2376,258361.08255802124,2774905.5584026244,13.563282,2.701477,91.531395,0.00014814537,6.4548845,2.0,0
244,2267,255091.08255802124,2894215.5584026244,51.099255,4.449594,181.76671,-0.00024841836,5.9545984,4.0,0
485,5152,341641.08255802124,2886985.5584026244,49.336143,2.2153134,203.37671,-0.0012240526,6.653532,4.0,0
1767,4757,329791.08255802124,2848525.5584026244,847.0783,3.8715355,226.445,0.0017105271,6.0942497,6.0,0
1647,2691,267811.08255802124,2852125.5584026244,315.41043,23.873093,275.02542,0.0023038483,4.2163377,6.0,0
4058,7236,404161.08255802124,2779795.5584026244,14.79155,2.1173942,48.797264,-0.0005148782,6.698783,1.0,0
1010,8085,429631.08255802124,2871235.5584026244,660.61414,9.352422,125.43303,0.0013287351,5.204852,6.0,0
1543,4397,318991.08255802124,2855245.5584026244,602.6969,3.9764147,47.736305,0.0021817016,6.0674367,6.0,0
2512,8259,434851.08255802124,2826175.5584026244,1132.2526,3.6660697,194.33575,-0.0039290367,6.148938,6.0,0
1839,7106,400261.08255802124,2846365.5584026244,883.18665,11.34328,253.46552,-0.0028577168,5.007613,6.0,0
3283,6202,373141.08255802124,2803045.5584026244,1668.6697,8.78905,150.3186,-0.003988512,5.2680306,6.0,0
2880,7735,419131.08255802124,2815135.5584026244,1371.1536,7.8171835,343.1979,0.0012909952,5.386868,6.0,0
4335,436,200161.08255802124,2771485.5584026244,15.831994,5.5787024,23.30068,0.0014139276,5.727301,4.0,0
1281,5550,353581.08255802124,2863105.5584026244,251.13708,16.687778,60.146656,0.000906241,4.6058974,6.0,0
4323,3935,305131.08255802124,2771845.5584026244,6.0,0.5740513,141.30692,-0.00014158434,8.004427,3.0,0
3437,8439,440251.08255802124,2798425.5584026244,933.1606,15.209922,332.04688,0.0013880243,4.7035923,3.0,0
2205,6633,386071.08255802124,2835385.5584026244,1052.941,21.289152,327.92215,-0.0053129755,4.3436637,6.0,0
4087,211,193411.08255802124,2778925.5584026244,21.0,0.8293812,207.0939,0.00026108584,7.63643,4.0,0
4135,532,203041.08255802124,2777485.5584026244,19.021023,0.57832235,301.82227,-0.00036832172,7.997014,4.0,0
2219,1877,243391.08255802124,2834965.5584026244,542.90717,18.092152,221.78912,-0.001920946,4.519914,6.0,0
1969,6099,370051.08255802124,2842465.5584026244,863.98175,13.506456,242.98882,0.0019427829,4.8274894,6.0,0
4415,1676,237361.08255802124,2769085.5584026244,15.281639,0.4820425,179.29257,6.155491e-05,8.179124,4.0,0
1548,2280,255481.08255802124,2855095.5584026244,67.44003,4.456792,25.540737,0.001815976,5.9529753,6.0,0
1072,3290,285781.08255802124,2869375.5584026244,70.0,0.6228354,252.24643,-0.0007339562,7.922858,4.0,0
209,4011,307411.08255802124,2895265.5584026244,43.25214,2.1605527,235.96628,-0.00065497606,6.678586,4.0,0
603,230,193981.08255802124,2883445.5584026244,27.449379,1.2490196,74.97438,-0.00010304924,7.226907,4.0,0
483,940,215281.08255802124,2887045.5584026244,34.277317,0.8226947,179.89713,-0.00018352509,7.6445255,4.0,0
2294,5124,340801.08255802124,2832715.5584026244,1328.8606,22.579536,151.74149,0.00072350405,4.2786503,6.0,0
1292,5011,337411.08255802124,2862775.5584026244,156.45139,19.183151,122.3606,0.0026529778,4.457017,6.0,0
261,929,214951.08255802124,2893705.5584026244,30.250256,0.94193226,108.36789,0.0012905969,7.509156,4.0,0
3856,3395,288931.08255802124,2785855.5584026244,200.90277,22.301914,42.658886,-0.003241581,4.2923837,3.0,0
1772,4913,334471.08255802124,2848375.5584026244,804.1075,22.1312,259.77344,-0.0012552385,4.3008957,6.0,0
4354,3790,300781.08255802124,2770915.5584026244,5.963098,1.5787144,302.27945,-5.8217433e-05,6.9925604,3.0,0
2103,4652,326641.08255802124,2838445.5584026244,1351.3715,15.029627,313.32623,0.0016334024,4.716089,6.0,0
3507,4396,318961.08255802124,2796325.5584026244,332.163,38.41315,138.97736,0.0046618143,3.633175,6.0,0
3801,3307,286291.08255802124,2787505.5584026244,105.18712,18.001162,285.15338,-0.008535743,4.5253057,3.0,0
1856,3325,286831.08255802124,2845855.5584026244,588.0117,4.042537,114.05757,-0.0017548454,6.0508904,6.0,0
3610,6690,387781.08255802124,2793235.5584026244,951.9361,5.980091,126.72411,-0.002163018,5.657348,6.0,0
