row,col,x,y,elevation,slope,aspect,curvature,twi,lithology,target
560,877,632295.0,3031305.0,2040,42.918167,153.09048,0.0044444446,8.666888,2,0
908,879,632355.0,3020865.0,1409,42.981712,192.91782,0.00027777778,8.482343,1,1
262,695,626835.0,3040245.0,4551,25.074553,98.70737,-0.006666667,7.561911,1,0
774,382,617445.0,3024885.0,1777,22.999699,211.34958,0.0019444445,9.451072,1,0
29,1402,648045.0,3047235.0,1251,44.30769,189.58295,-0.008611111,9.465621,1,1
866,2375,677235.0,3022125.0,3422,38.72412,254.0137,-0.016666668,7.023238,3,0
991,1801,660015.0,3018375.0,1365,34.051716,182.82712,-0.0022222223,8.580514,1,0
852,2193,671775.0,3022545.0,2469,48.193245,275.77432,-0.003888889,8.887922,3,1
615,608,624225.0,3029655.0,2883,22.228525,320.7928,-0.0030555555,8.390381,1,0
611,1897,662895.0,3029775.0,2098,38.251976,295.3462,0.007222222,9.930526,1,0
1222,104,609105.0,3011445.0,2861,10.939804,277.4314,-0.00027777778,9.139105,1,0
862,1186,641565.0,3022245.0,911,46.510715,180.22647,0.011111111,8.695546,2,1
1010,2126,669765.0,3017805.0,1151,9.046032,173.991,0.009444444,20.56539,1,0
824,1615,654435.0,3023385.0,1308,20.600166,31.399456,-0.0025,9.978108,1,0
410,446,619365.0,3035805.0,3316,42.8722,190.60385,-0.008888889,8.956179,1,0
218,1974,665205.0,3041565.0,3335,53.305275,167.99222,-0.006111111,7.894632,1,0
838,961,634815.0,3022965.0,2022,22.791824,247.24902,0.0019444445,12.862391,2,0
696,331,615915.0,3027225.0,2545,32.433533,116.061,-0.0030555555,8.354444,1,0
613,1982,665445.0,3029715.0,2959,21.092936,280.58163,-0.0027777778,9.141316,1,1
1065,2038,667125.0,3016155.0,1729,34.362957,96.64864,-0.0025,9.485121,1,0
938,737,628095.0,3019965.0,762,46.52635,95.44033,-0.006666667,7.847702,1,1
201,232,612945.0,3042075.0,4290,35.061493,248.7671,-0.008888889,7.15649,1,0
568,461,619815.0,3031065.0,1821,35.474037,68.38522,0.0030555555,8.239829,1,0
36,952,634545.0,3047025.0,3698,43.79086,335.8858,0.016111111,9.409564,1,0
24,1398,647925.0,3047385.0,1358,54.30695,202.34282,0.016666668,9.24424,1,1
936,465,619935.0,3020025.0,2078,31.45496,301.63306,0.006111111,9.59646,1,0
152,1171,641115.0,3043545.0,2733,17.932003,281.88867,0.00055555557,10.5696745,1,0
919,2303,675075.0,3020535.0,2648,57.83024,249.76031,-0.0130555555,7.72506,3,0
503,398,617925.0,3033015.0,2177,27.135908,233.59592,-0.0013888889,9.668041,1,1
1190,657,625695.0,3012405.0,1860,23.142025,209.81416,-0.0022222223,8.345569,1,0
1024,2135,670035.0,3017385.0,1409,36.18666,227.77022,-0.0019444445,7.8081565,1,0
370,116,609465.0,3037005.0,3900,27.331488,343.61047,-0.0022222223,8.561039,1,0
532,1977,665295.0,3032145.0,2393,33.72721,204.32558,-0.0058333334,7.2064557,1,1
846,2175,671235.0,3022725.0,2175,35.738483,197.1759,-0.0027777778,8.230078,3,1
697,1264,643905.0,3027195.0,1357,31.698105,176.90594,0.0025,9.769269,1,0
499,394,617805.0,3033135.0,2173,35.79667,243.583,-0.005,7.1293244,1,1
91,351,616515.0,3045375.0,4424,51.578896,114.19321,-0.021388888,8.767927,1,0
1104,1330,645885.0,3014985.0,550,29.460201,114.86369,-0.0013888889,8.759873,2,0
706,1591,653715.0,3026925.0,2193,17.676495,11.309929,-0.003611111,8.639082,1,0
754,498,620925.0,3025485.0,972,8.716697,137.2026,0.018333333,21.29705,1,0
933,202,612045.0,3020115.0,2614,37.839706,80.73978,-0.0011111111,9.134421,1,0
440,164,610905.0,3034905.0,4217,12.017035,86.63354,0.005,12.993872,1,0
931,2144,670305.0,3020175.0,1572,32.081886,130.14691,0.003888889,8.655724,3,1
848,2175,671235.0,3022665.0,2137,37.000084,218.26399,-0.0025,10.722933,3,1
710,1792,659745.0,3026805.0,1650,26.496471,282.0613,-0.0033333334,8.191685,1,0
749,1645,655335.0,3025635.0,1905,25.744226,96.44953,0.0011111111,8.918047,1,0
289,330,615885.0,3039435.0,3819,10.22472,83.367485,0.0052777776,9.901413,1,0
994,1897,662895.0,3018285.0,1607,21.805696,305.6764,-0.004166667,10.203375,1,0
906,1003,636075.0,3020925.0,1646,31.809664,59.300278,-0.0030555555,9.359453,2,1
738,1342,646245.0,3025965.0,537,38.898327,243.30263,0.0044444446,11.024345,1,0
856,2184,671505.0,3022425.0,2287,46.080467,289.4528,0.01,8.55643,3,1
129,151,610515.0,3044235.0,4218,21.86986,41.63354,0.004722222,11.04743,1,0
1004,1208,642225.0,3017985.0,439,26.661848,99.071495,0.005,12.461137,2,0
742,664,625905.0,3025845.0,1461,20.518791,168.43988,0.0044444446,13.27,1,1
1231,1091,638715.0,3011175.0,1963,32.512516,244.44003,0.013333334,10.430842,2,0
31,1407,648195.0,3047175.0,1222,38.32882,198.43495,0.004722222,9.676454,1,1
755,478,620325.0,3025455.0,1199,30.25262,63.251896,-0.006111111,9.287455,1,0
511,1308,645225.0,3032775.0,2468,32.895344,61.949226,0.0027777778,10.329134,1,0
672,2324,675705.0,3027945.0,3695,33.196167,181.0947,0.0044444446,9.3060465,3,0
705,1964,664905.0,3026955.0,1729,43.46611,150.50504,0.009444444,9.6285515,1,1
36,1403,648075.0,3047025.0,1060,41.943794,198.0989,0.0,8.518718,1,1
900,2153,670575.0,3021105.0,1700,55.296165,80.70076,-0.020833334,7.128141,3,1
34,151,610515.0,3047085.0,4617,26.259827,52.549423,0.0019444445,9.3006735,1,0
495,394,617805.0,3033255.0,2211,41.453335,239.6852,0.0058333334,7.6196613,1,1
978,869,632055.0,3018765.0,1624,15.332459,286.78265,0.00027777778,11.70729,1,0
947,449,619455.0,3019695.0,2167,7.832626,324.8658,-0.004722222,8.786067,1,0
317,1894,662805.0,3038595.0,2205,44.45514,130.52213,-0.014722222,7.514562,1,1
438,332,615945.0,3034965.0,2696,39.96048,237.17918,0.0030555555,10.023744,1,1
951,1396,647865.0,3019575.0,2310,7.393958,275.52753,-5.421011e-20,10.790296,1,0
1132,717,627495.0,3014145.0,897,44.456688,159.10223,0.0033333334,9.956856,1,1
311,1779,659355.0,3038775.0,2696,37.06646,228.13025,0.00083333335,9.790987,1,0
523,541,622215.0,3032415.0,3027,44.205048,215.93713,0.004722222,8.776057,1,0
1227,1769,659055.0,3011295.0,907,24.68443,112.380135,-0.00083333335,8.272899,1,1
1270,1390,647685.0,3010005.0,576,45.100117,335.9892,0.003611111,8.408338,2,1
916,2144,670305.0,3020625.0,1670,21.579008,110.3441,0.006666667,11.131186,3,1
963,280,614385.0,3019215.0,2439,29.30865,5.964485,0.0022222223,9.57699,1,0
384,1373,647175.0,3036585.0,1513,30.51397,136.14577,0.0022222223,9.122849,1,1
1007,1177,641295.0,3017895.0,876,25.104176,128.50066,-0.009722223,8.253712,2,0
839,1418,648525.0,3022935.0,1147,53.205605,343.71124,-0.0013888889,7.6105785,1,1
41,1402,648045.0,3046875.0,944,34.18354,180.3515,-0.0044444446,9.38649,1,1
911,1007,636195.0,3020775.0,1614,36.78223,65.29176,-0.00055555557,7.093266,2,1
815,1938,664125.0,3023655.0,1805,45.452805,285.4612,8.6736174e-19,9.271495,1,0
551,2266,673965.0,3031575.0,3994,23.52503,174.50768,0.0013888889,9.243479,1,0
374,1370,647085.0,3036885.0,1887,57.172966,163.12373,0.0016666667,7.97352,1,1
466,1719,657555.0,3034125.0,1371,28.821898,91.7357,0.007222222,11.088653,1,0
301,2260,673785.0,3039075.0,4128,9.421579,218.88449,0.0052777776,8.598549,1,0
937,740,628185.0,3019995.0,672,28.214178,83.75809,0.011944445,9.370968,1,1
947,415,618435.0,3019695.0,2031,22.373844,301.75946,-0.0013888889,9.992595,1,0
816,651,625515.0,3023625.0,887,41.436245,187.59464,0.0069444445,8.536553,1,1
569,1438,649125.0,3031035.0,783,45.913563,98.58794,-0.011944445,6.7705,1,0
367,1361,646815.0,3037095.0,2076,27.197277,108.43495,0.0025,8.161326,1,0
440,333,615975.0,3034905.0,2691,44.099026,238.36021,0.0011111111,7.932462,1,1
735,1270,644085.0,3026055.0,950,45.346893,157.23499,-0.006666667,6.7902856,1,1
33,952,634545.0,3047115.0,3642,34.78953,327.73965,0.0025,9.112513,1,0
501,1656,655665.0,3033075.0,1905,32.178432,191.45876,0.008333334,9.057447,1,0
871,2248,673425.0,3021975.0,3028,50.35111,212.59259,0.031111112,10.657561,3,1
1045,273,614175.0,3016755.0,1396,25.438444,183.01279,-0.0016666667,8.2386,1,1
501,396,617865.0,3033075.0,2177,31.27411,222.77603,-0.0016666667,9.498202,1,1
911,869,632055.0,3020775.0,1298,25.998299,199.98311,-0.004722222,7.520458,1,1
600,884,632505.0,3030105.0,1585,41.617554,196.90515,-0.00055555557,8.019352,2,1
202,1929,663855.0,3042045.0,3382,22.75355,319.02826,0.00083333335,10.156214,1,0
1105,607,624195.0,3014955.0,862,21.622444,309.8827,0.0058333334,9.519533,1,0
637,932,633945.0,3028995.0,1407,37.000084,100.1915,0.004722222,9.282571,2,0
872,2242,673245.0,3021945.0,2983,45.926617,168.59941,0.014444444,9.072629,3,1
1093,2199,671955.0,3015315.0,2356,21.101912,142.01651,0.0052777776,9.14085,1,0
565,1126,639765.0,3031155.0,2581,31.052505,114.96899,-0.01,8.002859,1,0
870,1130,639885.0,3022005.0,1378,36.625275,37.25529,0.0055555557,8.485277,2,0
627,920,633585.0,3029295.0,1600,50.35178,52.576157,0.00055555557,7.7130985,2,0
938,740,628185.0,3019965.0,674,31.550531,97.800186,0.0027777778,9.081891,1,1
930,2143,670275.0,3020205.0,1602,35.715702,134.0608,-0.0011111111,8.230917,3,1
1274,1036,637065.0,3009885.0,1421,35.053894,316.92517,-0.008888889,7.8499193,1,0
168,1761,658815.0,3043065.0,2462,25.256657,35.655327,0.00083333335,9.750877,1,0
731,499,620955.0,3026175.0,1414,31.469154,248.85048,0.0058333334,9.372761,1,0
1065,1583,653475.0,3016155.0,653,38.08694,134.56921,0.0055555557,9.243307,1,1
179,1452,649545.0,3042735.0,1154,44.001823,175.29794,0.003611111,8.7831545,1,0
606,1982,665445.0,3029925.0,2931,29.326155,330.2024,-0.010833333,7.37905,1,1
27,1401,648015.0,3047295.0,1295,40.79132,191.41846,0.0013888889,8.895747,1,1
849,2181,671415.0,3022635.0,2176,38.835476,230.4602,0.026666667,11.22395,3,1
953,2248,673425.0,3019515.0,1902,18.860981,149.99509,-0.0069444445,7.876463,1,1
738,2360,676785.0,3025965.0,3848,19.858734,168.69006,0.00083333335,9.207067,3,0
872,2250,673485.0,3021945.0,3064,50.26929,231.18526,-0.00027777778,7.716028,3,1
495,395,617835.0,3033255.0,2237,44.21713,241.89865,-0.0013888889,7.522873,1,1
968,2219,672555.0,3019065.0,1729,47.741444,193.3523,-0.0075,7.399701,1,1
24,1397,647895.0,3047385.0,1342,52.981476,186.85707,0.03277778,9.515845,1,1
1180,1198,641925.0,3012705.0,1099,41.370235,96.5198,0.00083333335,8.02805,2,1
979,873,632175.0,3018735.0,1651,10.35731,316.8476,-0.0016666667,11.546475,1,0
23,1020,636585.0,3047415.0,3187,24.522812,80.537674,-0.0027777778,8.685815,1,0
788,2054,667605.0,3024465.0,2564,32.420147,17.959473,0.003611111,11.08499,1,0
970,1445,649335.0,3019005.0,1836,31.833967,151.54298,-0.0019444445,8.888503,1,0
91,314,615405.0,3045375.0,4535,42.47325,241.45198,0.00083333335,6.8907094,1,0
1228,1780,659385.0,3011265.0,766,27.638462,95.937416,0.008055556,9.847237,1,1
68,643,625275.0,3046065.0,4637,23.880253,54.963802,0.003611111,10.450411,1,0
956,875,632235.0,3019425.0,1430,27.727669,277.7447,0.017222222,9.930463,1,1
533,1425,648735.0,3032115.0,1276,29.239792,45.0,0.0033333334,8.992022,1,0
1181,1199,641955.0,3012675.0,1073,21.771368,66.64444,0.025555555,11.996873,2,1
921,2279,674355.0,3020475.0,2453,60.44592,182.03091,0.0055555557,7.844471,3,1
584,855,631635.0,3030585.0,1611,35.726643,223.12212,0.005,8.518196,2,1
469,2026,666765.0,3034035.0,3105,35.578312,351.9643,0.01,10.692716,1,1
335,1354,646605.0,3038055.0,1744,51.605984,328.7767,-0.010555555,7.2628784,1,0
502,397,617895.0,3033045.0,2176,28.464212,224.37724,-0.00055555557,8.800907,1,1
1114,998,635925.0,3014685.0,2349,20.648783,18.034286,-0.0033333334,9.570069,1,0
787,1883,662475.0,3024495.0,1410,36.349697,159.10223,-0.006111111,7.109043,1,0
1181,2112,669345.0,3012675.0,1365,37.180916,305.61084,-0.008611111,8.177398,1,0
703,1708,657225.0,3027015.0,1698,31.1444,111.4346,0.003611111,9.097845,1,0
931,2143,670275.0,3020175.0,1587,32.844307,129.23737,0.0033333334,8.8494835,3,1
443,328,615825.0,3034815.0,2534,30.3326,215.7274,0.018055556,11.308631,1,1
846,2167,670995.0,3022725.0,2019,54.453197,240.38206,-0.00055555557,10.526702,3,1
1155,1111,639315.0,3013455.0,1741,20.891827,53.88066,0.0013888889,10.163412,2,0
698,2275,674235.0,3027165.0,3476,36.15563,225.46205,0.0013888889,9.062057,3,0
674,672,626145.0,3027885.0,1918,26.259827,164.32047,0.010555555,11.728421,1,1
924,2284,674505.0,3020385.0,2350,44.81428,197.82706,-0.0069444445,7.5020247,3,1
215,1679,656355.0,3041655.0,2632,34.846405,11.040939,-0.0011111111,8.9562435,1,0
880,2244,673305.0,3021705.0,2803,24.13187,198.43495,0.013888889,13.508014,3,1
93,1629,654855.0,3045315.0,1096,29.538782,0.0,0.004166667,9.768274,1,0
758,684,626505.0,3025365.0,1580,19.595737,249.44395,-0.0044444446,7.835219,1,1
812,1189,641655.0,3023745.0,1512,42.3086,139.4556,-0.005,8.282775,2,1
817,915,633435.0,3023595.0,2220,13.166321,274.08563,-0.01,8.255137,2,0
277,1113,639375.0,3039795.0,3239,37.493332,110.00969,-0.003888889,7.7606254,1,0
918,2315,675435.0,3020565.0,2852,34.87333,221.12148,0.0055555557,9.360707,3,1
565,1451,649515.0,3031155.0,641,46.844555,141.02557,-0.004722222,7.4311104,1,1
25,1395,647835.0,3047355.0,1324,40.032146,169.13594,0.0058333334,9.461588,1,1
19,1405,648135.0,3047535.0,1635,55.34763,161.35632,-0.011666667,7.5316863,1,1
918,865,631935.0,3020565.0,1144,26.973715,230.31454,0.004722222,8.8640995,1,1
35,1388,647625.0,3047055.0,1083,36.112972,171.12946,0.0016666667,9.756766,1,1
676,286,614565.0,3027825.0,3322,24.434134,268.42346,-0.004722222,8.284454,1,0
33,1392,647745.0,3047115.0,1121,37.2805,174.97592,-0.0025,10.1197,1,1
46,1405,648135.0,3046725.0,860,5.0062823,92.72631,0.008611111,17.3039,1,1
781,1053,637575.0,3024675.0,3088,25.75761,36.573032,0.0063888887,9.477066,2,0
704,1971,665115.0,3026985.0,1729,17.981998,209.19748,0.010555555,11.777789,1,1
536,1980,665385.0,3032025.0,2323,23.124304,197.02052,0.0033333334,10.2923355,1,1
1004,746,628365.0,3017985.0,1464,11.976726,225.0,0.0,9.739236,1,0
870,2244,673305.0,3022005.0,3081,61.41439,177.39743,-0.01,8.141137,3,1
37,1244,643305.0,3046995.0,1696,46.348885,356.12534,-0.00055555557,8.141586,1,0
128,831,630915.0,3044265.0,3761,48.23902,214.69516,-0.011944445,7.3822374,1,0
761,669,626055.0,3025275.0,1357,24.821426,259.09497,-0.00055555557,10.792338,1,1
807,660,625785.0,3023895.0,1096,42.12156,180.79205,0.0175,8.848951,1,1
39,1401,648015.0,3046935.0,981,33.234444,183.28088,0.00055555557,11.009337,1,1
610,1978,665325.0,3029805.0,2873,27.061962,307.71106,0.003611111,8.860293,1,1
367,1579,653355.0,3037095.0,1898,15.612828,20.056091,0.004166667,11.6037,1,0
610,842,631245.0,3029805.0,1287,51.613277,165.2757,0.0016666667,8.361229,2,1
1078,984,635505.0,3015765.0,1843,35.886257,32.774876,0.011388889,11.057857,2,0
38,1396,647865.0,3046965.0,998,37.646053,177.83308,0.0022222223,10.280838,1,1
1001,779,629355.0,3018075.0,1660,24.809021,332.04904,0.0016666667,8.960325,1,0
789,731,627915.0,3024435.0,1605,36.49199,165.65067,0.00027777778,8.713283,1,0
1205,1587,653595.0,3011955.0,1849,34.96243,147.1622,-0.0022222223,8.769608,1,0
801,1822,660645.0,3024075.0,1411,23.00764,132.61406,0.004166667,9.856152,1,1
934,2146,670365.0,3020085.0,1521,28.867626,124.53082,-0.0011111111,9.477325,3,1
216,408,618225.0,3041625.0,4007,30.269156,226.7357,0.005,8.439494,1,0
872,2245,673335.0,3021945.0,2973,48.564804,186.75908,0.022777777,8.469397,3,1
941,2130,669885.0,3019875.0,1914,27.67569,45.643745,-0.008055556,8.834055,3,0
910,867,631995.0,3020805.0,1293,28.553305,207.34988,0.003611111,11.239547,1,1
427,1995,665835.0,3035295.0,2585,47.746754,177.83075,-0.011111111,8.092662,1,0
605,840,631185.0,3029955.0,1525,49.67668,162.7185,-0.023333333,6.6384177,2,1
608,844,631305.0,3029865.0,1345,53.217075,179.46454,0.007222222,7.8978434,2,1
516,575,623235.0,3032625.0,2986,65.7449,65.84092,0.015,7.3914566,1,0
911,1006,636165.0,3020775.0,1633,35.11364,58.570435,0.00027777778,8.946315,2,1
983,477,620295.0,3018615.0,1205,14.244158,203.1986,0.011111111,14.5534935,1,1
814,1193,641775.0,3023685.0,1388,42.26071,144.70665,0.008055556,10.810183,2,1
552,38,607125.0,3031545.0,3922,15.6490965,247.24902,0.0016666667,12.82849,1,0
415,405,618135.0,3035655.0,2858,35.7676,211.75949,-0.01,9.076304,1,0
1008,1736,658065.0,3017865.0,828,18.221186,270.72522,0.004166667,10.11073,1,0
822,655,625635.0,3023445.0,804,28.225693,207.75854,0.00027777778,13.170778,1,1
833,1463,649875.0,3023115.0,1585,18.735275,217.01068,0.0016666667,8.982267,1,0
953,2250,673485.0,3019515.0,1877,6.754584,39.289406,0.022777777,12.231589,1,1
585,857,631695.0,3030555.0,1635,33.395096,232.18854,-0.01,7.9121857,2,1
308,6,606165.0,3038865.0,4350,33.855537,202.26399,-0.0030555555,7.20161,1,1
503,399,617955.0,3033015.0,2189,25.213484,233.63713,-0.00083333335,10.194664,1,1
643,1130,639885.0,3028815.0,2607,52.151768,60.945396,0.0075,7.243264,1,0
1267,1389,647655.0,3010095.0,485,36.984924,335.1363,0.008055556,8.877656,2,1
283,2177,671295.0,3039615.0,4058,48.699097,227.3736,-0.0058333334,7.366059,1,0
589,1696,656865.0,3030435.0,1326,20.784542,107.241455,-0.010277778,7.7711487,1,1
372,329,615855.0,3036945.0,3301,22.259779,255.25644,0.00055555557,9.305115,1,0
860,1436,649065.0,3022305.0,1460,9.566236,81.46924,0.008888889,10.192467,1,0
403,638,625125.0,3036015.0,2663,27.404234,103.47782,-0.00027777778,10.349689,1,1
442,330,615885.0,3034845.0,2601,45.05609,235.84735,-0.009722223,9.365386,1,1
473,2027,666795.0,3033915.0,3212,44.38056,316.72525,0.00055555557,9.819752,1,1
33,1395,647835.0,3047115.0,1114,37.506386,173.4537,0.0013888889,10.062738,1,1
145,226,612765.0,3043755.0,4067,31.18775,283.9406,0.003611111,9.789284,1,0
857,2163,670875.0,3022395.0,1834,23.509655,233.56914,0.01,9.832,3,1
534,1979,665355.0,3032085.0,2360,32.584496,175.88777,-0.007222222,9.647913,1,1
1189,1243,643275.0,3012435.0,1198,23.553818,54.335,-0.00083333335,10.768164,2,0
737,1273,644175.0,3025995.0,819,39.476646,152.91644,0.028888889,9.075844,1,1
43,1401,648015.0,3046815.0,889,46.52144,178.41515,0.004722222,10.620462,1,1
475,2028,666825.0,3033855.0,3270,38.139534,346.18497,-0.0016666667,8.65363,1,1
881,736,628065.0,3021675.0,1384,8.997144,270.0,-0.0025,9.74406,1,0
245,361,616815.0,3040755.0,3499,33.956463,77.85572,-0.00083333335,9.905855,1,0
909,1004,636105.0,3020835.0,1649,34.740208,69.605125,0.0025,9.733389,2,1
956,707,627195.0,3019425.0,755,69.801254,133.01222,-0.019166667,6.9010725,1,1
889,1685,656535.0,3021435.0,988,25.411135,91.00509,0.0030555555,9.849266,1,0
756,246,613365.0,3025425.0,2165,35.246563,241.47043,0.0058333334,11.3543215,1,0
488,2066,667965.0,3033465.0,3534,32.014538,158.90765,-0.0025,7.2720428,1,0
595,1436,649065.0,3030255.0,631,30.758917,315.0,-0.00083333335,8.419951,1,0
351,676,626265.0,3037575.0,3562,39.304447,247.87367,-0.012777777,7.00253,1,0
436,2168,671025.0,3035025.0,3941,31.597523,234.37209,-0.0033333334,8.386906,1,0
21,1397,647895.0,3047475.0,1521,60.582184,176.90231,-0.010277778,9.0626955,1,1
498,1803,660075.0,3033165.0,1310,36.578663,325.0607,0.003611111,8.71012,1,0
47,1403,648075.0,3046695.0,871,16.91951,0.7848282,0.00083333335,9.378775,1,1
598,878,632325.0,3030165.0,1543,34.124302,224.50179,-0.0022222223,8.800928,2,1
238,143,610275.0,3040965.0,4275,33.573963,218.88449,-0.0075,7.905401,1,0
319,1896,662865.0,3038535.0,2098,53.952587,137.21204,-0.0055555557,7.8709707,1,1
202,2136,670065.0,3042045.0,3471,39.097916,256.96136,0.00083333335,7.703037,1,0
1281,1086,638565.0,3009675.0,2178,36.134315,272.94403,0.0013888889,10.061366,2,0
1053,202,612045.0,3016515.0,1338,31.168497,182.76385,0.008333334,10.600973,1,0
848,2180,671385.0,3022665.0,2190,45.21963,188.8002,0.014722222,9.279634,3,1
1040,1968,665025.0,3016905.0,1999,25.142431,186.11551,0.011944445,11.222389,1,1
324,1898,662925.0,3038385.0,1930,23.025492,151.92752,0.013333334,10.142967,1,1
40,1390,647685.0,3046905.0,956,49.778107,193.44861,-0.009722223,9.725871,1,1
29,1391,647715.0,3047235.0,1204,39.55846,177.10873,0.012222222,9.296078,1,1
31,1397,647895.0,3047175.0,1162,42.387886,181.30789,0.0033333334,10.189538,1,1
18,1405,648135.0,3047565.0,1671,35.973557,127.067245,-0.036666665,7.1228237,1,1
461,1193,641775.0,3034275.0,2568,24.49391,39.805573,0.0044444446,10.29659,1,0
1234,301,615015.0,3011085.0,2554,39.509712,104.03624,0.004166667,9.393122,1,0
1094,921,633615.0,3015285.0,1803,31.885925,219.0194,0.005,8.88648,1,0
1127,649,625455.0,3014295.0,1485,15.874326,280.98065,1.0842022e-19,10.69892,1,0
735,661,625815.0,3026055.0,1586,37.160923,165.35263,0.0044444446,9.912724,1,1
632,1461,649815.0,3029145.0,1416,19.088648,357.92996,-0.0013888889,10.166125,1,0
1235,214,612405.0,3011055.0,2667,25.254932,70.924904,-0.0033333334,9.856316,1,0
832,884,632505.0,3023145.0,1858,31.028238,167.60034,0.007222222,11.261915,2,1
1251,493,620775.0,3010575.0,1410,10.111883,37.405357,0.010555555,17.746248,1,0
914,2315,675435.0,3020685.0,2939,45.35417,187.32974,0.0063888887,7.8886437,3,1
670,1576,653265.0,3028005.0,1764,31.588135,63.434948,0.013333334,10.620865,1,1
359,1749,658455.0,3037335.0,1985,35.81934,143.92398,-0.0027777778,9.767548,1,0
523,480,620385.0,3032415.0,2605,32.95703,232.83553,0.009166666,14.182708,1,0
721,246,613365.0,3026475.0,2599,38.35744,283.08505,-0.0055555557,7.729517,1,0
599,877,632295.0,3030135.0,1514,31.699272,232.12502,0.0016666667,9.0760765,2,1
1121,1146,640365.0,3014475.0,1162,34.870445,3.084816,0.0052777776,10.208113,2,0
437,329,615855.0,3034995.0,2654,39.038822,230.4206,-0.0011111111,8.957908,1,1
55,247,613395.0,3046455.0,4752,35.91601,307.9906,0.0033333334,8.22355,1,0
953,1348,646425.0,3019515.0,1949,15.359426,337.71442,-0.0030555555,8.094528,1,0
24,1402,648045.0,3047385.0,1420,60.155273,200.4278,0.006666667,8.444045,1,1
638,942,634245.0,3028965.0,1387,26.969057,253.34569,0.0027777778,11.115592,2,0
869,2244,673305.0,3022035.0,3130,58.007183,181.78992,-0.010833333,8.123663,3,1
141,472,620145.0,3043875.0,5008,20.250652,288.43494,0.0033333334,11.91041,1,0
474,2190,671685.0,3033885.0,3497,19.193518,11.040939,0.0016666667,10.342538,1,0
443,330,615885.0,3034815.0,2580,48.180588,229.8389,-0.0025,8.482903,1,1
42,1404,648105.0,3046845.0,926,40.195118,194.85861,-0.00083333335,10.684481,1,1
405,643,625275.0,3035955.0,2567,34.561,124.65132,0.0019444445,13.0070095,1,1
1267,1393,647775.0,3010095.0,572,50.157005,306.23242,-0.009166666,7.3145485,2,1
740,648,625425.0,3025905.0,1658,20.29804,157.47943,-0.0019444445,7.7969923,1,0
759,681,626415.0,3025335.0,1529,28.750978,249.08745,0.005,9.012143,1,1
882,803,630075.0,3021645.0,887,59.51654,137.58452,-0.0022222223,7.371094,1,1
1152,1234,643005.0,3013545.0,754,21.579008,131.5834,0.011944445,11.418868,2,1
30,1402,648045.0,3047205.0,1219,45.265106,198.28535,-0.0011111111,9.501191,1,1
592,857,631695.0,3030345.0,1495,39.044743,184.71475,-0.0055555557,8.398081,2,1
950,2245,673335.0,3019605.0,1984,36.2406,159.7108,-0.0022222223,7.8061814,1,1
1200,1419,648555.0,3012105.0,840,39.15311,307.51495,0.0075,8.799681,2,0
1143,1120,639585.0,3013815.0,1580,21.568129,18.434952,-0.007777778,7.7305436,2,0
239,1996,665865.0,3040935.0,3100,24.664762,306.14203,0.0027777778,9.5265665,1,0
262,281,614415.0,3040245.0,4011,8.735691,139.39871,-0.0013888889,9.368561,1,0
1242,176,611265.0,3010845.0,2689,15.913103,63.06047,0.004166667,9.849052,1,0
1038,263,613875.0,3016965.0,1552,34.843517,88.28507,-0.006111111,8.550886,1,0
873,1848,661425.0,3021915.0,1535,16.168741,352.5686,-0.00083333335,9.9864025,1,0
900,2155,670635.0,3021105.0,1616,31.24058,84.87683,0.029444445,8.688591,3,1
62,751,628515.0,3046245.0,4409,29.857246,80.811165,-0.006666667,9.6600485,1,0
378,1371,647115.0,3036765.0,1720,53.641438,153.19916,-1.7347235e-18,7.8823647,1,1
968,1778,659325.0,3019065.0,1116,25.515007,315.0,-0.0075,8.235158,1,0
1241,994,635805.0,3010875.0,1458,43.28702,166.70143,0.008888889,8.808135,1,1
904,879,632355.0,3020985.0,1509,35.74668,200.32314,-0.008888889,7.131164,1,1
375,1370,647085.0,3036855.0,1843,55.873188,158.28873,0.008055556,9.70923,1,1
1262,678,626325.0,3010245.0,1088,47.777363,211.70685,-0.008333334,7.803907,1,0
733,659,625755.0,3026115.0,1673,53.733727,137.97372,-0.00083333335,9.859991,1,1
617,1315,645435.0,3029595.0,770,30.418495,173.4802,-0.009444444,8.02805,1,1
932,2146,670365.0,3020145.0,1539,26.194838,128.81139,-0.00083333335,9.709,3,1
33,1390,647685.0,3047115.0,1123,36.6063,176.78452,0.00083333335,9.807725,1,1
1187,226,612765.0,3012495.0,2047,39.069874,328.43103,0.00055555557,8.8026495,1,0
1208,761,628815.0,3011865.0,625,42.251717,132.39743,0.004722222,7.9970875,1,0
735,660,625785.0,3026055.0,1591,41.4527,153.6767,0.01861111,10.537455,1,1
1036,504,621105.0,3017025.0,764,32.08644,8.0224,0.00083333335,12.848983,1,0
906,625,624735.0,3020925.0,1733,48.272076,77.77141,0.0044444446,8.633839,1,0
701,1970,665085.0,3027075.0,1787,37.96856,173.25443,-0.0044444446,9.75839,1,1
85,1981,665415.0,3045555.0,2554,38.49212,51.80905,-0.010277778,8.130155,1,0
431,659,625755.0,3035175.0,2454,28.20698,226.25905,0.006111111,9.504801,1,0
761,675,626235.0,3025275.0,1441,25.048368,273.06647,0.005,10.507541,1,1
610,846,631365.0,3029805.0,1275,49.763714,183.84094,-0.0011111111,8.937923,2,1
25,2147,670395.0,3047355.0,3631,27.351221,2.770218,0.0030555555,10.294796,1,0
446,338,616125.0,3034725.0,2653,36.430164,228.66194,0.008611111,9.878692,1,0
405,646,625365.0,3035955.0,2514,37.5585,148.2908,0.015277778,10.200618,1,1
410,1249,643455.0,3035805.0,2317,27.414816,46.301952,0.011944445,9.538306,1,0
842,1419,648555.0,3022845.0,1242,42.003082,348.79407,0.0044444446,8.293492,1,1
966,2220,672585.0,3019125.0,1796,40.898643,191.09372,-0.010555555,7.639198,1,1
1278,395,617835.0,3009765.0,2453,27.440487,54.14164,0.0013888889,9.53721,1,0
34,1398,647925.0,3047085.0,1086,39.524067,180.57874,0.0022222223,10.290552,1,1
395,1393,647775.0,3036255.0,1105,25.173664,127.073074,0.016944444,10.815508,1,1
593,876,632265.0,3030315.0,1578,35.04249,225.96286,0.00027777778,9.929784,2,1
19,1399,647955.0,3047535.0,1638,51.576763,200.7112,-0.023611112,7.669391,1,1
1261,91,608715.0,3010275.0,2894,29.327501,249.14554,-0.0013888889,8.072143,1,0
32,1402,648045.0,3047145.0,1167,45.389545,206.3544,-0.003888889,7.481944,1,1
905,1927,663795.0,3020955.0,1718,20.957647,171.8699,0.0027777778,13.725653,1,0
975,1568,653025.0,3018855.0,1526,28.189686,120.35262,-0.0016666667,8.119231,1,1
23,1398,647925.0,3047415.0,1402,59.770084,191.91016,0.015833333,8.341776,1,1
608,840,631185.0,3029865.0,1396,55.382256,164.48471,-0.0058333334,7.530394,2,1
597,2042,667245.0,3030195.0,3301,37.671097,147.33908,0.0058333334,8.8528185,1,0
29,1392,647745.0,3047235.0,1206,42.33607,188.94537,0.010555555,9.728731,1,1
579,1963,664875.0,3030735.0,2334,35.934017,237.68039,0.0052777776,8.510571,1,1
1056,102,609045.0,3016425.0,1989,22.373844,58.24052,-0.010277778,8.383157,1,0
593,412,618345.0,3030315.0,2467,16.3323,119.84593,0.003888889,13.222823,1,0
673,675,626235.0,3027915.0,1938,34.40256,191.58342,0.003611111,9.82011,1,1
854,111,609315.0,3022485.0,3431,45.40841,137.33052,-0.009166666,7.481285,1,0
877,2245,673335.0,3021795.0,2869,38.379066,205.89102,0.004166667,9.115036,3,1
1238,995,635835.0,3010965.0,1552,52.101616,157.09424,0.0019444445,6.5519233,1,1
696,1967,664995.0,3027225.0,1874,25.206566,169.28688,0.0055555557,9.635362,1,1
615,138,610125.0,3029655.0,2899,39.524067,270.57874,-0.013888889,9.19194,1,0
233,2008,666225.0,3041115.0,3325,44.17348,272.21204,-0.003888889,8.77716,1,0
816,650,625485.0,3023625.0,886,41.187214,180.54565,0.003888889,8.881791,1,1
847,2166,670965.0,3022695.0,1960,50.307064,239.44403,0.015,10.790462,3,1
847,2174,671205.0,3022695.0,2143,39.607056,207.59729,0.00055555557,8.37806,3,1
554,1363,646875.0,3031485.0,1948,36.930897,183.81407,0.00083333335,9.572766,1,0
593,859,631755.0,3030315.0,1454,41.10523,160.18053,0.003611111,8.730528,2,1
20,1403,648075.0,3047505.0,1616,54.0671,167.26476,-0.011666667,7.579085,1,1
593,2348,676425.0,3030315.0,4067,29.829853,354.5794,-0.005,9.150331,1,0
83,909,633255.0,3045615.0,4731,41.218082,230.4038,-0.0019444445,8.544231,1,0
523,544,622305.0,3032415.0,3086,39.482403,218.84084,-0.0052777776,9.075639,1,0
1171,235,613035.0,3012975.0,1876,32.349686,0.7538452,-0.0016666667,9.898124,1,0
898,1726,657765.0,3021165.0,1254,22.334534,233.24632,-0.008333334,8.385108,1,0
499,2320,675585.0,3033135.0,3962,9.514431,55.124672,-0.0052777776,8.588561,1,0
232,1449,649455.0,3041145.0,916,25.435034,11.113037,0.0033333334,10.490045,1,0
1236,994,635805.0,3011025.0,1650,57.063984,148.24052,-0.0055555557,7.7545485,1,1
438,334,616005.0,3034965.0,2744,42.98057,244.58072,0.00027777778,9.070169,1,1
30,1394,647805.0,3047205.0,1187,43.20003,183.30675,0.0044444446,9.698481,1,1
80,1642,655245.0,3045705.0,952,15.520047,207.7185,0.01,11.079336,1,0
848,2182,671445.0,3022665.0,2222,51.45457,225.269,0.016111111,9.283207,3,1
280,1217,642495.0,3039705.0,1904,28.880075,355.6677,0.0016666667,10.863107,1,0
32,1398,647925.0,3047145.0,1137,40.098648,181.70135,0.0025,10.193201,1,1
1263,1391,647715.0,3010215.0,463,41.749023,307.0304,-0.0011111111,11.090507,2,1
81,348,616425.0,3045675.0,4575,46.62821,95.19443,-0.011111111,7.438676,1,0
325,1897,662895.0,3038355.0,1925,26.26469,146.71246,0.013611111,10.686753,1,1
883,802,630045.0,3021615.0,884,57.91398,143.07024,-0.011111111,7.0286674,1,1
856,1627,654795.0,3022425.0,1144,16.307268,125.7274,0.0130555555,10.516393,1,0
614,747,628395.0,3029685.0,1785,30.09406,2.060112,0.006111111,8.957351,2,0
759,685,626535.0,3025335.0,1584,18.743164,245.32314,0.00083333335,10.080427,1,1
471,2026,666765.0,3033975.0,3149,37.1008,341.36542,0.0075,10.578198,1,1
1170,1430,648885.0,3013005.0,396,32.84648,336.41296,0.0019444445,10.766323,2,0
576,1859,661755.0,3030825.0,1424,36.91228,139.95027,0.00027777778,10.26659,1,1
495,640,625185.0,3033255.0,2128,32.451366,167.51192,0.004722222,9.046904,1,0
29,1403,648075.0,3047235.0,1251,39.681797,182.01459,-4.3368087e-19,8.78087,1,1
1034,1968,665025.0,3017085.0,2145,49.532356,215.15887,-0.0022222223,7.742134,1,1
771,663,625875.0,3024975.0,1290,27.699472,270.0,0.0030555555,12.645248,1,1
1102,143,610275.0,3015045.0,1964,14.920965,350.09583,0.0013888889,9.734322,1,0
416,263,613875.0,3035625.0,3519,33.48739,27.371979,0.0027777778,9.988125,1,0
67,827,630795.0,3046095.0,4900,35.19296,125.38027,0.0033333334,8.537909,1,0
594,859,631755.0,3030285.0,1430,40.828278,165.76273,0.0016666667,8.894443,2,1
38,1391,647715.0,3046965.0,1018,36.869896,180.0,-0.009722223,10.034515,1,1
860,581,623415.0,3022305.0,1395,18.02629,346.67548,-0.00027777778,10.122236,1,0
406,640,625185.0,3035925.0,2619,29.045176,115.79603,-0.006111111,10.609445,1,1
793,669,626055.0,3024315.0,1434,26.167137,202.43298,-0.0058333334,7.5129957,1,1
1131,1716,657465.0,3014175.0,1479,10.683508,96.340195,-0.0069444445,8.470236,1,0
1265,1391,647715.0,3010155.0,483,34.083008,295.14478,0.008611111,9.590938,2,1
510,397,617895.0,3032805.0,2048,36.904663,206.70721,0.0069444445,9.796864,1,1
380,2267,673995.0,3036705.0,4338,33.592678,113.67054,0.008333334,9.850603,1,0
1039,1968,665025.0,3016935.0,2013,29.417425,190.64566,0.016944444,10.930672,1,1
1043,1296,644865.0,3016815.0,1182,29.700096,168.19757,0.0022222223,10.659662,2,0
1178,762,628845.0,3012765.0,483,12.485118,109.798874,0.010277778,10.794986,1,0
951,2245,673335.0,3019575.0,1964,37.516983,154.26929,-0.0016666667,8.676062,1,1
449,1880,662385.0,3034635.0,1679,37.234104,273.77228,0.003888889,9.022768,1,0
40,710,627285.0,3046905.0,3989,40.756924,250.51387,0.0022222223,7.644198,1,0
809,1965,664935.0,3023835.0,2227,22.31173,12.90741,-0.0055555557,7.6930933,1,0
1104,1816,660465.0,3014985.0,1506,9.304115,187.30576,-0.006111111,8.6113205,1,0
854,2182,671445.0,3022485.0,2228,43.626106,282.88196,-0.0044444446,9.047596,3,1
977,466,619965.0,3018795.0,1423,41.01434,162.4331,0.0033333334,11.605411,1,0
1198,870,632085.0,3012165.0,1421,60.95582,210.59998,-0.00083333335,8.1600895,1,0
462,56,607665.0,3034245.0,4574,28.782999,350.3948,-0.015833333,7.401381,1,0
186,1519,651555.0,3042525.0,1182,18.402683,247.9321,0.0033333334,11.336873,1,0
390,1321,645615.0,3036405.0,2214,32.593334,144.54913,0.0033333334,8.34829,1,1
686,1825,660735.0,3027525.0,1837,27.631006,283.81503,0.008888889,10.5407,1,0
1160,1221,642615.0,3013305.0,882,32.285675,115.38212,0.01638889,10.306062,2,1
885,802,630045.0,3021555.0,810,53.113976,132.97269,0.010833333,7.613911,1,1
670,1351,646515.0,3028005.0,620,32.08758,293.49857,0.0011111111,7.962356,1,0
441,1807,660195.0,3034875.0,1858,24.168814,158.1986,0.0011111111,9.549563,1,0
1228,1499,650955.0,3011265.0,1500,12.021504,120.57922,0.0025,9.958536,2,0
302,7,606195.0,3039045.0,4470,34.15947,227.98663,-0.008888889,7.883316,1,0
1089,1907,663195.0,3015435.0,1596,34.692677,146.78818,-0.004722222,7.8633595,1,0
1226,1776,659265.0,3011325.0,840,20.957647,104.48976,-0.009444444,7.762073,1,1
1198,287,614595.0,3012165.0,2572,20.29804,292.52057,0.0013888889,10.841515,1,0
874,2245,673335.0,3021885.0,2925,34.548264,195.80252,0.0125,11.920535,3,1
317,1895,662835.0,3038595.0,2173,51.172947,127.369446,-0.0019444445,8.664673,1,1
586,855,631635.0,3030525.0,1585,32.69023,238.27065,0.0055555557,9.191865,2,1
759,670,626085.0,3025335.0,1375,25.363234,259.87534,0.00027777778,11.186426,1,1
175,1412,648345.0,3042855.0,1678,42.323536,130.17477,0.0033333334,8.505395,1,0
836,559,622755.0,3023025.0,1267,33.20787,68.334045,0.006666667,11.196451,1,0
470,329,615855.0,3034005.0,2601,31.962982,84.251335,0.0125,8.883484,1,0
34,1403,648075.0,3047085.0,1111,46.481636,193.26648,0.008055556,7.849265,1,1
821,654,625605.0,3023475.0,811,31.8767,212.41231,-0.0016666667,7.9705486,1,1
941,1703,657075.0,3019875.0,921,21.68305,51.80905,-0.003611111,8.417836,1,0
1262,1387,647595.0,3010245.0,380,32.103516,320.3893,0.0022222223,9.83354,2,1
1082,2397,677895.0,3015645.0,2945,42.5399,182.60257,-0.00055555557,9.596424,1,1
399,685,626535.0,3036135.0,3170,35.558987,195.89952,0.00083333335,9.846131,1,0
24,1406,648165.0,3047385.0,1458,53.327225,177.51044,-0.0130555555,8.58698,1,1
851,2181,671415.0,3022575.0,2167,41.460926,275.68372,0.014166667,10.1451235,3,1
41,1400,647985.0,3046875.0,942,33.255672,184.00781,-0.003888889,10.658327,1,1
940,1020,636585.0,3019905.0,1471,29.243849,94.26789,-0.0013888889,13.731556,2,0
911,2143,670275.0,3020775.0,1748,43.231518,112.1315,0.0055555557,6.864166,3,1
37,1397,647895.0,3046995.0,1020,36.396103,174.1605,0.00055555557,10.603854,1,1
21,1405,648135.0,3047475.0,1558,46.465504,169.04593,0.011111111,8.360655,1,1
1271,1392,647745.0,3009975.0,633,29.833769,305.53766,-0.016111111,8.051559,2,1
582,1159,640755.0,3030645.0,1930,38.884132,113.12085,0.0022222223,8.626957,1,0
22,1397,647895.0,3047445.0,1462,64.50832,177.83678,-0.0052777776,8.952103,1,1
342,2087,668595.0,3037845.0,2756,30.891678,287.4254,-0.011111111,7.316074,1,0
903,880,632385.0,3021015.0,1533,24.2608,199.44003,-0.010833333,8.292509,1,1
607,843,631275.0,3029895.0,1390,56.37605,169.62415,0.008888889,8.186188,2,1
58,1401,648015.0,3046365.0,1107,34.223583,27.349876,-0.0011111111,7.1877613,1,0
318,1895,662835.0,3038565.0,2152,52.235577,127.128815,-0.006111111,7.645709,1,1
385,1374,647205.0,3036555.0,1487,32.31715,144.11136,0.0016666667,9.206233,1,1
376,1371,647115.0,3036825.0,1789,52.25031,162.73419,0.009444444,8.3383255,1,1
38,1395,647835.0,3046965.0,1000,39.200058,175.01758,0.0025,10.225124,1,1
1149,224,612705.0,3013635.0,1729,41.06699,77.292885,-0.0019444445,10.495464,1,1
677,117,609495.0,3027795.0,2663,38.443,85.78582,-0.0063888887,9.335888,1,0
190,677,626295.0,3042405.0,5049,24.693361,255.83783,0.009166666,9.658782,1,0
833,884,632505.0,3023115.0,1839,34.07897,172.56859,0.0063888887,11.1634865,2,1
475,2027,666795.0,3033855.0,3264,44.743065,340.3462,-0.0058333334,6.8113637,1,1
591,856,631665.0,3030375.0,1512,40.02451,194.65675,0.0011111111,8.363246,2,1
1083,2396,677865.0,3015615.0,2918,43.452286,183.27768,-0.0033333334,9.746819,1,1
913,1008,636225.0,3020715.0,1612,39.73355,64.46257,0.0058333334,8.933183,2,1
233,2206,672165.0,3041115.0,4249,38.715057,263.13358,-0.0052777776,8.969472,1,0
246,1341,646215.0,3040725.0,1285,40.108322,334.19547,-0.0052777776,7.6671295,1,0
1276,595,623835.0,3009825.0,1474,37.70496,78.8112,-0.0033333334,8.851597,1,0
1263,1388,647625.0,3010215.0,410,38.01049,320.62463,0.0013888889,9.939203,2,1
34,617,624495.0,3047085.0,4879,21.19139,20.772255,-0.010833333,7.749914,1,0
619,1315,645435.0,3029535.0,735,30.966194,179.20428,-0.0055555557,8.699418,1,1
46,1398,647925.0,3046725.0,856,10.014069,19.290047,0.008611111,13.100723,1,1
924,1077,638295.0,3020385.0,1862,53.78444,199.98311,0.005,8.4367485,2,1
104,1505,651135.0,3044985.0,864,42.05788,68.8865,-0.010277778,6.9052753,1,0
589,1697,656895.0,3030435.0,1314,20.912285,108.43495,-0.007222222,7.7644453,1,1
206,1651,655515.0,3041925.0,2608,22.7596,304.47922,-0.013888889,9.750452,1,0
973,391,617715.0,3018915.0,2046,36.24766,163.83096,0.0052777776,9.510671,1,0
578,120,609585.0,3030765.0,2897,14.222051,136.33221,0.0075,10.254431,1,0
870,2247,673395.0,3022005.0,3057,60.07438,183.85065,0.0325,9.083302,3,1
273,1855,661635.0,3039915.0,3011,37.11418,115.43622,-0.004166667,7.0812054,1,0
673,1973,665175.0,3027915.0,2181,30.89535,192.875,0.0022222223,9.713823,1,0
770,580,623385.0,3025005.0,1602,35.712963,187.66048,-0.006111111,9.078316,1,0
28,263,613875.0,3047265.0,4694,13.012088,64.35899,0.0058333334,8.960488,1,0
44,1400,647985.0,3046785.0,861,34.446014,171.96835,0.01638889,10.705787,1,1
21,1401,648015.0,3047475.0,1559,62.662495,201.48056,-0.0075,7.752058,1,1
873,2243,673275.0,3021915.0,2948,39.249783,162.4891,0.017222222,10.000209,3,1
572,946,634365.0,3030945.0,1550,19.890371,262.05652,-0.010555555,7.819045,1,0
1056,270,614085.0,3016425.0,1247,48.704807,197.90445,0.019444445,7.7713227,1,1
621,460,619785.0,3029475.0,1885,40.98827,120.86952,0.0027777778,7.636038,1,0
125,1854,661605.0,3044355.0,2632,20.186438,38.5584,-0.0030555555,8.49614,1,0
1134,718,627525.0,3014085.0,838,39.544857,159.004,0.0052777776,10.520337,1,1
1275,550,622485.0,3009855.0,1441,17.083143,49.398705,-0.0027777778,9.591704,1,0
816,1486,650565.0,3023625.0,1843,19.241861,246.8014,0.0022222223,10.850649,1,0
322,1899,662955.0,3038445.0,1951,31.90436,152.06287,0.011111111,10.220764,1,1
52,884,632505.0,3046545.0,4509,24.49391,320.19443,0.0033333334,8.687152,1,0
973,474,620205.0,3018915.0,1442,46.891598,155.3341,0.013888889,10.068522,1,1
19,1401,648015.0,3047535.0,1655,51.29695,193.71149,-0.014722222,7.2739453,1,1
1179,1192,641745.0,3012735.0,1198,28.316078,93.99091,0.009166666,13.863334,2,1
884,803,630075.0,3021585.0,811,55.213245,137.81555,0.0130555555,7.5366964,1,1
769,52,607545.0,3025035.0,3167,28.966959,340.2011,-0.004722222,7.3937883,1,0
529,130,609885.0,3032235.0,3510,27.484186,215.21759,0.013888889,10.289119,1,0
568,1449,649455.0,3031065.0,623,30.020662,123.23171,-0.0058333334,11.39392,1,1
759,668,626025.0,3025335.0,1345,28.26449,268.6678,-0.00027777778,11.111831,1,1
843,2178,671325.0,3022815.0,2272,50.92893,226.09644,0.00083333335,9.07885,3,1
33,1401,648015.0,3047115.0,1125,45.079357,201.44774,0.0025,10.437211,1,1
999,1435,649035.0,3018135.0,1512,27.97491,175.04973,0.007777778,10.836307,1,0
334,418,618525.0,3038085.0,3531,28.056507,230.71059,-0.0019444445,8.124823,1,0
31,1398,647925.0,3047175.0,1162,42.254715,181.05118,0.004722222,10.076424,1,1
1192,1963,664875.0,3012345.0,946,41.206516,177.81836,-0.010277778,7.6283484,1,1
759,671,626115.0,3025335.0,1388,25.218672,256.70142,0.0027777778,11.166289,1,1
758,683,626475.0,3025365.0,1569,24.766413,249.92847,-0.0063888887,7.575985,1,1
602,884,632505.0,3030045.0,1541,28.0376,200.1363,0.008888889,9.041908,2,1
761,670,626085.0,3025275.0,1370,25.363234,259.87534,0.0013888889,10.726893,1,1
852,2174,671205.0,3022545.0,2045,35.85464,234.38551,0.013888889,14.786836,3,1
933,2141,670215.0,3020115.0,1610,22.9021,75.14139,0.00055555557,11.868749,3,1
850,2173,671175.0,3022605.0,2080,40.452606,201.8014,-0.011388889,6.9617996,3,1
834,1751,658515.0,3023085.0,1269,16.555511,328.7608,0.0052777776,11.844158,1,0
1105,640,625185.0,3014955.0,1237,33.776608,329.2811,-0.0027777778,8.590884,1,0
607,841,631215.0,3029895.0,1420,56.10898,158.31772,0.0013888889,7.50313,2,1
638,1167,640995.0,3028965.0,2141,26.027931,53.32565,-0.0027777778,10.984881,1,0
499,1219,642555.0,3033135.0,2444,41.288597,223.84654,-0.009166666,7.6254582,1,0
612,843,631275.0,3029745.0,1219,37.781296,166.63605,0.007222222,10.148128,2,1
716,1380,647385.0,3026625.0,1137,26.568233,246.4253,-0.0019444445,10.827607,1,0
954,707,627195.0,3019485.0,845,50.79217,134.17368,-0.040555555,7.6974306,1,1
388,1110,639285.0,3036465.0,3294,29.424116,282.80426,-0.014722222,7.37505,1,0
25,1403,648075.0,3047355.0,1387,60.373333,193.70697,0.00055555557,6.931131,1,1
426,1973,665175.0,3035325.0,2602,35.803017,220.3141,-0.0044444446,8.515386,1,0
732,659,625755.0,3026145.0,1705,51.69445,140.0737,-0.008888889,7.259705,1,1
1041,1719,657555.0,3016875.0,824,25.241129,296.7915,-0.0033333334,8.652967,1,0
610,1278,644325.0,3029805.0,894,43.026207,156.86858,0.0016666667,6.871348,1,0
1269,1388,647625.0,3010035.0,531,44.670475,343.0926,-0.0013888889,9.298804,2,1
610,839,631155.0,3029805.0,1316,56.26188,155.50327,0.014444444,9.617622,2,1
909,889,632655.0,3020835.0,1425,37.35313,190.6965,0.009722223,8.681986,2,1
143,153,610575.0,3043815.0,4398,36.149414,64.31186,0.00027777778,7.8095207,1,0
620,198,611925.0,3029505.0,3534,32.356407,125.36246,0.009444444,10.516904,1,0
1148,875,632235.0,3013665.0,1344,26.644436,327.89374,0.0011111111,8.185229,1,0
751,627,624795.0,3025575.0,1629,22.8721,183.96466,-0.0075,7.6655173,1,0
780,372,617145.0,3024705.0,1690,22.934036,32.125,0.0130555555,10.753545,1,0
830,882,632445.0,3023205.0,1920,40.376083,120.96376,-0.00027777778,8.573943,2,1
925,1718,657525.0,3020355.0,1076,17.676495,258.69006,-0.007777778,7.9459352,1,0
824,1513,651375.0,3023385.0,2088,24.805475,295.641,-0.003888889,8.267341,1,0
1161,383,617475.0,3013275.0,1956,14.738401,29.407188,0.0025,10.083673,1,0
597,875,632235.0,3030195.0,1502,32.911602,235.49147,0.0058333334,9.540054,2,1
885,800,629985.0,3021555.0,867,45.501385,152.1759,-0.017777778,6.784892,1,1
38,1605,654135.0,3046965.0,1811,19.453705,252.84758,0.0016666667,11.175293,1,0
1032,415,618435.0,3017145.0,1084,38.645397,164.58777,-0.0125,7.026054,1,0
1237,994,635805.0,3010995.0,1609,56.95678,153.7822,-0.0033333334,7.4709635,1,1
80,730,627885.0,3045705.0,4721,22.433655,317.45404,0.003888889,10.171954,1,0
617,1313,645375.0,3029595.0,756,36.37423,208.73979,0.0022222223,7.801294,1,1
507,1158,640725.0,3032895.0,2282,27.938353,98.130104,0.0063888887,11.563785,1,0
760,682,626445.0,3025305.0,1540,29.205933,259.69516,0.0052777776,12.163094,1,1
44,1398,647925.0,3046785.0,865,27.410282,188.78116,0.007777778,11.069977,1,1
82,358,616725.0,3045645.0,4306,45.160736,129.95755,-0.003888889,9.569373,1,0
38,1397,647895.0,3046965.0,998,34.99965,178.63608,0.0011111111,10.685147,1,1
599,875,632235.0,3030135.0,1487,27.687586,237.31944,-0.0013888889,9.932162,2,1
854,1175,641235.0,3022485.0,1073,29.131199,191.64597,0.007222222,11.5301695,2,1
892,2204,672105.0,3021345.0,2589,41.206516,182.18164,-0.0069444445,8.321495,3,0
840,1422,648645.0,3022905.0,1207,38.661324,0.5968094,-0.0011111111,9.104926,1,1
507,1710,657285.0,3032895.0,1513,25.025642,40.65676,0.0075,8.257283,1,0
513,807,630195.0,3032715.0,2392,27.264519,263.96674,0.0033333334,8.851589,1,0
1033,342,616245.0,3017115.0,1498,51.268562,197.10272,0.004722222,7.9681077,1,1
562,1933,663975.0,3031245.0,1912,48.049774,171.38435,0.012222222,8.892961,1,1
739,2277,674295.0,3025935.0,3292,28.77326,318.6914,0.0033333334,9.011222,3,0
872,2249,673455.0,3021945.0,3031,48.49077,230.08623,0.015277778,8.066536,3,1
915,2143,670275.0,3020655.0,1691,36.904663,116.70722,0.010555555,10.3469095,3,1
686,146,610365.0,3027525.0,2211,10.779772,203.1986,0.020833334,18.499552,1,0
41,1395,647835.0,3046875.0,926,41.992096,181.06091,0.0013888889,10.239788,1,1
1047,551,622515.0,3016695.0,810,32.954872,43.958374,-0.0016666667,8.622108,1,0
1252,2232,672945.0,3010545.0,2001,42.031113,356.82016,0.00083333335,8.292509,1,0
1072,1536,652065.0,3015945.0,860,25.03089,214.8245,0.00027777778,12.255245,1,0
60,1924,663705.0,3046305.0,2592,8.64667,9.462318,-0.010277778,8.685815,1,0
1087,2397,677895.0,3015495.0,2820,29.010916,210.22545,0.0069444445,13.082338,1,1
779,216,612465.0,3024735.0,1889,40.491734,18.78862,0.0016666667,8.346711,1,0
880,826,630765.0,3021705.0,915,37.074005,186.96826,0.015277778,9.56757,1,1
937,1572,653145.0,3019995.0,2009,38.39064,247.75098,-0.0013888889,8.4214735,1,0
877,830,630885.0,3021795.0,1011,55.132214,169.7993,-0.007222222,8.387011,1,1
989,1371,647115.0,3018435.0,2209,21.101912,232.0165,-0.004722222,7.7545557,1,0
152,284,614505.0,3043545.0,4259,38.431465,109.9574,-0.006666667,7.0337157,1,0
851,2170,671085.0,3022575.0,1994,42.94797,209.20407,0.012222222,8.665845,3,1
342,867,631995.0,3037845.0,2734,22.377977,234.05789,-0.003888889,9.076099,1,0
711,2355,676635.0,3026775.0,3593,24.904482,338.9625,-0.003611111,7.569663,3,0
851,2177,671295.0,3022575.0,2113,29.093021,249.39374,0.006666667,15.000939,3,1
473,2026,666765.0,3033915.0,3191,41.77196,329.12793,0.014722222,9.31321,1,1
1240,996,635865.0,3010905.0,1481,42.536957,174.00461,0.00027777778,10.354214,1,1
878,806,630165.0,3021765.0,1009,57.445953,165.52019,-0.011944445,7.7398944,1,1
23,1228,642825.0,3047415.0,1712,38.883385,341.00336,0.0022222223,8.1161585,1,0
593,870,632085.0,3030315.0,1492,35.44717,205.66519,0.0019444445,9.850259,2,1
580,38,607125.0,3030705.0,3824,26.604792,199.94238,-0.0058333334,7.4938087,1,0
131,354,616605.0,3044175.0,3934,38.05152,125.46677,0.0013888889,7.7405033,1,0
468,114,609405.0,3034065.0,4337,23.057178,203.0513,0.00027777778,8.349672,1,0
419,1449,649455.0,3035535.0,628,27.631006,103.815025,0.0058333334,10.014606,1,0
216,1439,649155.0,3041625.0,915,48.76934,161.69737,0.013611111,8.867663,1,1
54,1891,662715.0,3046485.0,2426,32.760345,7.8152924,-0.003888889,9.035024,1,0
1034,341,616215.0,3017085.0,1453,48.240993,197.76091,0.008611111,9.086916,1,1
274,1242,643245.0,3039885.0,1933,33.02387,337.38013,0.0011111111,7.2331777,1,0
853,2178,671325.0,3022515.0,2136,26.142658,319.82077,0.00027777778,7.5140758,3,1
702,1962,664845.0,3027045.0,1830,33.832,141.5627,-0.0019444445,9.767447,1,1
940,2001,666015.0,3019905.0,2208,24.627151,271.04163,-0.0025,10.290439,1,0
951,873,632175.0,3019575.0,1450,31.558764,228.85063,-0.00083333335,7.9829564,1,1
1152,2050,667485.0,3013545.0,1473,55.102047,198.6456,0.0033333334,8.92713,1,1
748,1215,642435.0,3025665.0,1598,26.948858,89.06081,-0.007222222,9.676103,1,0
912,239,613155.0,3020745.0,1970,40.234905,117.57456,0.018333333,8.91541,1,1
35,1404,648105.0,3047055.0,1093,43.208473,201.32947,0.005,10.391333,1,1
446,1725,657735.0,3034725.0,1432,25.574306,82.99873,-0.0016666667,9.937246,1,0
846,2179,671355.0,3022725.0,2238,45.699745,238.6367,-0.010277778,6.7779665,3,1
1007,1748,658425.0,3017895.0,969,16.307268,215.7274,-0.008888889,8.0314865,1,0
106,1585,653535.0,3044925.0,1261,15.510067,318.65222,0.0027777778,9.693717,1,0
1265,1392,647745.0,3010155.0,505,43.102894,286.8214,0.008333334,6.8686647,2,1
903,441,619215.0,3021015.0,1712,27.04806,26.146843,-0.0058333334,7.474598,1,0
819,654,625605.0,3023535.0,848,36.46154,201.50143,-0.0025,7.1049566,1,1
998,1760,658785.0,3018165.0,1073,18.130934,284.74356,0.0011111111,9.017433,1,0
487,1084,638505.0,3033495.0,2408,27.372448,266.3086,-1.0842022e-19,9.406586,1,0
925,1076,638265.0,3020355.0,1813,47.002472,209.0546,0.010833333,8.81188,2,1
1089,1912,663345.0,3015435.0,1542,33.492615,143.70737,-0.008055556,8.824776,1,0
1148,301,615015.0,3013665.0,2276,18.056662,321.22583,0.00027777778,8.616359,1,0
1198,1395,647835.0,3012165.0,424,51.268562,287.10272,0.008888889,10.366003,2,0
390,1322,645645.0,3036405.0,2204,30.910032,145.20398,-0.00055555557,8.701641,1,1
569,1857,661695.0,3031035.0,1569,36.737785,177.76053,0.00055555557,9.040794,1,1
232,2189,671655.0,3041145.0,3995,41.64694,215.84975,0.0013888889,8.711467,1,0
768,1983,665475.0,3025065.0,1800,44.82486,200.10623,-0.01,6.8085084,1,1
862,1986,665565.0,3022245.0,2338,36.015686,205.09625,0.00055555557,9.423862,1,0
563,1934,664005.0,3031215.0,1880,33.04322,177.7974,0.021388888,9.630334,1,1
965,65,607935.0,3019155.0,1840,37.19922,19.230675,-0.0069444445,7.078122,1,0
712,2373,677175.0,3026745.0,3752,29.305954,310.78583,0.003611111,9.777771,3,0
729,661,625815.0,3026235.0,1749,45.808235,153.01978,-0.0044444446,7.4673257,1,1
737,660,625785.0,3025995.0,1553,32.268787,157.49648,0.007222222,12.471679,1,1
38,1393,647775.0,3046965.0,1010,39.03438,167.53506,-0.004722222,10.190209,1,1
950,2244,673305.0,3019605.0,1989,36.349697,159.10223,0.0069444445,8.4953375,1,1
905,1532,651945.0,3020955.0,1932,40.041862,82.59309,-0.0019444445,7.669484,1,1
374,1572,653145.0,3036885.0,2022,31.007584,16.927513,-0.0011111111,8.4101,1,0
594,873,632175.0,3030285.0,1511,36.19817,228.231,0.004166667,9.947802,2,1
821,655,625635.0,3023475.0,819,29.16385,203.31094,-0.0013888889,7.3856955,1,1
1226,1771,659115.0,3011325.0,884,24.141115,110.11963,0.0030555555,10.740442,1,1
847,2165,670935.0,3022695.0,1937,42.28228,228.71529,0.012777777,8.689163,3,1
925,2278,674325.0,3020355.0,2288,48.91659,165.91327,0.012222222,8.744694,3,1
365,1120,639585.0,3037155.0,3683,17.676495,281.30994,-0.008333334,7.9459352,1,0
724,33,606975.0,3026385.0,3067,25.990057,359.5103,-0.004722222,8.907118,1,0
597,879,632355.0,3030195.0,1570,33.105427,218.77417,0.00055555557,8.616359,2,1
654,1722,657645.0,3028485.0,1995,34.12732,314.00366,0.0027777778,8.800815,1,0
34,1389,647655.0,3047085.0,1103,35.378403,175.96228,0.00027777778,10.189273,1,1
45,1401,648015.0,3046755.0,847,3.769244,235.30484,0.023055555,17.49408,1,1
1135,719,627555.0,3014055.0,807,36.159176,167.1523,0.007222222,10.944657,1,1
381,1373,647175.0,3036675.0,1568,49.31902,148.47316,0.013611111,8.442818,1,1
41,1397,647895.0,3046875.0,933,41.796715,191.83365,-0.0025,10.525362,1,1
270,1651,655515.0,3040005.0,2283,22.209743,335.2657,0.007222222,12.370999,1,0
759,673,626175.0,3025335.0,1416,26.529999,255.49983,0.004722222,11.052421,1,1
1000,305,615135.0,3018105.0,1954,45.402122,136.99788,0.006666667,8.580117,1,0
472,2027,666795.0,3033945.0,3190,47.017994,321.30545,-0.0022222223,7.8305073,1,1
791,1816,660465.0,3024375.0,1622,34.294415,144.95062,-0.003888889,8.976864,1,1
479,63,607875.0,3033735.0,4457,20.375906,176.78452,-0.0016666667,9.584581,1,0
1012,310,615285.0,3017745.0,1702,30.763853,166.64465,0.0016666667,10.211515,1,0
585,855,631635.0,3030555.0,1596,34.547283,231.88173,0.0075,8.5619335,2,1
30,1398,647925.0,3047205.0,1192,45.93919,180.0,0.0019444445,9.905099,1,1
1217,1673,656175.0,3011595.0,1072,30.63379,230.71059,0.0058333334,8.019462,1,0
806,661,625815.0,3023925.0,1137,46.65079,192.72437,-0.0011111111,8.69065,1,1
89,352,616545.0,3045435.0,4401,58.13065,100.145546,-0.0063888887,7.425715,1,0
909,1005,636135.0,3020835.0,1631,34.111217,66.43117,0.00027777778,7.191982,2,1
958,1807,660195.0,3019365.0,1133,24.712992,354.80557,-0.0058333334,8.271585,1,0
673,674,626205.0,3027915.0,1935,33.46122,185.06361,0.0027777778,9.781478,1,1
1032,2075,668235.0,3017145.0,1453,44.24703,175.33813,-0.007222222,7.927294,1,0
432,1689,656655.0,3035145.0,1805,29.562681,177.47388,0.00027777778,9.161166,1,0
196,1192,641745.0,3042225.0,2856,42.67698,99.887985,-0.016666668,6.8835726,1,0
354,49,607455.0,3037485.0,3954,29.672441,235.72887,-0.00083333335,9.310858,1,1
951,2248,673425.0,3019575.0,1929,39.641983,140.30511,0.0019444445,8.936435,1,1
952,2164,670905.0,3019545.0,1617,33.255672,229.1223,-0.0011111111,9.93239,1,0
202,135,610035.0,3042045.0,4676,33.797146,71.113914,-0.006111111,7.896961,1,0
194,218,612525.0,3042285.0,3951,39.46153,265.64578,0.006111111,10.803602,1,0
940,561,622815.0,3019905.0,1684,28.00993,139.44739,-0.003888889,10.691731,1,0
97,506,621165.0,3045195.0,5405,44.120716,108.27925,-0.007222222,9.924135,1,0
593,2074,668205.0,3030315.0,3423,45.035767,177.1376,-0.0022222223,9.199041,1,0
850,2178,671325.0,3022605.0,2136,32.482525,223.40886,0.007222222,7.9470906,3,1
352,219,612555.0,3037545.0,3449,41.269398,59.782726,0.008888889,8.724747,1,0
1077,673,626175.0,3015795.0,1289,32.512516,41.82017,0.0027777778,8.3514,1,0
906,1006,636165.0,3020925.0,1581,42.00979,65.68766,0.0011111111,8.293257,2,1
1129,1104,639105.0,3014235.0,1219,26.055866,4.3987045,-0.00055555557,10.653404,2,0
524,2379,677355.0,3032385.0,4384,32.716557,172.92108,-0.0052777776,9.036703,1,0
763,676,626265.0,3025215.0,1461,26.064075,283.7995,0.00083333335,9.714771,1,1
1085,2297,674895.0,3015555.0,2409,34.96243,147.1622,0.0075,8.546464,1,0
1182,1737,658095.0,3012645.0,1134,22.813942,123.69006,0.004166667,14.1345,1,0
959,1771,659115.0,3019335.0,943,21.940134,309.12262,0.006666667,9.321119,1,0
407,2303,675075.0,3035895.0,3951,9.583437,254.24883,0.003611111,11.414412,1,0
983,26,606765.0,3018615.0,2429,25.58952,63.65789,-0.0022222223,8.924963,1,0
921,2216,672465.0,3020475.0,2623,41.083855,305.665,-0.003611111,8.038135,3,0
713,730,627885.0,3026715.0,1914,26.849054,32.905243,0.0,11.354397,1,0
19,1397,647895.0,3047535.0,1601,49.63135,193.9378,0.0075,9.348072,1,1
237,1653,655575.0,3040995.0,2264,36.40921,142.8064,-0.0052777776,7.8000154,1,0
1263,1385,647535.0,3010215.0,367,32.95163,315.52087,0.004722222,10.280461,2,1
578,1527,651795.0,3030765.0,1121,23.52503,5.492325,-0.0022222223,9.243479,1,0
705,646,625365.0,3026955.0,2298,32.31715,197.24146,0.00055555557,8.358935,1,0
1123,484,620505.0,3014415.0,1706,31.578743,15.732002,0.009444444,13.207921,1,0
308,1147,640395.0,3038865.0,2739,24.3887,53.972626,0.0025,13.157935,1,0
442,329,615855.0,3034845.0,2572,45.190212,235.45483,0.0030555555,10.091592,1,1
850,2175,671235.0,3022605.0,2096,38.836224,216.15819,0.0055555557,7.712378,3,1
797,1819,660555.0,3024195.0,1477,26.068996,144.0085,-0.0019444445,9.46324,1,1
248,1114,639405.0,3040665.0,3248,35.473114,100.7843,-0.0013888889,8.93301,1,0
570,1857,661695.0,3031005.0,1544,40.376083,174.09386,0.0022222223,9.043947,1,1
758,681,626415.0,3025365.0,1536,30.160738,247.66455,0.0013888889,9.647818,1,1
1240,2175,671235.0,3010905.0,1171,39.24613,288.43494,0.0011111111,8.796367,1,0
482,1313,645375.0,3033645.0,2417,32.451366,127.5457,0.0022222223,8.6414385,1,0
917,862,631845.0,3020595.0,1123,33.33609,215.20015,0.0030555555,10.7766285,1,1
955,573,623175.0,3019455.0,1463,16.360405,173.4802,2.1684043e-19,8.721197,1,0
244,342,616245.0,3040785.0,3846,9.142973,201.2505,-0.0063888887,8.629097,1,0
1228,1778,659325.0,3011265.0,797,25.663694,111.89368,0.0019444445,9.7325735,1,1
929,2240,673185.0,3020235.0,2196,39.52837,88.84267,0.006111111,10.708135,3,1
103,737,628095.0,3045015.0,4866,53.941303,133.5249,-0.0011111111,7.5837026,1,0
852,2191,671715.0,3022545.0,2405,43.868515,274.4749,0.007222222,9.239797,3,1
1224,171,611115.0,3011385.0,2703,40.54353,93.071465,0.00083333335,8.750346,1,0
1280,1075,638235.0,3009705.0,1984,39.226402,264.4349,0.0011111111,9.202535,2,0
608,842,631245.0,3029865.0,1363,55.366287,157.4943,0.0058333334,7.818672,2,1
857,2162,670845.0,3022395.0,1825,20.34764,180.64374,0.019166667,19.067568,3,1
912,869,632055.0,3020745.0,1285,27.780964,188.64279,-0.008611111,7.4432993,1,1
584,854,631605.0,3030585.0,1598,35.398876,219.28941,0.003888889,8.935753,2,1
437,333,615975.0,3034995.0,2731,41.639442,238.02309,0.0052777776,9.915703,1,1
393,1390,647685.0,3036315.0,1204,49.70705,137.29062,0.0044444446,7.7359557,1,1
45,628,624825.0,3046755.0,4620,23.736837,77.41231,0.004722222,11.828668,1,0
879,808,630225.0,3021735.0,928,59.841675,169.39738,0.008333334,8.20537,1,1
907,880,632385.0,3020895.0,1443,42.096725,194.42078,-0.0022222223,8.695672,1,1
911,880,632385.0,3020775.0,1336,38.69994,197.86954,0.0069444445,9.857316,1,1
138,2019,666555.0,3043965.0,3295,10.144261,27.758541,0.0011111111,8.523188,1,0
18,1399,647955.0,3047565.0,1661,42.700867,204.82935,-0.004166667,7.981348,1,1
150,1940,664185.0,3043605.0,3064,26.995434,273.7517,0.0075,9.086306,1,0
1238,994,635805.0,3010965.0,1567,55.87828,161.0535,0.0,7.7994967,1,1
907,1003,636075.0,3020895.0,1655,31.89745,63.77803,-0.0027777778,7.2765937,2,1
1235,1726,657765.0,3011055.0,1405,19.078375,111.92959,-0.0044444446,7.8641205,1,0
457,1764,658905.0,3034395.0,1459,26.366499,286.607,0.0016666667,9.295987,1,0
578,2394,677805.0,3030765.0,4073,15.268187,77.66091,0.004722222,11.656128,1,0
380,1372,647145.0,3036705.0,1622,54.183704,147.02669,0.007777778,8.085625,1,1
595,880,632385.0,3030255.0,1614,33.72412,229.04958,0.0011111111,9.604467,2,1
440,328,615825.0,3034905.0,2582,39.624172,229.8991,0.007222222,9.935596,1,1
950,2264,673905.0,3019605.0,2027,40.195805,168.91171,-8.6736174e-19,9.27347,1,0
873,2250,673485.0,3021915.0,3039,49.036274,234.12502,0.008611111,9.551406,3,1
46,1399,647955.0,3046725.0,854,10.288595,9.246109,0.010555555,13.162716,1,1
847,2173,671175.0,3022695.0,2132,40.267075,213.76823,-0.0019444445,7.661509,3,1
20,1405,648135.0,3047505.0,1585,52.73038,164.55368,0.0175,7.9155126,1,1
434,444,619305.0,3035085.0,3224,25.34952,320.71057,-0.006666667,8.242605,1,0
21,1404,648105.0,3047475.0,1566,51.36873,164.94568,0.0044444446,7.676842,1,1
458,1020,636585.0,3034365.0,2519,37.21335,218.31613,0.003611111,9.02352,1,0
1169,1920,663585.0,3013035.0,1210,24.508368,198.10376,0.00027777778,8.686483,1,0
1145,1213,642375.0,3013755.0,1061,14.043731,150.01836,-0.00083333335,9.574429,2,0
951,2401,678015.0,3019575.0,3690,26.206228,346.78726,-0.0063888887,7.511273,1,0
839,1421,648615.0,3022935.0,1182,45.29778,353.60764,-0.010555555,8.871442,1,1
1036,1968,665025.0,3017025.0,2085,46.718765,211.1951,0.012777777,9.450413,1,1
1035,2344,676305.0,3017055.0,3261,40.875008,231.25403,-0.00083333335,8.045497,1,0
793,1815,660435.0,3024315.0,1600,37.745987,143.31512,-0.0063888887,8.15697,1,1
1016,2253,673575.0,3017625.0,2570,34.180534,14.206764,0.00055555557,9.135288,1,0
58,2024,666705.0,3046365.0,2490,40.935345,177.7974,0.0044444446,9.583814,1,0
23,1396,647865.0,3047415.0,1395,62.752495,179.26233,0.0175,8.44135,1,1
182,1011,636315.0,3042645.0,3660,34.090065,127.99873,0.0030555555,9.272219,1,0
758,669,626055.0,3025365.0,1362,28.994446,260.04193,0.0022222223,11.655336,1,1
949,2243,673275.0,3019635.0,2025,43.502552,159.9739,0.0019444445,9.157274,1,1
837,144,610305.0,3022995.0,2663,49.113987,106.34288,0.0011111111,12.466436,1,0
696,192,611745.0,3027225.0,2226,33.94528,114.502655,0.0025,9.906277,1,0
33,1389,647655.0,3047115.0,1124,36.482426,175.79938,0.0016666667,10.099926,1,1
1125,511,621315.0,3014355.0,1680,33.89537,60.25512,-0.0025,7.893255,1,1
693,1968,665025.0,3027315.0,1928,45.308006,164.70346,0.013333334,8.1779375,1,1
840,1488,650625.0,3022905.0,1845,12.646669,291.8014,-0.0016666667,8.296801,1,0
45,1594,653805.0,3046755.0,1582,39.504684,141.5663,0.003611111,9.19263,1,0
30,1396,647865.0,3047205.0,1190,45.863102,183.01279,0.0025,9.605475,1,1
833,1415,648435.0,3023115.0,980,22.406872,255.96376,0.02638889,17.235542,1,1
550,949,634455.0,3031605.0,1779,49.074818,220.01758,0.005,8.269113,1,0
703,1962,664845.0,3027015.0,1814,38.366714,145.72446,-0.008055556,9.675095,1,1
1233,964,634905.0,3011115.0,1830,38.832474,261.36658,0.0075,8.628802,1,0
660,1342,646245.0,3028305.0,533,25.50312,109.384514,0.0058333334,10.76142,1,0
954,878,632325.0,3019485.0,1520,36.85801,245.71417,-0.005,8.882269,1,1
595,870,632085.0,3030255.0,1453,37.463917,214.81337,0.003611111,9.958913,2,1
1191,1193,641775.0,3012375.0,1258,38.33656,118.99596,-0.009166666,9.522026,2,1
308,1671,656115.0,3038865.0,2473,23.021526,295.55997,-0.006111111,7.658253,1,0
955,707,627195.0,3019455.0,814,65.142296,137.34688,-0.050277777,7.1316,1,1
1041,213,612375.0,3016875.0,1548,24.03728,181.606,0.0027777778,10.248869,1,0
83,1570,653085.0,3045615.0,975,30.580227,331.8087,0.004722222,14.469693,1,0
730,1541,652215.0,3026205.0,2311,37.58368,160.38791,0.010555555,11.530123,1,0
226,1286,644565.0,3041325.0,1312,30.588959,220.42607,0.00027777778,7.3281,1,0
833,1416,648465.0,3023115.0,996,35.385853,238.92096,0.023055555,10.088914,1,1
350,1878,662325.0,3037605.0,2006,15.909876,127.874985,-0.014166667,8.057507,1,0
1127,333,615975.0,3014295.0,1807,40.98305,83.11357,-0.0019444445,8.734834,1,0
36,944,634305.0,3047025.0,3654,23.767138,327.3625,-0.009444444,7.62254,1,0
1015,1766,658965.0,3017655.0,965,35.056744,322.72183,0.009722223,10.767584,1,0
63,293,614775.0,3046215.0,4530,37.793316,118.217354,-0.011388889,7.749799,1,0
546,1071,638115.0,3031725.0,2657,22.111288,295.51385,0.0069444445,10.698822,1,0
936,1935,664035.0,3020025.0,1449,14.506372,284.9314,0.0063888887,16.259045,1,0
56,408,618225.0,3046425.0,4542,27.326931,217.79395,-0.0030555555,9.07206,1,0
107,73,608175.0,3044895.0,4878,64.278145,206.46219,0.0022222223,8.4699335,1,0
318,1896,662865.0,3038565.0,2123,51.103207,131.7295,-0.0030555555,8.784947,1,1
756,829,630855.0,3025425.0,951,25.816034,259.0772,0.00027777778,8.627165,2,0
593,2288,674625.0,3030315.0,3873,36.871593,359.3634,-0.01,8.188627,1,0
818,650,625485.0,3023565.0,837,38.332687,185.13976,0.004722222,9.234483,1,1
803,664,625905.0,3024015.0,1230,36.149414,212.42107,0.00083333335,8.725812,1,1
1092,630,624885.0,3015345.0,892,25.297995,279.1302,0.013611111,14.540197,1,1
36,1404,648105.0,3047025.0,1069,42.440704,198.60007,-0.0016666667,10.447198,1,1
37,1392,647745.0,3046995.0,1034,33.470646,171.66563,-0.0019444445,10.435046,1,1
903,944,634305.0,3021015.0,1843,21.065973,344.31,0.008055556,8.855037,2,0
784,1702,657045.0,3024585.0,1296,16.48461,80.27242,-0.0027777778,8.020057,1,0
564,1450,649485.0,3031185.0,684,46.7636,147.80426,-0.003888889,6.7407947,1,1
907,1010,636285.0,3020895.0,1519,8.697658,119.35776,0.01638889,17.681807,2,1
1035,1967,664995.0,3017055.0,2096,41.83501,204.17911,0.014166667,8.99254,1,1
433,333,615975.0,3035115.0,2802,46.37057,238.64595,-0.0011111111,7.853147,1,1
478,1538,652125.0,3033765.0,1797,31.168497,279.9165,0.0052777776,9.251046,1,0
20,2081,668415.0,3047505.0,3015,48.70671,116.28373,0.0030555555,7.365791,1,0
482,593,623775.0,3033645.0,2643,25.603031,359.50177,-0.00055555557,8.924358,1,0
796,108,609225.0,3024225.0,3192,28.884224,21.721054,-0.007777778,7.397199,1,0
33,1402,648045.0,3047115.0,1138,47.35635,199.26929,-0.0033333334,6.72005,1,1
499,390,617685.0,3033135.0,2111,11.694817,139.8991,0.011666667,20.739738,1,1
761,1972,665145.0,3025275.0,1707,52.448746,209.76764,0.0025,10.616941,1,1
846,2177,671295.0,3022725.0,2182,30.789743,222.1659,0.018333333,10.903635,3,1
718,413,618375.0,3026565.0,1544,23.753887,18.77803,0.0025,9.232605,1,0
34,1401,648015.0,3047085.0,1098,43.17299,198.91777,0.00027777778,10.529775,1,1
1085,2398,677925.0,3015555.0,2869,39.026978,194.89346,0.005,9.72047,1,1
675,673,626175.0,3027855.0,1901,19.975218,154.90375,0.011666667,12.245241,1,1
782,87,608595.0,3024645.0,3022,37.05975,24.443954,-0.003611111,7.0831804,1,0
353,1519,651555.0,3037515.0,1419,18.130934,284.74356,0.008611111,11.889112,1,0
1028,625,624735.0,3017265.0,774,35.624237,171.3045,-0.004722222,7.8288217,1,0
945,1299,644955.0,3019755.0,1424,17.713282,277.49585,0.0033333334,10.140943,1,0
580,1962,664845.0,3030705.0,2307,31.635021,246.90318,0.004722222,10.975706,1,1
556,2047,667395.0,3031425.0,3084,22.249369,266.49646,0.0011111111,9.99878,1,0
745,1492,650745.0,3025755.0,2387,29.598467,188.01123,-0.009166666,9.159711,1,0
184,1407,648195.0,3042585.0,1647,33.710712,152.47478,0.0033333334,9.691986,1,0
1007,1401,648015.0,3017895.0,1783,48.319157,200.18286,-0.009722223,6.6862745,1,0
710,561,622815.0,3026805.0,1885,26.737617,249.16663,-0.00055555557,10.889227,1,0
618,1315,645435.0,3029565.0,753,29.9093,178.33972,-0.008611111,8.453973,1,1
667,677,626295.0,3028095.0,2068,40.491734,198.78862,0.0069444445,9.263001,1,1
378,806,630165.0,3036765.0,3355,6.9904943,80.21759,0.005,12.51201,1,0
735,187,611595.0,3026055.0,2026,21.559422,117.64597,-0.008333334,7.7309885,1,0
38,1405,648135.0,3046965.0,1020,43.814632,197.1759,0.003611111,8.453221,1,1
502,1723,657675.0,3033045.0,1355,15.6490965,67.24902,0.00027777778,8.0749,1,0
762,675,626235.0,3025245.0,1443,25.051863,281.30994,0.0027777778,12.905277,1,1
1189,2146,670365.0,3012435.0,1630,33.542725,284.56027,0.0022222223,8.31205,1,0
585,859,631755.0,3030555.0,1640,41.28284,135.0,-0.019444445,6.9325137,2,1
912,867,631995.0,3020745.0,1269,30.935696,218.22435,-0.0055555557,10.7155285,1,1
1186,1008,636225.0,3012525.0,2151,39.532673,133.36342,0.0011111111,8.093022,1,0
1083,2399,677955.0,3015615.0,2921,40.174496,184.52882,0.0025,8.070251,1,1
976,474,620205.0,3018825.0,1369,40.540844,153.06047,0.0,6.958681,1,1
392,1392,647745.0,3036345.0,1185,48.970413,143.25475,0.005,8.86058,1,1
28,486,620565.0,3047265.0,5420,48.60397,79.84573,0.018333333,8.285697,1,0
846,2182,671445.0,3022725.0,2283,44.527275,212.54565,-0.0011111111,8.610656,3,1
593,880,632385.0,3030315.0,1638,32.062508,229.31602,0.0011111111,9.06194,2,1
34,1391,647715.0,3047085.0,1099,37.2805,174.97592,0.0011111111,9.783228,1,1
78,1123,639675.0,3045765.0,2191,22.866095,142.22432,0.00083333335,10.710333,1,0
872,200,611985.0,3021945.0,2289,34.701416,357.2409,0.003611111,10.003099,1,0
1084,2396,677865.0,3015585.0,2890,43.606407,186.78305,-0.0027777778,9.795499,1,1
796,669,626055.0,3024225.0,1387,28.469883,205.9744,9.215718e-19,9.611601,1,1
852,2192,671745.0,3022545.0,2435,46.060177,271.15036,0.0013888889,9.067965,3,1
1052,1268,644025.0,3016545.0,879,31.370731,201.65599,-0.0016666667,7.9903274,2,0
757,750,628485.0,3025395.0,1713,26.762796,194.83994,0.00083333335,10.194986,1,0
1068,2086,668565.0,3016065.0,1297,20.357067,102.31944,-0.005,12.44779,1,0
813,899,632955.0,3023715.0,2061,17.650969,315.0,0.00083333335,8.640623,2,0
597,858,631725.0,3030195.0,1352,40.123512,155.46228,0.015833333,10.017967,2,1
631,1613,654375.0,3029175.0,1564,17.01198,330.64224,-0.0016666667,9.3729925,1,0
770,661,625815.0,3025005.0,1259,26.43723,283.57043,0.0013888889,12.9521675,1,1
917,2143,670275.0,3020595.0,1680,30.124868,100.341644,0.008611111,10.604771,3,1
647,1464,649905.0,3028695.0,1584,23.490416,327.5288,-0.004166667,8.32884,1,0
1216,529,621855.0,3011625.0,1552,22.838034,242.92792,-0.010555555,7.6671786,1,0
640,2060,667785.0,3028905.0,2624,17.622553,94.51399,0.0275,15.559056,1,0
423,1391,647715.0,3035415.0,1258,26.088673,42.24089,0.0033333334,10.982196,1,0
762,665,625935.0,3025245.0,1297,20.63028,264.9204,0.003888889,13.168361,1,1
395,1392,647745.0,3036255.0,1118,31.158863,122.04723,0.01861111,10.301249,1,1
180,1056,637665.0,3042705.0,2735,24.190939,49.51399,0.011666667,14.701822,1,0
37,1404,648105.0,3046995.0,1042,44.016205,194.99509,-0.0016666667,10.420261,1,1
975,473,620175.0,3018855.0,1407,47.078186,152.54132,0.0016666667,8.116083,1,1
671,127,609795.0,3027975.0,2521,5.4792686,235.61966,0.0058333334,12.8601675,1,0
1225,1768,659025.0,3011355.0,926,21.260378,99.86581,-0.00055555557,10.690785,1,1
1043,1658,655725.0,3016815.0,674,19.070667,164.62375,0.006111111,9.656316,1,0
884,799,629955.0,3021585.0,896,38.889362,184.4441,-0.015,7.7104797,1,1
28,1401,648015.0,3047265.0,1273,42.096725,194.42078,-0.009166666,8.983354,1,1
1123,513,621375.0,3014415.0,1623,26.055866,32.47119,0.012222222,13.644779,1,1
370,577,623295.0,3037005.0,3466,33.111847,153.43495,0.009444444,10.120192,1,0
36,1397,647895.0,3047025.0,1041,35.636158,173.6598,0.0019444445,10.600971,1,1
220,1435,649035.0,3041505.0,874,50.074974,146.08829,0.008333334,9.457524,1,1
956,709,627255.0,3019425.0,620,60.05155,138.50354,0.05722222,8.890067,1,1
591,855,631635.0,3030375.0,1507,38.35744,193.08505,0.0016666667,8.645808,2,1
871,2244,673305.0,3021975.0,3019,60.636566,177.04369,0.009166666,8.3067045,3,1
503,395,617835.0,3033015.0,2134,36.405716,227.7481,0.00083333335,10.633356,1,1
578,1710,657285.0,3030765.0,1115,33.91678,93.90855,0.00055555557,8.297913,1,1
878,2157,670695.0,3021765.0,1732,26.380991,111.175735,0.009722223,9.11303,3,1
568,1447,649395.0,3031065.0,644,29.449518,116.75414,0.008333334,8.983452,1,1
769,1982,665445.0,3025035.0,1761,32.167103,212.00539,0.008333334,7.2661266,1,1
737,749,628455.0,3025995.0,1993,31.284874,137.77917,0.00027777778,8.909992,1,0
503,397,617895.0,3033015.0,2165,30.837719,229.52882,-0.0022222223,9.109972,1,1
514,1140,640185.0,3032685.0,2506,39.60777,126.812195,0.0013888889,8.7835,1,0
671,677,626295.0,3027975.0,1991,31.750492,211.2284,-0.00027777778,7.975466,1,1
506,2118,669525.0,3032925.0,3597,31.399252,231.09586,0.00027777778,8.682355,1,1
976,1568,653025.0,3018825.0,1519,30.359173,111.27161,-0.0019444445,8.72357,1,1
1054,1433,648975.0,3016485.0,1457,26.732893,51.04409,-0.0030555555,8.181381,1,0
492,1638,655125.0,3033345.0,1937,38.054672,218.51692,-0.00055555557,8.656681,1,0
754,651,625515.0,3025485.0,1429,26.706089,148.54794,0.0016666667,8.588012,1,0
829,880,632385.0,3023235.0,1970,32.232704,119.27525,-0.004722222,8.649882,2,1
876,2244,673305.0,3021825.0,2885,37.026165,179.05043,0.0052777776,9.649348,3,1
839,1717,657495.0,3022935.0,981,12.726576,330.12402,0.006666667,18.634676,1,0
1165,587,623595.0,3013155.0,1468,29.501535,350.6764,-0.009444444,8.0650425,1,0
910,1005,636135.0,3020805.0,1638,33.122543,61.79837,0.0058333334,10.320454,2,1
603,883,632475.0,3030015.0,1523,23.765245,209.47589,0.0044444446,9.41439,2,1
952,2248,673425.0,3019545.0,1913,32.782192,139.19766,0.0011111111,7.242426,1,1
146,1175,641235.0,3043725.0,2770,22.86209,288.43494,-0.0030555555,7.666005,1,0
869,2249,673455.0,3022035.0,3134,55.700417,191.30994,0.0075,8.722464,3,1
450,969,635055.0,3034605.0,1882,32.570126,285.12402,0.008055556,12.331975,1,0
567,1422,648645.0,3031095.0,1234,51.485,137.68797,-1.7347235e-18,8.519978,1,0
306,2131,669915.0,3038925.0,3067,29.326155,139.81355,0.003611111,9.32496,1,0
512,1905,663135.0,3032745.0,2392,40.499817,252.97948,0.0022222223,9.955863,1,0
948,2283,674475.0,3019665.0,2115,24.995876,155.72556,-0.006111111,7.565492,1,0
707,1961,664815.0,3026895.0,1714,43.637585,170.94928,0.0058333334,7.543117,1,1
1138,902,633045.0,3013965.0,1393,27.240099,320.25378,-0.012777777,8.15949,1,0
39,1404,648105.0,3046935.0,986,37.45328,194.48976,0.008888889,10.7065115,1,1
694,1969,665055.0,3027285.0,1902,30.793438,178.79816,0.010277778,8.706264,1,1
418,1422,648645.0,3035565.0,1055,51.714962,135.0,0.014166667,7.9521165,1,0
1057,1814,660405.0,3016395.0,1609,15.045821,251.00334,0.0030555555,10.062068,1,0
42,1392,647745.0,3046845.0,900,38.975792,190.38402,0.0027777778,10.415443,1,1
760,685,626535.0,3025305.0,1581,17.690655,250.14479,0.00055555557,12.599042,1,1
480,467,619995.0,3033705.0,3213,39.834427,233.53076,0.0055555557,9.180917,1,0
1012,2010,666285.0,3017745.0,2317,23.880253,125.036194,0.00027777778,9.226635,1,0
45,1403,648075.0,3046755.0,860,9.421579,231.11551,0.009166666,16.650208,1,1
604,881,632415.0,3029985.0,1496,27.000084,219.02568,0.0030555555,9.422577,2,1
296,1475,650235.0,3039225.0,703,22.406872,284.03625,0.003888889,10.6328125,1,0
31,1395,647835.0,3047175.0,1161,40.365894,179.4383,0.004166667,9.855237,1,1
514,402,618045.0,3032685.0,2026,18.09247,232.25319,0.011944445,20.294893,1,1
769,1983,665475.0,3025035.0,1768,39.31463,192.33908,0.0075,7.6953144,1,1
762,666,625965.0,3025245.0,1309,24.18541,263.07278,0.0058333334,12.987373,1,1
1136,1063,637875.0,3014025.0,1376,35.970863,2.6324387,-0.00027777778,12.252821,2,0
1206,274,614205.0,3011925.0,2423,21.068222,321.1466,-0.0025,8.854919,1,0
881,802,630045.0,3021675.0,954,51.719482,144.63754,-0.019166667,7.258807,1,1
27,1393,647775.0,3047295.0,1279,45.818096,187.21135,-0.0063888887,9.338783,1,1
25,1404,648105.0,3047355.0,1397,61.36425,188.24072,-0.0033333334,8.143219,1,1
1131,312,615345.0,3014175.0,2148,24.650446,20.738708,0.00027777778,9.190753,1,0
736,662,625845.0,3026025.0,1558,35.34111,160.07442,0.0030555555,9.785187,1,1
400,153,610575.0,3036105.0,3926,22.209743,65.2657,-0.004166667,7.69817,1,0
116,853,631575.0,3044625.0,4183,33.093647,187.71567,0.003611111,8.8399515,1,0
573,1259,643755.0,3030915.0,1796,33.892307,148.18297,0.0030555555,8.991982,1,0
889,1076,638265.0,3021435.0,2346,36.059494,68.86833,0.0022222223,10.064109,2,0
321,1898,662925.0,3038475.0,1986,44.978596,139.73558,0.006666667,8.594901,1,1
669,676,626265.0,3028035.0,2017,35.133503,197.57666,0.0052777776,9.23326,1,1
964,1531,651915.0,3019185.0,1481,12.176779,169.99202,0.0027777778,10.900825,1,0
172,31,606915.0,3042945.0,4863,26.995434,344.8271,-0.0069444445,7.476867,1,0
705,1959,664755.0,3026955.0,1800,45.23921,168.31863,-0.014444444,10.259781,1,1
427,497,620895.0,3035295.0,3254,34.672264,180.69028,0.003611111,10.166706,1,0
27,1404,648105.0,3047295.0,1304,48.541325,184.01048,0.012777777,8.875688,1,1
610,1979,665355.0,3029805.0,2884,25.709044,293.45905,0.01,10.6688175,1,1
1273,2169,671055.0,3009915.0,1349,28.084099,268.21008,-0.0030555555,8.81681,1,0
1188,833,630975.0,3012465.0,1257,41.796097,156.66115,0.0033333334,10.603346,1,0
815,651,625515.0,3023655.0,916,44.090553,188.4089,0.0033333334,8.22044,1,1
776,1749,658455.0,3024825.0,1313,11.2764015,243.97041,0.0022222223,9.513493,1,0
1000,1647,655395.0,3018105.0,1130,47.637638,133.15239,-0.010555555,7.8088055,1,1
1001,46,607365.0,3018075.0,2387,21.559422,117.64597,-0.008888889,7.7309885,1,0
770,662,625845.0,3025005.0,1274,28.14493,274.46716,0.0011111111,12.874699,1,1
70,1358,646725.0,3046005.0,1235,30.21695,287.91644,-0.006111111,7.3429756,1,0
143,2010,666285.0,3043815.0,3411,25.521795,32.16439,0.0013888889,7.541706,1,0
272,217,612495.0,3039945.0,3608,16.702286,64.50245,0.005,10.571124,1,0
955,2245,673335.0,3019455.0,1870,39.208843,126.69432,0.025833333,11.448586,1,1
586,853,631575.0,3030525.0,1559,26.611141,226.34789,0.009444444,9.285292,2,1
674,899,632955.0,3027885.0,1612,22.349028,342.29956,-0.003888889,7.691241,2,0
671,2372,677145.0,3027975.0,3685,33.440258,137.04541,0.0013888889,9.519909,3,0
502,399,617955.0,3033045.0,2198,28.983456,225.60951,0.0055555557,9.47255,1,1
1055,1541,652215.0,3016455.0,1197,33.060406,198.66692,-0.0013888889,7.9249296,1,0
200,1260,643785.0,3042105.0,1988,33.658012,135.0,-0.0130555555,7.90222,1,0
43,62,607845.0,3046815.0,5370,12.23389,92.2026,-0.006666667,8.331051,1,0
513,402,618045.0,3032715.0,2038,32.490307,227.1211,0.006111111,9.1995535,1,1
537,1932,663945.0,3031995.0,2449,36.625275,176.14319,0.003888889,8.485277,1,1
574,918,633525.0,3030885.0,1879,29.021887,14.349335,-0.0044444446,9.337437,2,0
878,803,630075.0,3021765.0,1033,40.961502,183.30186,-0.020277778,7.6369815,1,1
1009,1306,645165.0,3017835.0,1541,23.616968,277.6668,0.00083333335,10.337713,2,0
906,113,609375.0,3020925.0,2427,27.951523,136.90915,-0.0058333334,10.208684,1,0
89,2301,675015.0,3045435.0,4035,37.60801,211.28265,0.0011111111,8.672773,1,0
501,393,617775.0,3033075.0,2127,36.162727,232.4115,0.0033333334,10.160408,1,1
40,1393,647775.0,3046905.0,952,44.55808,173.92755,0.0058333334,10.075918,1,1
909,1010,636285.0,3020835.0,1531,32.451366,52.4543,0.007777778,9.653039,2,1
1056,1015,636435.0,3016425.0,1514,33.191906,350.83765,0.0025,9.018527,2,0
521,671,626115.0,3032475.0,1963,36.162727,254.4584,0.00055555557,9.680836,1,0
862,760,628785.0,3022245.0,859,27.512754,23.078224,0.0052777776,11.549032,1,0
28,1396,647865.0,3047265.0,1254,42.387886,178.69211,-0.0069444445,9.601751,1,1
41,1404,648105.0,3046875.0,949,35.812088,194.03625,-0.0019444445,10.8176365,1,1
800,665,625935.0,3024105.0,1293,29.634174,211.82745,0.0013888889,10.977419,1,1
456,1454,649605.0,3034425.0,621,24.736162,245.9849,0.0011111111,9.975269,1,0
591,854,631605.0,3030375.0,1502,36.578663,192.31944,0.005,8.892442,2,1
798,667,625995.0,3024165.0,1339,31.685274,204.31592,0.0025,10.811224,1,1
450,122,609645.0,3034605.0,4232,13.640311,15.945396,-0.0013888889,8.218446,1,0
26,1407,648195.0,3047325.0,1368,54.505447,191.30994,0.004166667,8.410241,1,1
221,523,621675.0,3041475.0,4776,5.0511527,45.0,0.00027777778,9.22841,1,0
1044,270,614085.0,3016785.0,1408,19.984884,108.01977,0.011666667,10.949393,1,1
404,640,625185.0,3035985.0,2632,28.407394,111.22765,-0.005,7.4169807,1,1
703,1970,665085.0,3027015.0,1740,31.430092,185.47737,0.007222222,10.128064,1,1
399,932,633945.0,3036135.0,2546,24.124472,45.0,-0.004722222,8.298874,1,0
1264,1130,639885.0,3010185.0,2480,24.15774,35.166435,-0.005,8.297318,2,0
611,1980,665385.0,3029775.0,2906,34.468685,303.11133,0.0130555555,9.886628,1,1
45,1399,647955.0,3046755.0,853,9.629145,155.32314,0.011388889,16.547436,1,1
932,1292,644745.0,3020145.0,1353,29.03422,277.76517,-0.006111111,12.943979,1,0
1247,1259,643755.0,3010695.0,1647,32.48364,104.400024,0.006666667,8.640195,2,0
763,1462,649845.0,3025215.0,1838,28.745403,222.53719,-0.00055555557,9.348846,1,1
759,679,626355.0,3025335.0,1504,24.009352,252.58203,-0.00055555557,9.557033,1,1
868,647,625395.0,3022065.0,1380,31.1444,21.4346,-0.007222222,7.306086,1,0
610,1981,665415.0,3029805.0,2919,38.544907,278.7234,0.012777777,8.821411,1,1
382,1373,647175.0,3036645.0,1540,42.745045,143.80171,0.017777778,9.183774,1,1
608,1982,665445.0,3029865.0,2947,36.638195,277.40375,-0.0052777776,7.7916594,1,1
852,2190,671685.0,3022545.0,2375,42.110058,288.2679,0.015555556,10.592324,3,1
878,2353,676575.0,3021765.0,3386,40.02451,284.65674,-0.010277778,7.6700993,3,0
840,1375,647235.0,3022905.0,987,24.068872,345.96375,0.00027777778,10.55277,1,0
946,1198,641925.0,3019725.0,729,24.521008,73.55139,-0.00027777778,13.698753,2,0
34,1392,647745.0,3047085.0,1097,37.534904,176.2686,0.0011111111,10.157019,1,1
886,2249,673455.0,3021525.0,2812,33.65077,235.71312,0.0022222223,10.153786,3,0
612,841,631215.0,3029745.0,1227,38.645397,164.58777,0.014722222,8.635492,2,1
39,668,626025.0,3046935.0,4142,31.110603,9.137154,0.012222222,10.862767,1,0
413,1360,646785.0,3035715.0,1479,19.560978,39.289406,0.013888889,13.15526,1,0
218,1439,649155.0,3041565.0,863,34.809795,166.13031,0.011388889,9.563743,1,1
1200,1071,638115.0,3012105.0,1921,25.831024,221.51068,-0.0027777778,10.092834,2,0
171,1992,665745.0,3042975.0,3668,27.180424,311.71075,0.005,8.855198,1,0
1130,712,627345.0,3014205.0,969,48.332073,173.61288,0.009444444,8.631731,1,1
822,2005,666135.0,3023445.0,2629,35.73211,18.225075,-0.0063888887,10.7152195,1,0
798,1820,660585.0,3024165.0,1453,26.870937,143.6955,0.004722222,9.561689,1,1
256,163,610875.0,3040425.0,3994,31.848993,186.93436,-1.3010426e-18,9.676375,1,0
1149,2099,668955.0,3013635.0,976,36.168934,155.77225,0.0033333334,10.779221,1,0
917,863,631875.0,3020595.0,1134,32.40228,212.125,0.0022222223,9.202947,1,1
836,1417,648495.0,3023025.0,1030,42.572235,349.81137,0.016944444,10.44259,1,1
306,1663,655875.0,3038925.0,2335,24.359556,263.6598,0.0011111111,9.791992,1,0
923,2030,666885.0,3020415.0,2398,20.0788,294.22775,-0.0044444446,8.501953,1,0
853,2165,670935.0,3022515.0,1880,32.451366,254.4156,0.013888889,14.969376,3,1
96,213,612375.0,3045225.0,4086,15.155779,270.8814,-0.0019444445,12.385194,1,0
1026,780,629385.0,3017325.0,1414,45.443165,221.34071,-0.007777778,7.885537,1,0
759,686,626565.0,3025335.0,1594,21.99316,248.1986,0.0030555555,8.807627,1,1
932,2140,670185.0,3020145.0,1617,29.178795,90.855095,0.025277779,9.782978,3,1
1024,413,618375.0,3017385.0,1187,32.017967,132.29938,0.007777778,9.21782,1,0
926,2285,674535.0,3020325.0,2289,45.82936,178.84033,0.007222222,7.8720527,3,1
807,1524,651705.0,3023895.0,2316,22.466555,257.7843,-0.008611111,7.6854205,1,0
44,1404,648105.0,3046785.0,875,34.348083,195.56151,0.009166666,10.944293,1,1
474,2028,666825.0,3033885.0,3249,36.620102,329.69733,-0.003611111,10.043611,1,1
988,923,633675.0,3018465.0,1948,14.833526,294.14554,-0.007222222,8.131034,2,0
500,398,617925.0,3033105.0,2218,39.438465,216.34746,0.0022222223,10.431747,1,1
57,2253,673575.0,3046395.0,3739,17.097923,261.43085,-0.0013888889,9.079961,1,0
157,451,619515.0,3043395.0,4847,28.155048,253.25803,0.0011111111,9.036974,1,0
412,647,625395.0,3035745.0,2426,26.606379,134.32596,0.017222222,18.11799,1,1
300,1563,652875.0,3039105.0,1212,17.413345,19.397812,0.0069444445,12.056259,1,0
962,950,634485.0,3019245.0,2058,27.548769,301.2777,0.00055555557,9.851049,2,0
768,1982,665445.0,3025065.0,1783,44.97262,210.30804,0.0027777778,8.189645,1,1
705,397,617895.0,3026955.0,1486,27.168156,32.39984,0.015,11.15831,1,0
715,1940,664185.0,3026655.0,1619,36.40921,149.81346,0.010277778,9.8794565,1,1
1046,270,614085.0,3016725.0,1408,37.477814,90.62276,0.0011111111,8.166651,1,1
787,88,608625.0,3024495.0,3046,34.831966,89.65691,0.0075,8.551316,1,0
819,651,625515.0,3023535.0,817,38.248085,193.44861,0.007777778,9.119736,1,1
393,1393,647775.0,3036315.0,1142,42.582214,149.48177,0.008611111,9.189477,1,1
1258,1384,647505.0,3010365.0,320,4.380487,337.61987,0.003888889,23.330284,2,0
1105,2217,672495.0,3014955.0,2105,27.432941,132.39743,-0.0055555557,10.549133,1,0
1179,1185,641535.0,3012735.0,1300,31.838593,91.15345,0.011666667,11.970233,2,1
1020,212,612345.0,3017505.0,1822,31.870932,239.82648,0.0069444445,10.496502,1,0
265,255,613635.0,3040155.0,3809,32.017967,222.29938,0.003888889,9.21782,1,0
628,1157,640695.0,3029265.0,2141,22.654408,75.54757,0.0075,9.062461,1,0
441,331,615915.0,3034875.0,2635,37.844498,234.60521,-0.0030555555,9.539714,1,1
627,1195,641835.0,3029295.0,1689,27.869404,59.191097,-0.004166667,8.132708,1,0
977,1410,648285.0,3018795.0,2068,39.681797,92.0146,-0.0030555555,9.068552,1,0
768,661,625815.0,3025065.0,1251,31.576393,282.5288,0.0025,10.723106,1,1
873,2244,673305.0,3021915.0,2943,38.68405,177.61406,0.020555556,9.327256,3,1
932,2142,670245.0,3020145.0,1594,27.38759,101.12919,0.004722222,11.391853,3,1
600,127,609795.0,3030105.0,2723,19.127102,125.21759,0.007777778,10.058595,1,0
667,679,626355.0,3028095.0,2089,35.17882,201.8643,-0.0044444446,7.152138,1,1
515,1488,650625.0,3032655.0,964,38.985447,253.24425,0.008333334,8.959812,1,0
26,1396,647865.0,3047325.0,1297,34.148426,169.38034,0.004166667,9.755533,1,1
909,1009,636255.0,3020835.0,1547,36.570015,51.842773,0.006111111,8.19961,2,1
917,2144,670305.0,3020595.0,1667,18.923426,106.23235,0.0055555557,11.168742,3,1
1233,108,609225.0,3011115.0,2868,24.664762,216.14204,-0.0027777778,8.679269,1,0
853,2168,671025.0,3022515.0,1950,25.975214,257.15228,-0.0013888889,15.234372,3,1
775,699,626955.0,3024855.0,1764,26.088673,275.371,-0.0030555555,9.819045,1,0
1252,142,610245.0,3010545.0,2957,23.37061,320.47736,0.0027777778,9.433184,1,0
379,1521,651615.0,3036735.0,1602,31.772562,293.80594,0.0013888889,8.38007,1,0
942,520,621585.0,3019845.0,1696,33.798172,171.76903,0.008055556,9.911825,1,1
847,2178,671325.0,3022695.0,2195,41.885506,236.75293,-0.004166667,6.911326,3,1
1079,1823,660675.0,3015735.0,1542,28.183918,216.78079,-0.00027777778,8.1194725,1,0
160,1619,654555.0,3043305.0,1842,16.285326,356.72952,0.00027777778,9.642346,1,0
761,1970,665085.0,3025275.0,1671,50.07223,200.83667,0.013333334,8.821632,1,1
251,1181,641415.0,3040575.0,2244,22.581167,114.25392,-0.018333333,7.679767,1,0
1238,486,620565.0,3010965.0,1551,26.238733,107.20956,-0.0027777778,8.202989,1,0
849,2173,671175.0,3022635.0,2098,30.74904,208.8987,-0.0058333334,7.321732,3,1
794,1816,660465.0,3024285.0,1566,39.380653,142.83926,-0.0030555555,8.386111,1,1
26,1393,647775.0,3047325.0,1307,41.727295,178.92917,-0.0033333334,9.40179,1,1
20,1401,648015.0,3047505.0,1612,58.787586,194.77301,-0.013333334,7.399996,1,1
613,583,623475.0,3029715.0,2559,36.191975,127.13092,-1.951564e-18,7.807962,1,0
497,521,621615.0,3033195.0,3305,30.671055,160.29202,0.0025,9.963889,1,0
474,2027,666795.0,3033885.0,3233,44.475784,328.53586,0.003888889,8.612453,1,1
392,1391,647715.0,3036345.0,1208,50.14712,141.4958,0.0011111111,8.413511,1,1
701,1651,655515.0,3027075.0,1819,21.092936,116.28826,-0.0030555555,7.755022,1,0
905,1005,636135.0,3020955.0,1594,42.34025,63.083443,0.00027777778,7.5885186,2,1
210,912,633345.0,3041805.0,3705,35.884453,204.49857,-0.008888889,7.1260967,1,0
676,871,632115.0,3027825.0,1274,26.167137,292.43298,0.00027777778,9.458906,2,0
291,2259,673755.0,3039375.0,4252,33.61241,212.19574,0.0027777778,11.142624,1,0
482,1310,645285.0,3033645.0,2458,33.42452,134.48845,0.0033333334,8.604216,1,0
702,1970,665085.0,3027045.0,1761,37.79011,178.15239,0.003611111,9.829356,1,1
954,709,627255.0,3019485.0,734,70.5917,127.00447,0.0033333334,8.324124,1,1
861,1184,641505.0,3022275.0,949,56.6031,179.37039,0.0055555557,9.430342,2,1
905,1354,646605.0,3020955.0,1677,25.521795,313.58557,-0.007777778,14.069664,1,0
1271,1923,663675.0,3009975.0,732,41.191074,358.90878,-0.0033333334,8.545183,1,0
915,1003,636075.0,3020655.0,1738,29.85464,64.17901,-0.0044444446,7.3575687,2,1
759,684,626505.0,3025335.0,1575,21.393026,246.16125,-0.0025,8.43266,1,1
908,1010,636285.0,3020865.0,1522,21.563776,65.05609,0.012777777,10.295715,2,1
1046,272,614145.0,3016725.0,1384,22.349028,162.29958,0.0030555555,15.616036,1,1
978,1175,641235.0,3018765.0,984,21.726194,83.395164,-0.00083333335,10.900552,2,0
608,839,631155.0,3029865.0,1404,55.583675,164.77357,0.0030555555,8.989202,2,1
609,1982,665445.0,3029835.0,2946,41.857815,269.20056,0.0022222223,8.010911,1,1
980,426,618765.0,3018705.0,1749,28.02741,161.2814,0.00027777778,8.819194,1,0
24,1408,648225.0,3047385.0,1452,53.83164,191.24149,0.014166667,8.098548,1,1
511,2167,670995.0,3032775.0,4016,16.802279,50.59934,0.00055555557,9.945762,1,0
170,1190,641685.0,3043005.0,2993,30.114605,335.82855,-0.0022222223,7.347087,1,0
405,645,625335.0,3035955.0,2532,41.677513,136.89651,0.003611111,8.998074,1,1
23,1402,648045.0,3047415.0,1472,61.50356,198.18906,-0.003888889,6.8846664,1,1
530,1979,665355.0,3032205.0,2445,39.490314,189.6052,-0.0016666667,8.941826,1,1
944,1846,661365.0,3019785.0,1154,37.79011,178.15239,0.0058333334,13.194494,1,1
629,631,624915.0,3029235.0,2868,16.895544,26.916553,-0.011111111,7.9939837,1,0
439,761,628815.0,3034935.0,2752,41.579334,220.04674,-0.0052777776,8.531521,1,0
339,1653,655575.0,3037935.0,2232,21.844227,313.3153,0.0027777778,12.61436,1,0
189,284,614505.0,3042435.0,4269,40.80519,126.75929,-0.0055555557,9.251932,1,0
308,1670,656085.0,3038865.0,2461,25.011642,287.14035,-0.0075,7.564774,1,0
512,402,618045.0,3032745.0,2052,37.668674,224.12532,0.008888889,8.159759,1,1
934,209,612255.0,3020085.0,2523,30.65119,3.2245255,-0.0027777778,9.628207,1,0
36,1400,647985.0,3047025.0,1042,39.4132,186.40436,0.0025,10.256756,1,1
1214,903,633075.0,3011685.0,1383,45.062035,147.56535,-0.008611111,7.4933767,1,0
218,1437,649095.0,3041565.0,889,49.781963,142.44373,0.011944445,7.7333045,1,1
508,916,633465.0,3032865.0,1864,53.03438,154.15814,0.008055556,9.157249,1,0
824,2146,670365.0,3023385.0,2361,44.9302,186.23448,-0.0130555555,7.4979787,3,0
400,1611,654315.0,3036105.0,2285,22.489136,319.8991,0.0019444445,9.88153,1,0
511,905,633135.0,3032775.0,1895,26.464476,231.11551,-0.008888889,7.499936,1,0
1040,2384,677505.0,3016905.0,3545,29.42144,251.02959,-0.006111111,7.3751593,1,0
533,1791,659715.0,3032115.0,1558,17.097923,24.829346,0.0052777776,10.814562,1,0
41,1391,647715.0,3046875.0,926,47.649166,185.66728,-0.0025,9.800832,1,1
1286,1322,645645.0,3009525.0,430,15.466729,161.56505,0.006666667,11.345315,2,0
747,754,628605.0,3025695.0,1854,30.109472,230.24713,-0.0019444445,8.445906,1,0
1101,161,610815.0,3015075.0,1821,25.998299,16.886787,0.00027777778,8.906753,1,0
600,2215,672435.0,3030105.0,3603,26.529999,345.49982,0.0013888889,8.595684,3,0
1236,993,635775.0,3011025.0,1674,56.447216,154.63876,-0.014166667,7.0848804,1,1
936,738,628125.0,3020025.0,729,50.91609,93.29814,0.0044444446,8.540311,1,1
930,2135,670035.0,3020205.0,1871,32.23609,133.92917,0.0019444445,9.209367,3,1
914,867,631995.0,3020685.0,1236,35.872715,210.85052,-0.0063888887,7.8196754,1,1
459,1884,662505.0,3034335.0,1565,13.085404,165.46555,0.014722222,17.847008,1,0
786,91,608715.0,3024525.0,2987,33.611374,82.073074,0.007777778,9.290279,1,0
880,805,630135.0,3021705.0,918,61.33777,160.16183,0.0055555557,8.970996,1,1
887,1967,664995.0,3021495.0,1919,34.947132,152.67105,-0.00083333335,8.25935,1,0
28,1403,648075.0,3047265.0,1276,40.641926,179.44376,0.0025,8.5645485,1,1
581,1958,664725.0,3030675.0,2246,27.613098,239.34933,-0.0013888889,9.396329,1,1
535,1979,665355.0,3032055.0,2341,35.257824,185.07214,-0.008888889,9.634118,1,1
732,658,625725.0,3026145.0,1726,44.397167,147.8654,-0.010833333,10.155643,1,1
150,123,609675.0,3043605.0,4506,29.594494,165.55597,0.006111111,9.933063,1,0
529,657,625695.0,3032235.0,1898,41.99942,59.40002,0.0013888889,8.0059395,1,0
405,663,625875.0,3035955.0,2871,49.545933,252.2088,0.003888889,8.029336,1,0
1092,1035,637035.0,3015345.0,1974,17.230227,59.300278,-0.0030555555,9.071771,2,0
1007,123,609675.0,3017895.0,1601,42.592773,261.13538,0.0016666667,8.832432,1,0
1055,2022,666645.0,3016455.0,1955,24.426874,89.474365,0.0025,10.95894,1,0
474,2024,666705.0,3033885.0,3201,36.620102,342.3777,0.0019444445,8.70861,1,1
429,1947,664395.0,3035235.0,2431,31.215387,148.49573,0.0016666667,9.3827305,1,0
960,2353,676575.0,3019305.0,2934,39.304447,202.12634,-0.007777778,7.00253,1,0
364,1862,661845.0,3037185.0,2026,30.471325,74.38901,-0.00083333335,11.689501,1,0
327,1568,653025.0,3038295.0,1553,15.909876,307.875,-0.0027777778,9.156119,1,0
1110,404,618105.0,3014805.0,1685,9.832004,9.688789,0.0019444445,10.501005,1,0
1131,717,627495.0,3014175.0,926,45.13169,159.61084,0.0016666667,7.89641,1,1
237,1729,657855.0,3040995.0,3150,31.370731,248.34401,-0.006111111,7.9903274,1,0
1289,974,635205.0,3009435.0,858,27.410282,315.65106,0.0058333334,8.557671,1,0
1265,1389,647655.0,3010155.0,457,30.770021,313.29865,-0.0013888889,9.885848,2,1
318,1894,662805.0,3038565.0,2185,48.65143,129.64418,-0.019166667,7.367737,1,1
857,113,609375.0,3022395.0,3323,42.375393,163.55139,0.005,8.973581,1,0
532,1318,645525.0,3032145.0,2506,14.794859,353.6598,-0.0019444445,10.531659,1,0
336,215,612435.0,3038025.0,3379,48.127064,41.669083,-0.0044444446,8.890247,1,0
1094,674,626205.0,3015285.0,1422,14.599705,7.352379,0.0033333334,10.093554,1,0
624,2312,675345.0,3029385.0,3816,15.796425,279.3236,0.0013888889,12.737871,3,0
1122,1061,637815.0,3014445.0,1431,32.232704,135.53546,-0.003888889,9.748494,2,0
532,1980,665385.0,3032145.0,2393,37.073166,176.52222,0.009444444,9.385279,1,1
1142,721,627615.0,3013845.0,837,42.5399,39.47246,-0.0069444445,7.5815215,1,0
34,1395,647835.0,3047085.0,1092,36.341805,170.21759,-0.00055555557,10.153854,1,1
726,813,630375.0,3026325.0,1372,31.774883,17.216072,-0.004166667,8.890805,2,0
908,880,632385.0,3020865.0,1416,43.602573,195.7388,-0.00027777778,8.797104,1,1
595,879,632355.0,3030255.0,1601,32.712173,225.0,-0.0025,9.3245535,2,1
908,1007,636195.0,3020865.0,1577,41.4527,63.676704,0.003611111,10.10459,2,1
912,866,631965.0,3020745.0,1256,33.255672,220.8777,-0.00083333335,9.17025,1,1
22,1404,648105.0,3047445.0,1528,52.17212,175.17477,-0.00083333335,7.935678,1,1
726,721,627615.0,3026325.0,2099,21.101912,217.98349,-0.0025,8.447702,1,0
36,1399,647955.0,3047025.0,1040,37.646053,182.16692,0.0022222223,9.546869,1,1
596,879,632355.0,3030225.0,1585,33.97373,220.48601,0.00027777778,9.682062,2,1
929,2141,670215.0,3020235.0,1648,45.21963,135.6701,0.021944445,7.8933406,3,1
368,240,613185.0,3037065.0,3583,17.416233,343.0092,-0.0055555557,8.654885,1,0
849,2164,670905.0,3022635.0,1890,24.412342,223.51213,0.020555556,11.974344,3,1
758,678,626325.0,3025365.0,1494,26.604792,253.0725,-0.00027777778,10.058758,1,1
750,1398,647925.0,3025605.0,1218,34.75376,245.89777,-0.0011111111,9.47052,1,0
1247,390,617685.0,3010695.0,2258,24.766413,69.928474,0.004166667,12.355108,1,0
798,666,625965.0,3024165.0,1332,32.934334,203.1018,0.0013888889,7.2366,1,1
592,859,631755.0,3030345.0,1481,43.22983,155.93437,-0.00027777778,8.250519,2,1
435,767,628995.0,3035055.0,2868,30.064484,202.87366,0.0052777776,9.295013,1,0
213,26,606765.0,3041715.0,4792,38.696915,218.24092,-0.0019444445,7.717358,1,0
578,810,630285.0,3030765.0,1568,13.904456,226.36392,0.00083333335,10.277948,2,0
606,842,631245.0,3029925.0,1445,55.4934,161.46126,0.005,8.730215,2,1
913,1005,636135.0,3020715.0,1681,39.00326,49.59054,-0.004166667,8.111878,2,1
852,2181,671415.0,3022545.0,2174,46.325806,285.69495,0.009722223,7.854711,3,1
760,684,626505.0,3025305.0,1571,21.465498,254.63838,-0.0013888889,12.480725,1,1
1268,1394,647805.0,3010065.0,612,37.96856,329.87567,-0.013888889,7.0503407,2,1
915,866,631965.0,3020655.0,1203,38.12385,214.6182,-0.00055555557,8.143369,1,1
404,642,625245.0,3035985.0,2592,31.765596,118.979706,0.0058333334,13.110675,1,1
1036,1967,664995.0,3017025.0,2074,36.645947,192.9465,0.013611111,9.295454,1,1
907,1002,636045.0,3020895.0,1671,33.508293,61.01544,-0.00027777778,9.160653,2,1
914,866,631965.0,3020685.0,1223,37.777287,216.25385,-0.003611111,8.443523,1,1
236,2114,669405.0,3041025.0,4167,28.275969,69.59979,-0.018333333,7.4224706,1,0
1183,608,624225.0,3012615.0,1644,16.181395,291.0375,-0.005,8.039667,1,0
325,1896,662865.0,3038355.0,1938,36.678623,139.53778,0.008055556,9.399624,1,1
226,1587,653595.0,3041325.0,1957,17.413345,199.39781,0.00027777778,9.060527,1,0
35,1397,647895.0,3047055.0,1062,36.317223,176.0995,0.004722222,10.544218,1,1
131,102,609045.0,3044175.0,4752,20.738657,65.973495,0.008055556,9.970789,1,0
1033,1968,665025.0,3017115.0,2174,47.898705,217.04248,-0.006666667,7.79965,1,1
608,697,626895.0,3029865.0,2116,17.156881,31.75948,-0.00055555557,7.977692,1,0
528,1479,650355.0,3032265.0,642,25.081528,235.88553,0.012222222,12.146562,1,0
1112,841,631215.0,3014745.0,913,36.97565,308.70935,0.0027777778,9.725291,1,0
25,1408,648225.0,3047355.0,1413,53.171124,190.60867,0.010833333,8.30498,1,1
675,675,626235.0,3027855.0,1898,31.154043,178.02505,0.006666667,10.078295,1,1
858,2162,670845.0,3022365.0,1817,15.877562,211.82745,0.016111111,19.333288,3,1
548,1919,663555.0,3031665.0,2266,36.168934,136.84761,0.003888889,8.725097,1,1
1229,1337,646095.0,3011235.0,729,17.447952,51.458817,0.006111111,10.955533,2,0
844,2177,671295.0,3022785.0,2223,41.65443,208.84607,0.0130555555,9.752657,3,1
928,883,632475.0,3020265.0,1351,26.389038,262.27817,0.0025,11.216812,1,0
933,1553,652575.0,3020115.0,1881,43.07794,169.99202,0.00055555557,8.948979,1,0
425,1074,638205.0,3035355.0,3092,28.124678,300.96375,0.003888889,8.527423,1,0
578,1293,644775.0,3030765.0,1508,27.269094,145.53918,-0.0027777778,8.158246,1,0
578,1964,664905.0,3030765.0,2368,38.799446,229.62415,-0.00083333335,8.119157,1,1
431,1561,652815.0,3035175.0,1994,19.800148,293.89514,-0.005,7.8239765,1,0
919,863,631875.0,3020535.0,1112,15.533342,282.99463,0.020277778,17.112242,1,1
45,1397,647895.0,3046755.0,854,4.3933773,220.60129,0.008888889,17.319063,1,1
735,1271,644115.0,3026055.0,933,52.204323,144.20404,-0.010277778,7.24137,1,1
769,660,625785.0,3025035.0,1239,27.227877,291.3706,0.003888889,13.042815,1,1
758,673,626175.0,3025365.0,1422,28.155048,245.62988,0.0019444445,11.570671,1,1
385,1373,647175.0,3036555.0,1499,33.508293,139.59425,0.00055555557,9.411967,1,1
320,1894,662805.0,3038505.0,2116,59.014893,146.42921,-0.0013888889,6.985561,1,1
851,2178,671325.0,3022575.0,2127,23.015577,248.7204,0.006666667,15.269395,3,1
609,841,631215.0,3029835.0,1340,56.552315,163.85965,-0.004166667,7.080895,2,1
28,1394,647805.0,3047265.0,1253,46.22171,186.18861,-0.008333334,9.467787,1,1
1241,2143,670275.0,3010875.0,1150,39.16486,154.87686,0.00055555557,7.007503,1,0
401,2230,672885.0,3036075.0,4126,49.721504,325.35602,0.003611111,8.023127,1,0
1023,827,630795.0,3017415.0,1751,32.28005,188.3439,-0.0033333334,7.954904,1,0
146,1702,657045.0,3043725.0,1980,31.976746,297.42017,0.00083333335,9.352952,1,0
403,639,625155.0,3036015.0,2649,24.650446,110.73871,-0.0013888889,7.581315,1,1
608,841,631215.0,3029865.0,1382,55.324265,159.05734,-0.0058333334,6.4339457,2,1
610,1983,665475.0,3029805.0,2975,40.22874,270.84668,-0.0058333334,8.356013,1,1
1045,269,614055.0,3016755.0,1425,30.788511,73.339134,0.0052777776,9.805071,1,1
850,1176,641265.0,3022605.0,1170,49.764767,215.81946,0.017777778,9.200251,2,1
323,1899,662955.0,3038415.0,1936,22.218094,161.56505,0.0130555555,10.955851,1,1
967,975,635235.0,3019095.0,2055,16.723558,93.17983,0.0063888887,10.712877,2,0
762,670,626085.0,3025245.0,1367,25.682184,261.02737,0.003611111,12.900498,1,1
390,2195,671835.0,3036405.0,3530,28.632097,211.26373,0.008888889,12.275167,1,0
698,1864,661905.0,3027165.0,2439,2.8821812,155.55605,-0.0016666667,9.79123,1,0
461,2024,666705.0,3034275.0,2987,27.097435,307.05652,0.010833333,9.957378,1,1
79,1605,654135.0,3045735.0,967,21.86986,48.36646,0.0019444445,8.813838,1,0
579,1711,657315.0,3030735.0,1097,17.329353,34.11447,0.024722222,16.544594,1,1
538,1795,659835.0,3031965.0,1631,25.597967,346.93066,0.008611111,10.534023,1,0
768,655,625635.0,3025065.0,1166,16.555511,301.2392,0.011666667,13.288517,1,1
1225,1772,659145.0,3011355.0,876,21.511438,103.448616,0.0027777778,8.832053,1,1
48,1419,648555.0,3046665.0,850,25.521795,189.54453,0.015555556,11.923733,1,0
863,1935,664035.0,3022215.0,2176,35.74668,339.67688,-0.0019444445,7.131164,1,1
910,2141,670215.0,3020805.0,1843,69.39063,109.11633,0.023055555,8.532444,3,1
552,410,618285.0,3031545.0,2393,29.330193,35.340107,-0.00055555557,8.988323,1,0
848,2181,671415.0,3022665.0,2196,47.91647,208.30075,0.026944444,10.283934,3,1
1105,2148,670425.0,3014955.0,1497,31.374298,230.54532,-0.0033333334,8.395653,1,0
1062,1582,653445.0,3016245.0,735,47.0279,143.84181,-0.0011111111,8.81099,1,1
872,2154,670605.0,3021945.0,1860,50.015522,111.09501,0.0055555557,11.137279,3,1
843,2177,671295.0,3022815.0,2246,43.456158,219.28941,0.010277778,8.242605,3,1
39,1391,647715.0,3046935.0,993,43.41239,181.26181,-0.012777777,9.853574,1,1
846,1094,638805.0,3022725.0,1941,60.68355,140.12576,-0.013888889,7.611637,2,0
880,806,630165.0,3021705.0,902,61.244366,163.80267,0.008055556,7.9940357,1,1
836,1421,648615.0,3023025.0,1089,43.860443,305.82648,0.014444444,7.5353303,1,1
1238,992,635745.0,3010965.0,1593,59.621025,166.43895,0.00055555557,7.3669186,1,1
858,1184,641505.0,3022365.0,1082,54.661285,176.95163,-0.0069444445,9.348944,2,1
426,978,635325.0,3035325.0,1974,35.378403,265.96228,-0.00083333335,9.341974,1,0
1200,2406,678165.0,3012105.0,2609,16.031952,240.46121,-0.0016666667,8.7425995,1,0
563,418,618525.0,3031215.0,2408,33.058258,92.93568,0.003611111,8.841302,1,0
1044,1581,653415.0,3016785.0,869,39.322624,44.175655,0.00027777778,9.081325,1,1
464,2025,666735.0,3034185.0,3023,30.710712,304.13593,0.0225,13.454481,1,1
496,388,617625.0,3033225.0,2123,5.601182,77.73523,0.006111111,13.506478,1,1
36,1393,647775.0,3047025.0,1053,35.67369,176.67259,-0.00055555557,10.224895,1,1
790,655,625635.0,3024405.0,1268,20.45103,256.42957,0.003611111,11.156106,1,0
37,1396,647865.0,3046995.0,1023,37.771675,174.13614,-0.0016666667,10.235485,1,1
1169,1865,661935.0,3013035.0,1315,26.392254,139.08562,0.003888889,9.5825405,1,0
1199,1901,663015.0,3012135.0,875,31.503405,258.2317,-0.0027777778,8.390589,1,0
610,2169,671055.0,3029805.0,3443,25.831024,131.51068,0.004166667,9.319645,3,0
616,195,611835.0,3029625.0,3653,39.96327,124.87533,0.0011111111,8.925033,1,0
1131,973,635175.0,3014175.0,2165,26.756506,270.4735,-0.0019444445,9.684434,1,0
41,915,633435.0,3046875.0,4265,34.00517,25.615486,-0.0022222223,10.240494,1,0
705,1963,664875.0,3026955.0,1746,46.3326,149.66154,0.003888889,9.52845,1,1
786,2194,671805.0,3024525.0,2896,41.87997,317.63678,0.004166667,8.297814,3,0
1213,1008,636225.0,3011715.0,1656,33.665257,148.29857,-0.003611111,9.847856,1,0
814,1190,641685.0,3023685.0,1446,45.88415,135.98212,0.00027777778,8.157822,2,1
23,1404,648105.0,3047415.0,1491,52.090218,185.02611,-0.011111111,8.161772,1,1
841,2189,671655.0,3022875.0,2523,43.45671,233.58362,-0.0027777778,8.935734,3,1
443,329,615855.0,3034815.0,2553,44.60161,228.76852,0.008611111,9.455359,1,1
43,412,618345.0,3046815.0,4636,32.28005,278.34387,0.0025,9.659652,1,0
577,1860,661785.0,3030795.0,1393,10.759583,164.74487,0.031111112,19.575106,1,1
138,2216,672465.0,3043965.0,4055,30.580227,298.1913,0.004166667,8.021595,1,0
436,1636,655065.0,3035025.0,2173,17.528368,59.036243,0.0069444445,10.257489,1,0
1180,1724,657705.0,3012705.0,1262,16.702286,115.49755,-0.00027777778,8.699322,1,0
471,2027,666795.0,3033975.0,3160,46.148056,330.76718,0.006111111,8.371747,1,1
768,350,616485.0,3025065.0,1852,33.76633,10.049347,-0.00083333335,8.814416,1,0
1143,2061,667815.0,3013815.0,1580,36.087147,120.96376,-0.006111111,7.8118033,1,0
953,1659,655755.0,3019515.0,1292,12.913593,70.90651,-0.00083333335,8.275205,1,0
873,2245,673335.0,3021915.0,2947,39.455048,195.8657,0.017222222,11.004503,3,1
660,2016,666465.0,3028305.0,2492,29.131199,154.77608,-0.01,7.387035,1,0
495,1824,660705.0,3033255.0,1331,22.904099,5.0921173,0.0013888889,9.2733965,1,0
1255,1512,651345.0,3010455.0,1147,25.051863,168.69006,-0.003888889,8.25609,2,0
934,587,623595.0,3020085.0,1832,12.709801,205.14478,-0.005,8.291655,1,0
732,1944,664305.0,3026145.0,1733,32.1773,337.0007,-0.0058333334,7.2657323,1,0
593,873,632175.0,3030315.0,1526,37.253174,223.22395,0.0055555557,9.848756,2,1
512,1469,650055.0,3032745.0,648,46.86156,231.3402,0.0063888887,9.302318,1,0
905,1533,651975.0,3020955.0,1906,36.229122,70.74071,0.01,8.212067,1,1
1149,1164,640905.0,3013635.0,1502,16.567802,37.030388,-0.004722222,10.499639,2,0
940,489,620655.0,3019905.0,2099,14.408697,8.392921,-0.0033333334,8.161392,1,0
375,1645,655335.0,3036855.0,2368,25.256657,287.4748,0.0027777778,8.939947,1,0
565,1582,653445.0,3031155.0,1007,50.66213,156.23618,-0.008055556,7.296597,1,1
606,193,611775.0,3029925.0,3806,38.145016,109.20397,-0.004166667,7.043996,1,0
173,2183,671475.0,3042915.0,3805,43.883564,27.89727,-0.004166667,9.549426,1,0
863,1821,660615.0,3022215.0,1225,22.945995,306.1932,0.0016666667,8.355067,1,0
64,1550,652485.0,3046185.0,1039,36.46154,211.62866,0.0016666667,8.896716,1,0
734,1273,644175.0,3026085.0,911,46.05048,133.69804,-0.0013888889,8.557477,1,1
859,1516,651465.0,3022335.0,2097,15.268187,238.73627,-0.0025,8.793927,1,0
39,1399,647955.0,3046935.0,980,31.313543,180.0,-0.00083333335,10.007478,1,1
609,1477,650295.0,3029835.0,1321,18.35955,298.49564,0.0019444445,10.901134,1,0
534,1983,665475.0,3032085.0,2344,36.829952,193.18576,0.023055555,8.477824,1,1
725,1360,646785.0,3026355.0,839,21.19139,268.1524,0.00055555557,10.840957,1,0
21,1407,648195.0,3047475.0,1566,47.837967,199.39206,-0.0052777776,7.396316,1,1
1081,155,610635.0,3015675.0,1745,19.967964,36.607075,0.0016666667,9.606578,1,0
942,690,626685.0,3019845.0,1355,27.82082,105.57254,-0.023611112,7.441613,1,0
218,1434,649005.0,3041565.0,953,43.4257,156.93388,-0.0069444445,6.857376,1,1
1115,933,633975.0,3014655.0,1701,23.833218,305.78897,0.011111111,14.191699,1,0
471,919,633555.0,3033975.0,2008,39.801342,8.049065,0.020833334,9.757455,1,0
337,708,627225.0,3037995.0,3775,45.2211,145.7843,-0.010555555,10.378196,1,0
967,2148,670425.0,3019095.0,1421,38.883385,108.99666,-0.00083333335,8.809305,1,1
1282,1019,636555.0,3009645.0,1252,51.722496,43.66778,-0.0055555557,8.511462,1,0
911,870,632085.0,3020775.0,1301,29.866367,186.24838,-0.0025,8.050241,1,1
455,373,617175.0,3034455.0,2695,24.585857,142.3996,-0.003611111,8.277439,1,0
64,374,617205.0,3046185.0,4077,4.2226872,73.61046,0.0016666667,17.756876,1,0
1132,711,627315.0,3014145.0,917,47.291454,179.55927,-0.007777778,9.024908,1,1
374,1511,651315.0,3036885.0,1423,25.282505,281.70642,-0.0022222223,9.950379,1,0
918,863,631875.0,3020565.0,1118,25.515007,225.0,0.012222222,9.333771,1,1
589,852,631545.0,3030435.0,1535,23.27723,111.59531,0.009166666,11.111643,2,1
508,396,617865.0,3032865.0,2075,37.536533,216.62134,0.0030555555,11.496734,1,1
1097,1900,662985.0,3015195.0,1598,18.44032,181.4321,0.0019444445,9.846605,1,1
388,1211,642315.0,3036465.0,2703,31.783005,167.17865,0.003888889,9.583635,1,0
643,1560,652785.0,3028815.0,1619,30.114605,114.17145,0.003611111,11.521474,1,1
556,928,633825.0,3031425.0,1617,22.209743,335.2657,-0.0016666667,9.084465,1,0
1155,1889,662655.0,3013455.0,1412,38.50897,133.72697,0.0,9.11038,1,1
471,216,612465.0,3033975.0,3602,39.238827,188.21278,-0.008055556,9.712917,1,0
1205,1136,640065.0,3011955.0,1946,20.572315,112.86451,-0.0027777778,7.7823606,2,0
580,1699,656955.0,3030705.0,1233,17.622553,4.5139847,0.0016666667,11.16807,1,0
594,877,632295.0,3030285.0,1581,34.255547,234.46233,-0.00055555557,9.959151,2,1
696,1968,665025.0,3027225.0,1872,24.104107,175.19205,0.004166667,9.55259,1,1
497,392,617745.0,3033195.0,2150,35.65814,242.69089,0.004166667,8.52072,1,1
730,1252,643545.0,3026205.0,1317,43.002834,56.66492,0.024722222,8.25846,1,0
30,1400,647985.0,3047205.0,1197,47.581924,193.87753,0.008333334,9.707878,1,1
908,890,632685.0,3020865.0,1458,43.094395,197.62802,0.0025,8.4784,2,1
703,667,625995.0,3027015.0,2108,37.542233,172.83646,-0.00083333335,8.675149,1,0
651,2085,668535.0,3028575.0,2844,45.551235,225.33119,-0.004722222,8.169446,1,0
657,538,622125.0,3028395.0,2029,25.282505,265.44623,-0.0025,9.344244,1,0
471,2024,666705.0,3033975.0,3148,30.65119,3.2245255,-0.0019444445,9.405064,1,1
433,1283,644475.0,3035115.0,2178,53.754906,354.7422,0.0063888887,7.5905323,1,0
1223,965,634935.0,3011415.0,1813,36.595943,279.0395,0.0052777776,9.4026375,1,0
600,881,632415.0,3030105.0,1557,32.960274,223.43777,-0.0033333334,8.621902,2,1
737,1276,644265.0,3025995.0,797,29.42144,145.8403,0.011944445,7.3751593,1,1
406,1831,660915.0,3035925.0,2119,16.285326,273.2705,-0.010277778,8.032908,1,0
1088,2228,672825.0,3015465.0,2141,42.758972,149.39047,-0.0027777778,8.960143,1,0
1055,2151,670515.0,3016455.0,1410,39.817543,190.07434,-0.019166667,7.6774387,1,1
321,1897,662895.0,3038475.0,2009,50.138935,137.82018,0.0027777778,8.231481,1,1
704,1958,664725.0,3026985.0,1830,40.201984,167.47119,-0.008611111,7.6638126,1,1
220,1434,649005.0,3041505.0,898,51.097195,153.86574,-0.008611111,7.2810845,1,1
1227,1780,659385.0,3011295.0,770,29.693516,111.87915,0.008333334,9.155852,1,1
923,2284,674505.0,3020415.0,2375,36.97565,194.42078,-0.007777778,7.779381,3,1
1228,1776,659265.0,3011265.0,825,27.290426,121.12247,-0.00083333335,8.562798,1,1
173,1185,641535.0,3042915.0,2983,25.256657,305.65533,-0.0030555555,8.2468,1,0
20,1402,648045.0,3047505.0,1623,54.409393,185.13255,-0.016944444,7.8541694,1,1
500,390,617685.0,3033105.0,2104,16.344799,112.55725,0.018055556,20.391369,1,1
1151,1233,642975.0,3013575.0,778,31.976746,154.29004,0.0044444446,10.364553,2,1
1039,1967,664995.0,3016935.0,2017,29.195084,162.64597,0.0075,9.869322,1,1
730,661,625815.0,3026205.0,1720,48.59246,150.9863,0.00027777778,8.286102,1,1
594,874,632205.0,3030285.0,1529,37.570686,230.2739,0.0019444445,9.897897,2,1
25,1402,648045.0,3047355.0,1371,57.950516,197.30054,0.010277778,8.636688,1,1
721,1218,642525.0,3026475.0,1678,32.800743,130.27986,0.004166667,8.62801,1,0
1097,1860,661785.0,3015195.0,2002,34.553165,248.7136,-0.011388889,7.17542,1,0
568,1478,650325.0,3031065.0,906,24.49391,320.19443,0.0025,9.667981,1,0
813,1188,641625.0,3023715.0,1505,42.292458,145.07248,-0.0016666667,7.590194,2,1
742,105,609135.0,3025845.0,2633,21.880527,329.44403,-0.00055555557,8.407834,1,0
1041,1969,665055.0,3016875.0,1990,31.681774,214.54837,0.014166667,10.280733,1,1
253,407,618195.0,3040515.0,3732,31.699272,307.875,-0.0025,8.670611,1,0
758,1757,658695.0,3025365.0,1461,20.404123,274.49713,-0.0033333334,9.870755,1,0
509,400,617985.0,3032835.0,2106,44.118073,204.36246,-0.0025,7.931797,1,1
924,2285,674535.0,3020385.0,2359,42.740402,189.08008,-0.016944444,6.8813515,3,1
533,1982,665445.0,3032115.0,2374,44.848,188.67317,0.0058333334,8.599461,1,1
1080,832,630945.0,3015705.0,1160,33.65077,214.28688,-0.003611111,8.595641,1,0
26,1395,647835.0,3047325.0,1301,36.341805,170.21759,0.00083333335,9.674281,1,1
1124,510,621285.0,3014385.0,1686,31.774883,47.72631,-0.007777778,8.379979,1,1
868,1354,646605.0,3022065.0,1220,20.10758,311.3086,-0.003611111,10.446306,1,0
425,1544,652305.0,3035355.0,1733,26.380991,268.55588,0.00083333335,9.806178,1,0
938,739,628155.0,3019965.0,698,43.053516,92.55615,-0.004166667,8.47983,1,1
717,2024,666705.0,3026595.0,2453,34.614777,283.61682,-0.003888889,7.866266,1,0
161,1724,657705.0,3043275.0,2419,35.948406,290.51752,-0.0075,7.1237473,1,0
918,249,613455.0,3020565.0,1950,33.016335,345.51825,0.003611111,7.926613,1,0
468,1928,663825.0,3034065.0,2246,42.740402,279.08008,-0.011388889,8.827262,1,0
1271,600,623985.0,3009975.0,1278,37.67271,55.1093,0.016944444,9.258225,1,0
536,1981,665415.0,3032025.0,2325,11.994659,205.55997,0.0075,12.411843,1,1
935,739,628155.0,3020055.0,693,46.12051,96.4416,0.01638889,9.471322,1,1
1267,1388,647625.0,3010095.0,476,39.675407,337.55725,0.006666667,8.935247,2,1
879,803,630075.0,3021735.0,1002,49.558422,165.8157,-0.015833333,6.6426,1,1
769,661,625815.0,3025035.0,1255,29.857246,283.43103,0.0016666667,10.75866,1,1
148,797,629895.0,3043665.0,3786,53.143524,54.920013,0.0033333334,7.2073717,1,0
12,1793,659775.0,3047745.0,1182,31.35169,176.86365,0.0063888887,8.396541,1,0
413,1663,655875.0,3035715.0,2176,40.38626,177.75426,-0.0016666667,8.573584,1,0
593,872,632145.0,3030315.0,1513,35.41468,215.45963,0.003611111,9.9159975,2,1
595,872,632145.0,3030255.0,1481,36.15829,225.92404,0.0027777778,10.00642,2,1
1087,2398,677925.0,3015495.0,2830,30.966194,217.66562,0.006111111,9.510348,1,1
384,2180,671385.0,3036585.0,3622,27.608618,191.48898,-0.009722223,7.450609,1,0
949,178,611325.0,3019635.0,2628,38.50208,261.8699,-0.0033333334,8.822945,1,0
503,396,617865.0,3033015.0,2150,35.062443,227.40598,-0.0011111111,8.765893,1,1
850,2183,671475.0,3022605.0,2221,42.227695,260.7539,0.0125,14.43408,3,1
875,2244,673305.0,3021855.0,2909,32.794197,174.80557,0.0011111111,9.726872,3,1
1065,1415,648435.0,3016155.0,1353,22.63613,272.2906,0.0016666667,10.385115,1,0
70,1944,664305.0,3046005.0,2379,5.1287117,68.19859,-0.004166667,9.213092,1,0
537,2314,675405.0,3031995.0,4070,12.925952,285.80252,0.00055555557,11.60642,1,0
358,472,620145.0,3037365.0,4182,34.235577,254.00641,-0.0027777778,8.573606,1,0
885,804,630105.0,3021555.0,766,28.25731,150.25513,0.025,9.908158,1,1
423,1986,665565.0,3035415.0,2681,37.646053,177.83308,-0.00027777778,10.394167,1,0
367,1701,657015.0,3037095.0,2488,33.956463,167.85571,0.0055555557,8.5841,1,0
276,1418,648525.0,3039825.0,1425,18.962318,140.90614,0.008611111,10.643284,1,0
956,2245,673335.0,3019425.0,1862,35.599457,100.394325,0.022222223,10.026959,1,1
142,529,621855.0,3043845.0,5104,54.254044,235.26137,0.004722222,7.8598933,1,0
918,862,631845.0,3020565.0,1109,20.129128,229.61066,0.013333334,10.445142,1,1
704,1904,663105.0,3026985.0,1945,35.657223,120.73549,0.007222222,9.331683,1,0
848,2172,671145.0,3022665.0,2098,35.265327,225.47745,-0.0025,8.247546,3,1
134,966,634965.0,3044085.0,4196,40.376762,91.684685,0.02111111,9.267066,1,0
817,397,617895.0,3023595.0,2048,34.87333,41.121475,0.0030555555,8.772921,1,0
249,1486,650565.0,3040635.0,692,6.466625,233.97263,0.011666667,10.366003,1,0
997,1274,644205.0,3018195.0,1209,22.711138,260.25635,0.0022222223,11.480046,2,0
907,2268,674025.0,3020895.0,2850,40.38762,212.60034,0.00027777778,8.573535,3,0
914,2141,670215.0,3020685.0,1759,53.60613,127.01067,0.020555556,9.675415,3,1
1269,1392,647745.0,3010035.0,586,53.244774,317.5224,0.00027777778,7.609153,2,1
524,370,617085.0,3032385.0,2640,25.095469,66.39981,0.008333334,9.170398,1,0
609,842,631245.0,3029835.0,1324,54.208015,159.60513,0.004722222,8.08473,2,1
1110,1942,664245.0,3014805.0,1324,18.589882,228.01279,-0.003888889,8.585173,1,0
971,2204,672105.0,3018975.0,1795,37.775684,180.0,-0.018333333,7.057287,1,1
1281,1632,654945.0,3009675.0,647,7.6675773,338.1986,0.016111111,17.982754,1,0
847,2176,671265.0,3022695.0,2165,28.76073,210.06857,0.0022222223,11.01322,3,1
793,671,626115.0,3024315.0,1443,23.691278,210.21729,0.0011111111,9.235572,1,1
582,1810,660285.0,3030645.0,1278,43.33395,204.52771,-0.0033333334,6.860584,1,0
1203,388,617625.0,3012015.0,2209,29.305954,341.83405,0.0013888889,8.989314,1,0
351,55,607635.0,3037575.0,4079,30.160738,231.40436,-0.010277778,8.03838,1,1
506,395,617835.0,3032925.0,2097,34.820404,226.45636,-0.0022222223,9.650359,1,1
817,651,625515.0,3023595.0,863,37.941605,190.46918,0.0055555557,8.84307,1,1
945,2398,677925.0,3019755.0,3562,34.16248,335.32312,-0.0025,9.4926405,1,0
216,1438,649125.0,3041625.0,928,54.83134,149.67091,0.018888889,8.244034,1,1
406,641,625215.0,3035925.0,2602,37.09327,113.03276,-0.009722223,7.081964,1,1
764,1460,649785.0,3025185.0,1810,25.811035,202.80971,-0.005,9.138213,1,1
911,868,632025.0,3020775.0,1291,26.113234,215.31122,-0.004166667,10.88267,1,1
536,1979,665355.0,3032025.0,2317,33.594757,199.79887,0.003611111,9.776416,1,1
416,1397,647895.0,3035625.0,1164,16.699244,0.0,-0.0027777778,13.3487015,1,0
1021,2351,676515.0,3017475.0,3246,35.65814,242.69089,0.0,11.688302,1,0
586,859,631755.0,3030525.0,1622,46.044937,134.34894,-0.023333333,7.459059,2,1
1050,1956,664665.0,3016605.0,1910,26.21111,146.04094,-0.006111111,9.302817,1,0
1090,1932,663945.0,3015405.0,1423,22.546463,141.5198,-0.004722222,9.760918,1,0
603,882,632445.0,3030015.0,1517,27.135908,207.60667,0.0022222223,9.262576,2,1
629,1665,655935.0,3029235.0,1770,15.731152,7.65065,-0.0027777778,9.455694,1,0
1000,1879,662355.0,3018105.0,1606,21.19362,8.652542,-0.005,8.4429455,1,0
538,1980,665385.0,3031965.0,2309,27.993889,279.01932,0.008888889,18.303316,1,1
77,1222,642645.0,3045795.0,2112,39.710175,60.219467,0.011111111,10.9001255,1,0
923,2278,674325.0,3020415.0,2357,51.377712,174.4602,0.015277778,8.369668,3,1
18,1403,648075.0,3047565.0,1693,38.51968,160.42688,-0.028055556,7.030555,1,1
595,859,631755.0,3030255.0,1403,44.74762,171.05241,0.004722222,8.890646,2,1
20,1596,653865.0,3047505.0,2026,38.30712,136.70981,0.0016666667,8.647613,1,0
1032,628,624825.0,3017145.0,661,47.9201,159.51965,-0.0033333334,7.3934345,1,1
1124,513,621375.0,3014385.0,1637,26.967505,31.607502,0.008611111,13.59617,1,1
408,642,625245.0,3035865.0,2553,37.79011,110.772255,0.0069444445,10.745646,1,1
1262,1388,647625.0,3010245.0,392,35.44717,321.65442,0.004166667,9.627115,2,1
966,681,626415.0,3019125.0,906,40.038395,129.7692,-0.0052777776,11.070805,1,0
962,2332,675945.0,3019245.0,2512,57.31721,215.6445,0.009166666,7.4571614,1,0
622,1671,656115.0,3029445.0,1692,12.709801,64.85522,-0.003888889,8.291655,1,0
672,676,626265.0,3027945.0,1964,33.854515,206.56505,0.0011111111,10.756996,1,1
1238,996,635865.0,3010965.0,1537,46.883335,159.44395,0.007777778,10.137804,1,1
760,669,626055.0,3025305.0,1359,25.40601,262.43857,-0.0013888889,12.429714,1,1
1214,902,633045.0,3011685.0,1396,42.21327,163.72928,-0.011944445,6.899824,1,0
1120,1018,636525.0,3014505.0,2207,37.493332,131.91782,-0.01,7.7606254,2,1
880,2245,673335.0,3021705.0,2814,32.433533,243.93901,0.013333334,12.131029,3,1
906,1004,636105.0,3020925.0,1630,36.28556,63.72579,-0.008333334,7.1113887,2,1
917,2314,675405.0,3020595.0,2858,37.98202,200.9497,0.009166666,11.03884,3,1
608,1292,644745.0,3029865.0,906,15.61613,116.56505,0.0016666667,16.36263,1,0
411,647,625395.0,3035775.0,2438,24.922096,147.45,0.014444444,18.193085,1,1
46,1402,648045.0,3046725.0,860,16.91951,336.5953,0.0058333334,12.828762,1,1
714,1569,653055.0,3026685.0,2334,20.250652,71.56505,0.004722222,10.689908,1,0
1063,1582,653445.0,3016215.0,710,43.43069,143.23097,0.0022222223,8.936643,1,1
457,612,624345.0,3034395.0,2447,43.19102,228.59877,0.003611111,11.196316,1,0
1268,1387,647595.0,3010065.0,495,43.030193,343.66818,-0.00055555557,9.962251,2,1
912,1006,636165.0,3020745.0,1645,39.249783,56.228893,0.0013888889,8.390771,2,1
285,49,607455.0,3039555.0,4172,20.368845,80.96052,0.00027777778,11.530869,1,0
381,1034,637005.0,3036675.0,2570,30.289484,284.03625,0.004166667,12.861527,1,0
507,396,617865.0,3032895.0,2095,38.855705,219.1226,-0.0016666667,9.097976,1,1
592,860,631785.0,3030345.0,1470,38.624893,163.64418,0.008055556,8.972698,2,1
856,2162,670845.0,3022425.0,1837,27.319332,155.70905,0.020277778,18.735977,3,1
483,866,631965.0,3033615.0,2540,26.720285,250.66519,-0.011111111,7.4887824,1,0
289,275,614235.0,3039435.0,3761,27.061962,217.71104,0.0016666667,9.871894,1,0
850,2179,671355.0,3022605.0,2148,27.568243,208.61046,0.0063888887,7.452326,3,1
745,994,635805.0,3025755.0,2727,27.097435,353.4537,0.0055555557,9.081909,2,0
509,395,617835.0,3032835.0,2047,24.38324,198.76807,0.013611111,12.312166,1,1
1030,492,620745.0,3017205.0,820,33.492615,174.2176,0.00083333335,9.294779,1,0
737,1270,644085.0,3025995.0,907,50.402355,137.2348,-0.02,7.3058367,1,1
632,1857,661695.0,3029145.0,2101,26.348768,47.04541,-0.0130555555,8.1981535,1,0
929,2139,670155.0,3020235.0,1763,72.22007,117.96891,-0.024166666,6.763691,3,1
931,2137,670095.0,3020175.0,1831,62.97039,124.43325,-0.06027778,8.2088375,3,1
951,871,632115.0,3019575.0,1426,33.003414,221.35881,-0.0052777776,8.332571,1,1
848,2164,670905.0,3022665.0,1903,30.22205,217.44366,0.01638889,9.90772,3,1
849,882,632445.0,3022635.0,1466,30.232246,200.5081,0.0013888889,10.386884,2,0
440,330,615885.0,3034905.0,2627,40.768177,237.2315,0.0,10.086147,1,1
1069,1880,662385.0,3016035.0,2008,20.532772,122.27565,-0.0027777778,8.477608,1,1
878,1719,657555.0,3021765.0,1169,18.777298,250.67682,-0.00083333335,9.4906845,1,0
30,1405,648135.0,3047205.0,1233,34.223583,189.52002,0.0019444445,9.826818,1,1
36,1394,647805.0,3047025.0,1051,37.173424,174.00748,-0.0022222223,10.214551,1,1
777,593,623775.0,3024795.0,1389,29.047915,152.2815,0.003611111,9.693042,1,0
29,1404,648105.0,3047235.0,1250,36.6063,183.21548,0.007222222,9.49757,1,1
1153,1888,662625.0,3013515.0,1468,46.878983,145.81387,0.008333334,7.835371,1,1
94,2252,673545.0,3045285.0,4380,55.768517,24.094429,-0.0016666667,7.515937,1,0
330,1341,646215.0,3038205.0,1627,12.092764,166.50427,0.013888889,17.014982,1,0
694,1968,665025.0,3027285.0,1904,35.85464,167.00539,0.011388889,8.73663,1,1
904,880,632385.0,3020985.0,1516,34.576664,194.70831,-0.007777778,8.273154,1,1
929,2138,670125.0,3020235.0,1847,65.61721,124.38034,-0.059166666,6.704248,3,1
631,784,629505.0,3029175.0,1774,40.80981,57.61363,-0.017222222,7.6423316,2,0
1110,685,626535.0,3014805.0,1532,28.72448,118.12373,0.0033333334,8.502415,1,0
910,890,632685.0,3020805.0,1410,29.147533,209.0546,0.017777778,10.430887,2,1
359,891,632715.0,3037335.0,2855,40.00505,130.57043,0.0,8.363936,1,0
32,1391,647715.0,3047145.0,1145,35.693798,176.0091,-0.0027777778,9.698061,1,1
464,962,634845.0,3034185.0,1839,38.85046,303.60785,-0.0011111111,8.405016,1,0
761,679,626355.0,3025275.0,1498,22.823984,269.43274,0.0030555555,10.375915,1,1
1097,1065,637935.0,3015195.0,1705,18.1227,111.665955,0.00055555557,8.612453,2,0
85,1016,636465.0,3045555.0,3881,17.676495,311.8202,-0.0016666667,9.891846,1,0
23,1406,648165.0,3047415.0,1489,48.735596,176.43674,-0.0013888889,8.617537,1,1
1067,1587,653595.0,3016095.0,577,13.919591,153.00417,0.006666667,12.089195,1,0
1010,994,635805.0,3017805.0,1929,21.579008,69.6559,0.00027777778,10.563202,2,0
421,2182,671445.0,3035475.0,3839,39.322624,7.3057632,0.00083333335,8.793642,1,0
1236,992,635745.0,3011025.0,1690,55.20267,162.29958,-0.015,6.438478,1,1
33,1106,639165.0,3047115.0,2838,21.83995,3.576332,-0.003888889,8.4098835,1,0
1261,1540,652185.0,3010275.0,1272,26.348768,222.95459,0.0025,10.33822,2,0
819,656,625665.0,3023535.0,860,32.69023,194.66782,-0.0011111111,9.037714,1,1
816,1933,663975.0,3023625.0,1671,43.023357,282.1126,0.004722222,9.86718,1,0
341,2150,670485.0,3037875.0,3074,41.48872,218.11174,-0.0033333334,8.534708,1,0
910,891,632715.0,3020805.0,1421,32.1535,218.54118,0.014722222,9.569239,2,1
611,844,631305.0,3029775.0,1237,43.075672,173.60342,0.012777777,8.815527,2,1
230,2187,671595.0,3041205.0,4026,33.65905,188.63713,-0.0052777776,9.406258,1,0
798,1819,660555.0,3024165.0,1465,27.839977,145.9338,-0.0019444445,9.232563,1,1
796,1820,660585.0,3024225.0,1480,27.217173,153.01978,0.0033333334,10.300539,1,1
801,666,625965.0,3024075.0,1289,30.43109,211.66075,-0.005,8.433012,1,1
610,1074,638205.0,3029805.0,2858,14.073634,248.55226,0.008055556,12.76063,1,0
705,1971,665115.0,3026955.0,1723,18.286465,293.00885,0.022222223,17.898193,1,1
130,2123,669675.0,3044205.0,3575,31.335012,272.3533,-0.0027777778,8.397196,1,0
1115,1339,646155.0,3014655.0,414,13.421509,257.90524,0.0052777776,17.47591,2,0
26,1399,647955.0,3047325.0,1309,46.372375,199.73036,0.003611111,7.4476185,1,1
391,1304,645105.0,3036375.0,2407,30.858587,140.09212,-0.003888889,8.703679,1,0
867,114,609405.0,3022095.0,3062,37.41067,168.69006,0.0027777778,11.387955,1,0
736,1272,644145.0,3026025.0,872,54.520267,146.87627,0.008888889,7.562396,1,1
369,1180,641385.0,3037035.0,3231,36.88432,148.16324,-0.0013888889,8.698991,1,0
165,635,625035.0,3043155.0,4706,51.765495,233.54391,0.01,9.699502,1,0
760,1972,665145.0,3025305.0,1742,50.63327,205.51387,-0.004166667,9.002372,1,1
24,1929,663855.0,3047385.0,2225,37.629875,0.929039,-0.0044444446,9.141988,1,0
859,1184,641505.0,3022335.0,1039,53.64967,175.25095,-0.0030555555,9.440208,2,1
325,1898,662925.0,3038355.0,1921,12.4551,178.91907,0.013888889,12.390101,1,1
1035,341,616215.0,3017055.0,1422,42.470886,201.07495,0.014444444,9.724006,1,1
1264,1865,661935.0,3010185.0,740,17.156881,248.62938,-0.0052777776,9.076304,1,0
81,742,628245.0,3045675.0,4900,45.241653,10.474236,-0.02111111,6.7939596,1,0
1184,2232,672945.0,3012585.0,1382,38.17085,168.69006,-0.00027777778,9.122509,1,0
952,872,632145.0,3019545.0,1422,35.42211,218.81706,0.0013888889,8.241747,1,1
201,521,621615.0,3042075.0,4696,41.733505,91.606,0.008333334,8.302959,1,0
1058,829,630855.0,3016365.0,1141,30.837719,273.60126,0.0063888887,9.716107,1,0
34,1396,647865.0,3047085.0,1087,37.750004,171.9571,0.003888889,10.1027355,1,1
1272,1391,647715.0,3009945.0,629,20.671879,300.52972,-0.012222222,7.777089,2,1
40,1389,647655.0,3046905.0,944,51.846878,197.72324,-1.8431437e-18,6.561085,1,1
175,76,608265.0,3042855.0,4620,50.5059,20.9245,0.0052777776,8.554918,1,0
980,478,620325.0,3018705.0,1243,29.460201,155.1363,0.007777778,10.012636,1,1
1037,1970,665085.0,3016995.0,2108,53.053043,220.6792,-0.010277778,7.210661,1,1
222,1224,642705.0,3041445.0,1950,48.51356,104.29225,0.016111111,8.62535,1,1
235,628,624825.0,3041055.0,4053,37.180916,125.610855,-0.0016666667,9.158227,1,0
320,1895,662835.0,3038505.0,2086,56.51372,145.7843,0.0044444446,7.4878244,1,1
594,879,632355.0,3030285.0,1613,31.154043,231.15517,-0.0025,9.251616,2,1
501,392,617745.0,3033075.0,2111,28.050692,235.1915,0.007777778,8.530532,1,1
51,1876,662265.0,3046575.0,2184,31.774883,317.72632,0.003888889,10.613572,1,0
36,1405,648135.0,3047025.0,1077,44.0428,198.59106,-0.00027777778,7.934426,1,1
122,2142,670245.0,3044445.0,3730,45.67273,50.284,0.0063888887,8.388348,1,0
20,1398,647925.0,3047505.0,1574,59.649914,193.83282,-0.004722222,7.8765883,1,1
746,1531,651915.0,3025725.0,2206,30.858587,81.98291,-0.0044444446,8.926823,1,0
1045,271,614115.0,3016755.0,1396,16.466053,130.42609,0.0069444445,15.939148,1,1
726,2388,677625.0,3026325.0,3897,13.964881,211.29303,-0.0013888889,10.139905,3,0
1135,712,627345.0,3014055.0,834,25.03089,177.95459,0.02,11.060405,1,1
641,1556,652665.0,3028875.0,1714,44.489704,104.74356,0.011111111,10.254195,1,1
640,1557,652695.0,3028905.0,1704,42.96342,133.54979,0.012222222,7.972157,1,1
33,1391,647715.0,3047115.0,1122,37.21584,176.85504,-0.0013888889,9.716578,1,1
1054,2151,670515.0,3016485.0,1431,20.406471,195.5928,-0.022777777,7.7911882,1,1
594,709,627255.0,3030285.0,1940,19.3027,57.63336,-0.0052777776,8.544656,2,0
1151,119,609555.0,3013575.0,2433,26.366499,26.995838,0.00027777778,9.902123,1,0
438,604,624105.0,3034965.0,2574,47.708706,265.43475,0.008055556,8.499461,1,0
1051,1718,657525.0,3016575.0,926,39.137676,325.008,0.004166667,8.954382,1,0
133,1322,645645.0,3044115.0,2231,39.345863,42.528336,0.0030555555,8.38735,1,0
1032,525,621735.0,3017145.0,772,34.540424,167.05737,-0.0044444446,8.967655,1,0
24,793,629775.0,3047385.0,3640,20.720264,333.1527,0.012222222,10.865577,1,0
936,1673,656175.0,3020025.0,1187,23.124304,84.40066,-0.014166667,7.653278,1,0
819,2216,672465.0,3023535.0,3111,34.07897,7.4314117,0.011666667,8.802632,3,0
1265,2280,674385.0,3010155.0,2128,40.725765,274.44122,-0.00083333335,8.74391,1,0
1139,1252,643545.0,3013935.0,636,21.173536,121.80939,-0.0019444445,10.641211,2,0
403,641,625215.0,3036015.0,2618,31.913568,114.5074,0.004166667,13.096049,1,1
909,1008,636225.0,3020835.0,1567,41.25466,56.234444,0.003611111,9.012947,2,1
16,1767,658995.0,3047625.0,1432,48.857662,151.75575,-0.009166666,6.6673284,1,0
442,1878,662325.0,3034845.0,1638,25.811035,292.8097,-0.006666667,7.528775,1,0
814,1194,641805.0,3023685.0,1373,42.44959,148.40959,0.007777778,10.652739,2,1
1064,1903,663075.0,3016185.0,1760,19.77322,134.0608,0.009166666,10.1280365,1,0
123,739,628155.0,3044415.0,4583,40.522026,136.58017,-0.011666667,9.038788,1,0
638,1591,653715.0,3028965.0,1385,49.115833,315.8769,-0.0069444445,7.7568407,1,0
842,2187,671595.0,3022845.0,2464,39.641983,230.30511,-0.0027777778,9.18775,3,1
659,1112,639345.0,3028335.0,2845,20.34764,242.57126,-0.00083333335,9.180629,1,0
31,1402,648045.0,3047175.0,1192,43.821648,207.1213,-1.951564e-18,8.92298,1,1
39,1394,647805.0,3046935.0,978,40.9517,173.6598,0.0019444445,10.202276,1,1
888,802,630045.0,3021465.0,746,19.18842,163.30075,0.025277779,17.320496,1,1
507,395,617835.0,3032895.0,2079,35.66912,218.40009,0.003611111,10.024392,1,1
420,1457,649695.0,3035505.0,739,55.114986,265.16724,-0.0044444446,8.638967,1,0
798,1822,660645.0,3024165.0,1442,22.384172,168.91742,0.004722222,10.73402,1,1
42,1398,647925.0,3046845.0,914,42.110058,192.24234,-0.0027777778,10.458793,1,1
914,868,632025.0,3020685.0,1245,33.38247,199.58072,-0.0075,7.219518,1,1
475,1279,644355.0,3033855.0,2810,30.674776,58.207928,-0.0069444445,8.423296,1,0
650,412,618345.0,3028605.0,2232,48.821877,124.90648,-0.0033333334,7.361736,1,0
486,513,621375.0,3033525.0,3402,34.01935,270.0,-0.0013888889,8.294049,1,0
1221,890,632685.0,3011475.0,1186,34.108196,161.3421,-0.004722222,7.1920958,1,0
1179,1334,646005.0,3012735.0,930,19.008852,57.847706,-0.0011111111,10.065279,2,0
127,1083,638475.0,3044295.0,2630,41.902096,113.82742,0.00083333335,9.308639,1,0
1090,1039,637155.0,3015405.0,1944,13.5236025,14.036247,2.1684043e-19,12.72718,2,0
482,2030,666885.0,3033645.0,3406,29.506863,13.626991,-0.005,9.674263,1,0
1239,820,630585.0,3010935.0,604,35.45088,57.42594,-0.0016666667,8.75151,1,0
917,864,631905.0,3020595.0,1144,31.73072,217.33319,0.003611111,8.892528,1,1
1077,2265,673935.0,3015795.0,2407,34.59133,175.49509,0.011666667,8.272607,1,0
850,2176,671265.0,3022605.0,2111,35.502712,217.40536,0.005,10.398254,3,1
197,1158,640725.0,3042195.0,2953,28.310354,14.788681,0.003888889,12.424979,1,0
437,334,616005.0,3034995.0,2755,41.636944,242.35402,0.003611111,10.011101,1,1
347,887,632595.0,3037695.0,3094,30.789743,227.8341,-0.011666667,7.3201156,1,0
259,213,612375.0,3040335.0,3630,33.140713,81.55963,0.0030555555,9.308161,1,0
1252,632,624945.0,3010545.0,1137,35.497166,239.83994,-0.010833333,7.1403623,1,0
22,1408,648225.0,3047445.0,1538,53.681263,193.09985,-0.0030555555,7.5932264,1,1
545,809,630255.0,3031755.0,2043,21.754173,118.70595,-0.012777777,7.7210784,2,0
854,2180,671385.0,3022485.0,2170,39.39223,310.88507,0.015,8.608843,3,1
950,1903,663075.0,3019605.0,1302,23.850166,316.52753,-0.0022222223,9.228054,1,0
955,2246,673365.0,3019455.0,1858,29.54144,160.23283,0.023611112,11.66073,1,1
676,72,608145.0,3027825.0,2673,26.29708,165.84659,0.006666667,13.113078,1,0
500,391,617715.0,3033105.0,2104,18.910439,228.94519,0.019166667,11.457164,1,1
795,671,626115.0,3024255.0,1417,30.30852,210.40343,-0.00083333335,9.536529,1,1
865,1683,656475.0,3022155.0,987,29.147533,150.9454,0.00083333335,8.079512,1,0
1042,2266,673965.0,3016845.0,2981,40.087585,0.5672684,0.010277778,8.584155,1,0
389,712,627345.0,3036435.0,3377,46.23083,157.2218,-0.004722222,7.4525647,1,0
73,1261,643815.0,3045915.0,1733,37.471275,11.920738,-0.0027777778,8.166887,1,0
1279,1073,638175.0,3009735.0,1943,34.223583,256.90015,-0.00055555557,10.232284,1,0
703,1969,665055.0,3027015.0,1738,34.509014,180.34724,0.011111111,9.74202,1,1
830,883,632475.0,3023205.0,1898,35.712963,134.53036,0.010833333,8.924165,2,1
646,703,627075.0,3028725.0,2316,32.646255,169.12854,-0.004722222,9.039403,1,0
903,2194,671805.0,3021015.0,2243,27.769135,219.86362,0.0033333334,8.830094,3,0
730,2305,675135.0,3026205.0,3412,15.845167,266.63354,-0.013888889,8.061799,3,0
814,1192,641745.0,3023685.0,1405,41.987823,140.63594,0.0063888887,9.903466,2,1
470,2026,666765.0,3034005.0,3129,37.24737,350.5377,0.0044444446,10.602738,1,1
389,1642,655245.0,3036435.0,2482,30.278051,317.31372,0.0013888889,8.726819,1,0
511,534,622005.0,3032775.0,3045,33.492615,211.0875,-0.0013888889,9.412562,1,0
467,465,619935.0,3034095.0,3269,32.47363,225.5305,0.008611111,11.104434,1,0
616,1316,645465.0,3029625.0,779,33.160995,142.25319,-0.0055555557,7.921093,1,1
1119,936,634065.0,3014535.0,1787,22.8721,327.09476,-0.0069444445,9.051811,1,0
871,2247,673395.0,3021975.0,3016,48.31759,192.64409,0.030555556,9.576701,3,1
919,2314,675405.0,3020535.0,2823,35.978046,221.74278,0.0022222223,9.425244,3,1
761,668,626025.0,3025275.0,1343,26.50446,260.38028,-0.0016666667,10.756285,1,1
353,52,607545.0,3037515.0,4003,30.955221,235.75797,0.0019444445,8.699853,1,1
768,188,611625.0,3025065.0,2045,27.14359,44.341457,-0.0013888889,9.549928,1,0
77,319,615555.0,3045795.0,4701,50.600063,241.59299,-0.008888889,8.802883,1,0
156,212,612345.0,3043425.0,3922,11.999139,178.8767,0.011666667,17.791754,1,0
741,663,625875.0,3025875.0,1475,20.439318,153.43495,0.005,13.2318535,1,1
146,1968,665025.0,3043725.0,3229,13.919591,343.393,-0.00083333335,10.3946,1,0
99,1614,654405.0,3045135.0,1137,27.769135,13.2664795,-0.0022222223,8.136948,1,0
852,2171,671115.0,3022545.0,1984,32.103516,230.38931,0.029444445,14.962072,3,1
103,1173,641175.0,3045015.0,2396,33.94528,335.49734,-0.007777778,7.198227,1,0
286,259,613755.0,3039525.0,3646,35.42211,156.88956,0.0016666667,7.1431346,1,0
935,740,628185.0,3020055.0,670,23.118393,108.78862,0.022777777,20.784464,1,1
501,399,617955.0,3033075.0,2212,34.41146,216.5911,0.0052777776,8.567014,1,1
509,396,617865.0,3032835.0,2057,35.11364,211.42957,0.0058333334,9.927144,1,1
768,654,625605.0,3025065.0,1161,3.4717412,254.05461,0.015277778,18.183218,1,1
819,650,625485.0,3023535.0,813,35.67369,183.32741,0.008611111,9.436437,1,1
1089,2396,677865.0,3015435.0,2775,45.125282,206.88394,-0.003888889,9.195917,1,1
1180,1200,641985.0,3012705.0,1061,16.031952,29.538784,0.020277778,16.844278,2,1
735,663,625875.0,3026055.0,1573,38.05152,162.33667,0.00055555557,7.7405033,1,1
1279,751,628515.0,3009735.0,899,28.222815,25.769325,0.0063888887,10.063753,1,0
740,662,625845.0,3025905.0,1492,25.719103,149.88626,0.005,8.631486,1,1
846,253,613575.0,3022725.0,1984,24.962542,45.0,-0.010555555,9.358771,1,0
32,1400,647985.0,3047145.0,1143,41.936443,194.22958,0.004722222,10.00058,1,1
306,2002,666045.0,3038925.0,2484,26.185066,270.971,0.003611111,8.610818,1,0
641,1557,652695.0,3028875.0,1688,38.66057,114.29578,0.01638889,10.60903,1,1
594,880,632385.0,3030285.0,1626,31.399252,231.09586,0.0016666667,9.241971,2,1
392,1389,647655.0,3036345.0,1252,47.96038,137.74078,-0.0019444445,7.3920207,1,1
784,1826,660765.0,3024585.0,1690,31.154043,181.97495,0.008055556,9.502931,1,0
762,668,626025.0,3025245.0,1340,26.284132,260.77606,0.0011111111,12.883123,1,1
21,1403,648075.0,3047475.0,1578,54.57317,169.75592,-0.014444444,7.8481236,1,1
377,45,607335.0,3036795.0,3974,34.91267,85.54883,-0.01,9.107929,1,0
1263,2296,674865.0,3010215.0,2306,24.655815,273.12213,0.0033333334,8.967362,1,0
932,2141,670215.0,3020145.0,1607,20.155422,92.60256,0.009166666,11.6964855,3,1
78,111,609315.0,3045765.0,4614,48.796577,110.94747,0.004166667,9.067375,1,0
832,1415,648435.0,3023145.0,992,43.318882,226.07417,0.02,8.940552,1,1
982,1333,645975.0,3018645.0,1861,37.534904,257.4712,-0.00055555557,9.145417,1,0
1049,1960,664785.0,3016635.0,1877,23.934639,140.33215,0.003611111,10.872732,1,0
737,1274,644205.0,3025995.0,812,32.1773,157.0007,0.019444445,9.750639,1,1
830,2181,671415.0,3023205.0,2460,39.9549,227.82216,0.004166667,9.176644,3,0
849,2178,671325.0,3022635.0,2155,40.091736,215.73547,-0.00027777778,8.073182,3,1
111,816,630465.0,3044775.0,4003,31.042803,153.25757,0.003611111,12.230077,1,0
610,1982,665445.0,3029805.0,2946,42.108845,275.2901,0.0044444446,8.512925,1,1
215,1785,659535.0,3041655.0,3059,36.789055,327.28397,0.00027777778,9.490912,1,0
737,892,632745.0,3025995.0,1717,13.617062,273.9452,-0.00083333335,12.363353,2,0
591,852,631545.0,3030375.0,1515,40.316906,128.22043,0.0055555557,7.6597457,2,1
444,1924,663705.0,3034785.0,2006,44.23235,195.64224,0.0125,11.591368,1,1
1073,160,610785.0,3015915.0,1639,28.155048,24.370117,-0.0025,9.373446,1,0
859,1015,636435.0,3022335.0,2235,31.211784,142.26324,-0.0019444445,9.249341,2,0
759,677,626295.0,3025335.0,1475,27.094355,257.77487,0.0016666667,9.669828,1,1
239,975,635235.0,3040935.0,3300,40.97848,139.27946,0.006666667,8.889146,1,0
436,333,615975.0,3035025.0,2748,42.93938,231.17993,0.0022222223,9.965428,1,1
39,1402,648045.0,3046935.0,981,34.59133,184.50491,0.0030555555,9.1199045,1,1
41,884,632505.0,3046875.0,4397,22.619865,270.0,0.01,10.242813,1,0
103,1439,649155.0,3045015.0,1394,37.858063,25.054,0.00055555557,9.762369,1,0
982,51,607515.0,3018645.0,2131,30.37434,32.221268,0.004722222,9.533894,1,0
1270,1392,647745.0,3010005.0,619,45.562717,316.6555,-0.016944444,7.4758983,2,1
533,1976,665265.0,3032115.0,2363,39.044003,208.53998,-0.0025,7.70496,1,1
616,1314,645405.0,3029625.0,787,33.191906,195.89526,-0.008611111,7.2267675,1,1
1265,2189,671655.0,3010155.0,1568,31.399252,302.1712,0.01,12.755647,1,0
25,1397,647895.0,3047355.0,1313,40.746323,187.50308,0.023055555,9.995947,1,1
943,861,631815.0,3019815.0,1308,27.142056,271.3972,-0.003888889,9.07999,1,0
1086,2399,677955.0,3015525.0,2858,34.150433,217.01068,0.005,9.26995,1,1
915,2142,670245.0,3020655.0,1715,42.548138,119.35776,0.009444444,10.106961,3,1
507,400,617985.0,3032895.0,2148,32.67705,214.41269,-0.003888889,9.731367,1,1
767,655,625635.0,3025095.0,1163,8.735691,229.39871,0.020277778,17.212606,1,1
1248,954,634605.0,3010665.0,1795,20.532772,290.85446,-0.0075,7.78446,1,0
830,81,608415.0,3023205.0,3104,40.250656,258.35825,0.0027777778,8.355237,1,0
203,668,626025.0,3042015.0,4851,31.24058,185.12317,-0.014444444,7.9954443,1,0
1029,125,609735.0,3017235.0,1494,13.964881,81.32683,0.00055555557,10.49658,1,0
705,1486,650565.0,3026955.0,2240,24.242445,2.1210938,-0.0019444445,8.69883,1,0
221,1421,648615.0,3041475.0,1088,43.33395,137.14758,-0.008611111,8.246878,1,0
244,902,633045.0,3040785.0,3338,38.74751,285.0464,-0.0033333334,12.033037,1,0
699,600,623985.0,3027135.0,2418,37.985188,216.31958,0.007222222,10.094265,1,0
38,1394,647805.0,3046965.0,1003,39.769604,170.49052,0.0011111111,10.204869,1,1
375,1501,651015.0,3036855.0,1270,18.871407,260.88214,-0.00083333335,12.585399,1,0
1281,988,635625.0,3009675.0,972,39.85972,309.32965,0.0027777778,8.592233,1,0
605,2072,668145.0,3029955.0,3205,36.034477,121.41401,-0.016666668,8.506883,1,0
39,1389,647655.0,3046935.0,980,49.165546,191.63364,-0.003888889,9.914572,1,1
731,592,623745.0,3026175.0,2073,22.415117,278.1301,0.00027777778,9.074259,1,0
38,1404,648105.0,3046965.0,1012,43.039867,193.41618,0.0058333334,10.481788,1,1
506,399,617955.0,3032925.0,2152,31.764435,216.79279,-0.0011111111,9.8467245,1,1
982,477,620295.0,3018645.0,1215,23.432558,181.10172,0.011388889,10.036353,1,1
383,844,631305.0,3036615.0,2646,38.67345,1.7899094,0.004722222,9.222275,1,0
916,2292,674745.0,3020625.0,2475,43.637585,170.94928,0.007222222,8.236264,3,1
436,2288,674625.0,3035025.0,4105,5.4792686,145.61966,-0.0022222223,9.146595,1,0
879,758,628725.0,3021735.0,1139,41.77196,59.127914,0.0016666667,7.608461,1,0
470,2024,666705.0,3034005.0,3130,33.91678,3.9085464,-0.0027777778,9.396525,1,1
853,2173,671175.0,3022515.0,2023,33.825855,291.13983,0.018055556,10.247252,3,1
36,1398,647925.0,3047025.0,1040,36.570015,178.71268,0.0027777778,10.468294,1,1
30,1401,648015.0,3047205.0,1207,48.306618,198.83844,0.0044444446,8.9893,1,1
301,1815,660435.0,3039075.0,3189,40.318268,197.72324,0.00027777778,9.269135,1,0
111,200,611985.0,3044775.0,4110,38.079075,66.16126,0.011388889,9.34895,1,0
875,2246,673365.0,3021855.0,2914,38.429157,216.02737,0.013888889,10.211852,3,1
355,48,607425.0,3037455.0,3929,29.57727,237.59332,0.0022222223,9.448255,1,1
798,1821,660615.0,3024165.0,1445,22.751534,154.70798,0.007777778,14.538339,1,1
1181,1868,662025.0,3012675.0,1176,18.737906,152.1759,0.0016666667,10.773876,1,0
1052,2302,675045.0,3016545.0,3004,21.665758,245.85446,-0.011388889,7.725569,1,0
936,739,628155.0,3020025.0,691,45.000996,90.477455,0.017222222,8.881802,1,1
1074,492,620745.0,3015885.0,1159,22.945995,349.79602,0.003888889,10.36997,1,0
434,331,615915.0,3035085.0,2735,41.995148,235.94218,0.0052777776,8.293771,1,1
615,1315,645435.0,3029655.0,805,28.622269,159.90477,-0.010833333,7.4080405,1,1
656,1622,654645.0,3028425.0,1821,17.485346,322.5238,-0.008333334,8.650669,1,0
973,2203,672075.0,3018915.0,1733,45.007954,190.561,-0.0027777778,7.9007297,1,1
956,2247,673395.0,3019425.0,1842,29.394655,172.34935,0.018055556,12.601999,1,1
1063,2365,676935.0,3016215.0,3220,7.0857267,256.42957,-0.014722222,8.8874235,1,0
1043,1583,653475.0,3016815.0,817,24.042858,57.20047,0.020277778,10.654073,1,1
533,1977,665295.0,3032115.0,2376,37.01355,203.44806,-0.012777777,7.0848575,1,1
46,1401,648015.0,3046725.0,856,18.286465,346.13898,0.008611111,12.697167,1,1
946,607,624195.0,3019725.0,1688,27.662298,233.40337,-0.006666667,8.834623,1,0
954,877,632295.0,3019485.0,1497,41.636944,242.35402,-0.0025,7.6132054,1,1
1060,567,622995.0,3016305.0,948,21.359972,345.8157,0.0030555555,10.513801,1,0
736,1270,644085.0,3026025.0,926,44.191902,141.26349,-0.012222222,8.440044,1,1
613,1725,657735.0,3029715.0,1545,20.957647,315.0,-0.0027777778,8.860685,1,0
610,1980,665385.0,3029805.0,2898,31.576393,282.5288,0.014444444,9.235029,1,1
529,1854,661605.0,3032235.0,1991,23.859573,312.7094,-0.0022222223,9.004467,1,0
974,474,620205.0,3018885.0,1416,44.23707,150.80252,0.009444444,9.719401,1,1
217,481,620415.0,3041595.0,4303,8.697658,240.64224,0.0075,14.087017,1,0
42,1521,651615.0,3046845.0,1039,53.050613,308.12695,0.01861111,9.462041,1,0
848,2177,671295.0,3022665.0,2158,36.90127,216.42477,-0.00027777778,10.22443,3,1
1075,2267,673995.0,3015855.0,2448,33.905567,197.31165,0.014166667,12.341387,1,0
615,1662,655845.0,3029655.0,1578,38.23952,2.1210938,-0.00055555557,8.986511,1,0
1264,1387,647595.0,3010185.0,413,37.09327,319.02197,-0.00055555557,11.33046,2,1
915,867,631995.0,3020655.0,1216,37.14925,209.66672,-0.004166667,7.773081,1,1
981,2388,677625.0,3018675.0,3445,41.753986,276.163,0.0055555557,9.218531,1,0
871,2243,673275.0,3021975.0,3022,59.78286,178.8876,0.006111111,8.341264,3,1
723,1269,644055.0,3026415.0,1098,22.817959,97.96961,-0.005,10.759201,1,0
870,2248,673425.0,3022005.0,3071,59.0994,199.06754,0.020833334,9.621274,3,1
601,2032,666945.0,3030075.0,3334,46.20847,167.074,-0.00055555557,7.858811,1,0
1098,1901,663015.0,3015165.0,1587,24.636114,162.55281,-0.0033333334,7.581975,1,1
329,1526,651765.0,3038235.0,1400,47.288074,262.92966,0.016111111,8.919665,1,0
838,1252,643545.0,3022965.0,707,29.686934,164.74487,0.00055555557,9.31027,1,0
796,667,625995.0,3024225.0,1374,29.16385,203.31094,-0.0025,7.3856955,1,1
1064,1583,653475.0,3016185.0,671,40.53547,137.3695,0.0055555557,9.1560955,1,1
907,1007,636195.0,3020895.0,1567,40.013393,68.14578,0.003611111,10.235442,2,1
733,658,625725.0,3026115.0,1701,48.136196,138.63295,-0.008333334,7.385849,1,1
871,932,633945.0,3021975.0,1812,26.088673,312.2409,0.00055555557,10.155517,2,0
1088,2230,672885.0,3015465.0,2116,37.743576,165.66457,0.0055555557,11.375933,1,0
720,2052,667545.0,3026505.0,2648,36.812073,322.23694,0.008055556,9.289405,1,0
792,1339,646155.0,3024345.0,623,19.355728,67.693794,-0.0013888889,12.492936,1,0
218,840,631185.0,3041565.0,3193,46.78158,127.36343,0.0013888889,8.12646,1,0
504,1228,642825.0,3032985.0,2377,43.570774,176.98721,0.015277778,9.2502,1,0
31,1391,647715.0,3047175.0,1165,33.711746,173.18564,-0.00083333335,9.691947,1,1
871,2242,673245.0,3021975.0,3021,56.32991,182.22705,0.009166666,8.593399,3,1
595,877,632295.0,3030255.0,1570,37.08322,233.06693,-0.004166667,9.16177,2,1
870,2156,670665.0,3022005.0,1819,49.096264,108.95818,-0.00083333335,10.269836,3,1
373,1994,665805.0,3036915.0,2113,43.396847,294.1932,0.016944444,11.686698,1,0
473,1063,637875.0,3033915.0,2378,33.38247,162.71082,-0.0027777778,7.9126654,1,0
1128,711,627315.0,3014265.0,1050,55.5501,185.90614,-0.00027777778,8.217268,1,1
37,1393,647775.0,3046995.0,1031,35.934917,171.40408,-0.0013888889,10.259737,1,1
875,2245,673335.0,3021855.0,2907,32.856266,193.05002,0.009444444,11.993178,3,1
642,1559,652755.0,3028845.0,1644,33.55939,116.88693,0.0052777776,8.822245,1,1
23,1403,648075.0,3047415.0,1485,57.383068,190.29118,-0.008888889,8.1477785,1,1
82,621,624615.0,3045645.0,5057,33.91678,42.488636,-0.0033333334,10.243823,1,0
669,1575,653235.0,3028035.0,1782,32.7811,79.56252,-0.003888889,7.935615,1,1
1226,1770,659085.0,3011325.0,898,26.233862,108.74134,0.0,10.601099,1,1
169,908,633225.0,3043035.0,3479,41.134327,240.25511,-0.0075,8.883654,1,0
306,920,633585.0,3038925.0,3264,42.00674,141.009,-0.0033333334,8.852981,1,0
247,1834,661005.0,3040695.0,3548,25.38549,343.1562,0.007222222,9.493747,1,0
694,1970,665085.0,3027285.0,1905,26.604792,188.1301,0.0016666667,9.573251,1,1
506,397,617895.0,3032925.0,2129,35.27939,223.09085,-0.006666667,9.094323,1,1
825,1726,657765.0,3023355.0,1021,27.177357,283.13403,0.0011111111,8.8553295,1,0
738,661,625815.0,3025965.0,1530,30.906363,155.75407,0.0011111111,12.628698,1,1
871,2152,670545.0,3021975.0,1971,61.354267,113.472565,-0.003611111,9.529927,3,1
1005,45,607335.0,3017955.0,2359,28.565994,125.02794,-0.00083333335,9.202137,1,0
33,1400,647985.0,3047115.0,1115,43.039867,193.41618,0.0063888887,10.006364,1,1
25,1394,647805.0,3047355.0,1328,40.3944,171.55247,0.0052777776,9.448764,1,1
1131,1277,644295.0,3014175.0,636,46.148056,345.63,0.003888889,8.959534,2,0
1085,2399,677955.0,3015555.0,2876,35.676434,204.33388,0.0063888887,12.694432,1,1
889,1410,648285.0,3021435.0,1791,27.331488,16.389542,-0.0019444445,9.947333,1,0
1135,718,627525.0,3014055.0,814,37.813328,158.2557,0.008055556,11.026222,1,1
321,882,632445.0,3038475.0,3339,44.1149,175.56352,0.0019444445,8.21959,1,0
169,1347,646395.0,3043035.0,1804,28.84547,108.983215,0.003888889,8.785093,1,0
674,1749,658455.0,3027885.0,1948,36.229122,199.2593,-0.0019444445,7.1134543,1,0
569,1856,661665.0,3031035.0,1573,35.737576,166.60751,-0.0016666667,8.740937,1,1
952,873,632175.0,3019545.0,1436,36.176914,227.30907,0.0025,9.600273,1,1
649,74,608205.0,3028635.0,3273,49.956486,173.97,-0.0027777778,7.7271233,1,0
624,665,625935.0,3029385.0,2651,39.9549,75.89464,-0.0019444445,9.544369,1,0
687,1821,660615.0,3027495.0,1767,32.322765,257.06195,0.0030555555,8.6464,1,0
759,676,626265.0,3025335.0,1460,26.808334,256.65128,0.0019444445,9.787545,1,1
560,1933,663975.0,3031305.0,1987,48.003746,186.24525,-0.0013888889,8.643262,1,1
1199,2027,666795.0,3012135.0,725,9.046032,263.991,0.010833333,10.249375,1,0
1203,1599,653955.0,3012015.0,1812,29.12575,152.86009,-0.0011111111,8.080406,1,0
485,998,635925.0,3033555.0,2056,28.454283,358.2376,-0.004722222,9.024464,1,0
760,681,626415.0,3025305.0,1524,26.126318,260.2176,0.006666667,12.302289,1,1
51,2191,671715.0,3046575.0,4166,36.69665,281.93817,-0.0044444446,8.4826765,1,0
1228,765,628935.0,3011265.0,611,41.841175,308.57654,-0.004166667,8.704642,1,0
190,633,624975.0,3042405.0,4347,56.08943,231.13968,0.020833334,8.197014,1,0
44,1401,648015.0,3046785.0,857,33.855537,180.35587,0.023611112,11.620451,1,1
731,661,625815.0,3026175.0,1687,49.78091,150.90617,0.008055556,8.58064,1,1
927,2287,674595.0,3020295.0,2266,29.793257,216.11934,0.02638889,17.272648,3,1
596,1792,659745.0,3030225.0,1319,18.523306,68.860176,-0.00055555557,9.505315,1,0
979,353,616575.0,3018735.0,2256,16.859516,161.56505,0.00083333335,8.689394,1,0
1123,511,621315.0,3014415.0,1657,36.07288,54.30994,-0.0027777778,8.505474,1,1
815,940,634185.0,3023655.0,2370,11.485371,208.1416,-0.0069444445,9.089173,2,0
1078,542,622245.0,3015765.0,1267,20.63028,27.699474,-0.0033333334,8.472436,1,0
806,660,625785.0,3023925.0,1129,45.660866,186.5463,0.0052777776,8.571084,1,1
1175,344,616305.0,3012855.0,1841,21.925253,332.90445,0.00055555557,10.420482,1,0
581,1959,664755.0,3030675.0,2258,25.156319,242.52557,0.0016666667,10.330787,1,1
1149,222,612645.0,3013635.0,1772,38.074356,90.609505,0.008055556,9.531442,1,1
961,2087,668595.0,3019275.0,1875,32.990482,143.35075,0.00055555557,9.632348,1,0
449,376,617265.0,3034635.0,2750,37.395073,85.93663,-0.021944445,7.0710306,1,0
1257,1307,645195.0,3010395.0,1020,56.5029,163.66396,-0.007777778,8.335532,2,0
536,1985,665535.0,3032025.0,2359,23.833218,305.78897,0.006666667,9.411176,1,1
576,1330,645885.0,3030825.0,1705,32.782192,139.19766,0.0075,8.851864,1,0
897,920,633585.0,3021195.0,1761,23.930893,124.28688,-0.0052777776,8.307959,2,0
662,1980,665385.0,3028245.0,2365,33.61241,175.32584,-0.0019444445,9.408023,1,0
407,640,625185.0,3035895.0,2610,34.506065,120.60641,-0.005,9.479765,1,1
518,1998,665925.0,3032565.0,2787,30.818052,182.80246,0.0058333334,10.209364,1,0
323,1900,662985.0,3038415.0,1936,13.262676,188.1301,0.009166666,11.192019,1,1
537,1981,665415.0,3031995.0,2323,16.705326,271.59113,0.0058333334,18.874893,1,1
44,1405,648135.0,3046785.0,881,36.699226,190.30484,0.006111111,9.494184,1,1
928,2140,670185.0,3020265.0,1706,65.597206,106.58513,0.013888889,6.7051764,3,1
289,1908,663225.0,3039435.0,2508,26.969057,163.3457,0.0055555557,10.250594,1,0
195,757,628695.0,3042255.0,4531,38.778393,237.71114,-0.0030555555,8.11991,1,0
203,728,627825.0,3042015.0,4778,23.374487,340.86636,-0.008333334,7.641238,1,0
609,1045,637335.0,3029835.0,2597,20.912285,295.16788,-0.00055555557,9.15074,1,0
476,2026,666765.0,3033825.0,3281,42.404522,329.57422,-0.015,7.5862656,1,1
169,44,607305.0,3043035.0,4829,15.701672,348.02386,-0.0058333334,8.071373,1,0
973,2295,674835.0,3018915.0,2526,34.066864,214.9631,-0.010555555,7.886797,1,0
585,854,631605.0,3030555.0,1583,31.745842,225.0,0.0069444445,8.891938,2,1
1266,1390,647685.0,3010125.0,480,30.025824,317.3373,0.0075,10.486155,2,1
1117,689,626655.0,3014595.0,1397,48.77199,125.489044,-0.0130555555,7.7689576,1,0
1087,113,609375.0,3015495.0,1951,33.711746,83.185646,0.0013888889,9.509625,1,0
954,2250,673485.0,3019485.0,1888,25.254932,340.9249,0.010555555,18.02701,1,1
395,1390,647685.0,3036255.0,1161,41.083855,121.71513,0.007777778,9.337417,1,1
1249,2335,676035.0,3010635.0,2415,24.793056,291.70544,0.0022222223,11.717897,1,0
913,879,632355.0,3020715.0,1290,27.662298,216.59662,0.014166667,10.392768,1,1
926,2283,674475.0,3020325.0,2282,40.578407,198.43495,0.0027777778,10.289558,3,1
590,1701,657015.0,3030405.0,1248,22.801882,103.76079,0.010833333,9.278381,1,1
795,668,626025.0,3024255.0,1395,29.497541,202.97694,0.00055555557,8.065205,1,1
913,867,631995.0,3020715.0,1253,33.695232,213.78937,-0.0058333334,8.306277,1,1
1047,1518,651525.0,3016695.0,979,32.38775,189.83356,0.0025,9.337039,1,0
909,890,632685.0,3020835.0,1430,39.794296,199.88516,0.011944445,9.470023,2,1
135,604,624105.0,3044055.0,4960,14.833526,167.27563,-0.0030555555,8.131034,1,0
411,646,625365.0,3035775.0,2453,36.531048,110.065704,0.011666667,11.820918,1,1
906,917,633495.0,3020925.0,1647,14.251517,228.9909,0.01,11.217355,2,0
803,1824,660705.0,3024015.0,1372,25.239403,135.0,0.0069444445,9.952329,1,1
277,1555,652635.0,3039795.0,1015,33.78996,32.79953,-0.0022222223,8.302697,1,0
615,1735,658035.0,3029655.0,1635,22.315878,275.82635,0.0025,9.079182,1,0
1248,494,620805.0,3010665.0,1405,27.62504,127.23483,0.011111111,10.340282,1,0
925,2283,674475.0,3020355.0,2307,45.416622,199.17902,0.0030555555,10.083689,3,1
903,879,632355.0,3021015.0,1528,27.38759,205.7407,-0.013333334,8.153175,1,1
527,1332,645945.0,3032295.0,2277,19.77322,45.93919,0.0,9.211746,1,0
341,1093,638775.0,3037875.0,3267,25.020393,271.023,-0.00083333335,10.049282,1,0
936,740,628185.0,3020025.0,668,24.426874,90.525635,0.021666666,9.788868,1,1
23,1408,648225.0,3047415.0,1494,54.710262,193.29857,0.008888889,7.843054,1,1
1106,1330,645885.0,3014925.0,540,25.597967,103.06932,-0.003611111,8.231438,2,0
201,767,628995.0,3042075.0,4506,25.844336,215.19391,0.003888889,8.913588,1,0
1075,1259,643755.0,3015855.0,480,35.785774,192.3492,-0.0016666667,7.8228726,2,0
960,1311,645315.0,3019305.0,1628,36.544914,285.98962,0.00055555557,8.200525,1,0
184,188,611625.0,3042585.0,4109,65.37576,99.12053,0.011111111,8.324852,1,0
1172,1271,644115.0,3012945.0,1102,22.384172,334.21268,0.00055555557,10.174404,2,0
955,2247,673395.0,3019455.0,1862,35.558987,195.89952,0.011388889,9.217523,1,1
913,865,631935.0,3020715.0,1226,36.353203,218.10257,0.00027777778,9.188356,1,1
965,634,625005.0,3019155.0,1451,34.512943,152.96915,-0.00083333335,7.87007,1,1
26,1394,647805.0,3047325.0,1305,38.49212,174.58813,-0.0025,9.596492,1,1
572,1857,661695.0,3030945.0,1499,32.66056,164.15692,0.0058333334,9.549679,1,1
580,1959,664755.0,3030705.0,2265,25.074553,230.7824,0.0027777778,9.35367,1,1
1245,785,629535.0,3010755.0,930,23.91028,49.57392,-0.0052777776,9.002077,1,0
506,394,617805.0,3032925.0,2082,29.763136,223.22853,0.004722222,9.5584955,1,1
304,1461,649815.0,3038985.0,777,24.395979,110.43283,0.0025,11.987526,1,0
979,475,620235.0,3018735.0,1293,40.62858,155.9245,-0.0016666667,8.054194,1,1
25,1398,647925.0,3047355.0,1324,47.62198,205.20113,0.013888889,9.601114,1,1
353,1197,641895.0,3037515.0,3111,25.411135,21.614777,0.003888889,9.492592,1,0
546,1641,655215.0,3031725.0,1275,41.7018,160.0398,0.0069444445,10.849605,1,0
251,1055,637635.0,3040575.0,3440,26.108324,206.7829,-0.012777777,7.515591,1,0
707,1965,664935.0,3026895.0,1687,18.777298,160.67682,0.011111111,12.100754,1,1
608,1983,665475.0,3029865.0,2971,36.436268,298.30075,-0.015277778,7.10588,1,1
405,642,625245.0,3035955.0,2585,35.26814,111.42529,0.0011111111,10.239872,1,1
1138,943,634275.0,3013965.0,1696,24.377777,327.77124,-0.0013888889,9.20336,1,0
733,660,625785.0,3026115.0,1646,50.1345,145.20398,0.011388889,7.720812,1,1
1217,372,617145.0,3011595.0,2313,29.445509,351.51105,-9.215718e-19,10.706383,1,0
385,1375,647235.0,3036555.0,1476,28.07539,151.03235,0.003888889,10.426614,1,1
378,1370,647085.0,3036765.0,1741,53.37732,147.39272,-0.0022222223,7.6043243,1,1
842,2189,671655.0,3022845.0,2504,42.59805,231.62404,0.0011111111,9.083562,3,1
693,1967,664995.0,3027315.0,1939,47.13256,165.21132,0.0063888887,8.337323,1,1
910,1003,636075.0,3020805.0,1679,37.516983,64.269295,0.00027777778,8.676062,2,1
904,1007,636195.0,3020985.0,1541,25.239403,81.869896,0.016111111,13.248165,2,1
847,2181,671415.0,3022695.0,2235,51.338017,200.48898,0.007777778,9.623852,3,1
22,1398,647925.0,3047445.0,1457,62.904537,183.91158,0.0125,8.078143,1,1
843,1739,658155.0,3022815.0,1205,28.650333,298.7151,0.007222222,9.198635,1,0
1022,118,609525.0,3017445.0,1499,8.710355,112.380135,0.010277778,19.18077,1,0
341,2238,673125.0,3037875.0,4427,41.288597,279.28357,-0.024444444,6.932311,1,0
975,1569,653055.0,3018855.0,1510,32.790924,126.05462,0.003888889,8.340704,1,1
701,238,613125.0,3027075.0,2563,41.324368,194.82648,-0.00055555557,9.415958,1,0
761,1971,665115.0,3025275.0,1687,52.248287,205.82098,0.009166666,9.031545,1,1
473,2025,666735.0,3033915.0,3183,36.159176,347.15228,0.0125,8.725454,1,1
647,947,634395.0,3028695.0,1451,31.962982,275.74866,-0.004166667,9.913103,2,0
230,1438,649125.0,3041205.0,938,27.62504,9.162346,0.0011111111,10.445643,1,0
740,664,625905.0,3025905.0,1483,23.863337,183.2397,0.0075,9.697436,1,1
954,806,630165.0,3019485.0,1176,25.75761,286.55707,-0.008888889,7.5311556,1,0
31,1394,647805.0,3047175.0,1162,38.661324,179.4032,0.0027777778,9.915856,1,1
1268,126,609765.0,3010065.0,3039,19.370844,5.4403305,0.004166667,11.143539,1,0
780,943,634275.0,3024705.0,2257,14.656794,292.47943,0.0030555555,15.412486,2,0
1266,1952,664545.0,3010125.0,737,22.259779,337.87366,0.0069444445,12.630151,1,0
501,398,617925.0,3033075.0,2199,33.782772,219.44005,0.006111111,8.302969,1,1
770,1982,665445.0,3025005.0,1753,6.926249,239.03624,0.0063888887,18.235424,1,1
644,564,622905.0,3028785.0,2209,29.330193,215.3401,0.003888889,10.905246,1,0
1027,1239,643155.0,3017295.0,756,34.947132,253.72614,-0.0055555557,11.031939,2,0
405,641,625215.0,3035955.0,2607,34.947132,106.273865,-0.0052777776,10.20526,1,1
860,2161,670815.0,3022305.0,1804,10.451643,198.43495,0.011666667,19.76687,3,1
511,2125,669735.0,3032775.0,3679,35.102276,259.75592,0.0055555557,10.450813,1,0
140,332,615945.0,3043905.0,4160,26.596851,161.56505,-0.0052777776,7.494155,1,0
283,244,613305.0,3039615.0,3574,26.284132,115.48413,0.0027777778,7.507845,1,0
868,2157,670695.0,3022065.0,1812,34.62941,109.74683,0.0025,10.430669,3,1
1236,229,612855.0,3011025.0,2532,28.862091,343.7571,-0.0052777776,8.09126,1,0
408,644,625305.0,3035865.0,2511,37.229126,111.21797,0.0063888887,10.90568,1,1
787,201,612015.0,3024495.0,2178,32.934334,66.89819,-0.006666667,7.2366,1,0
350,1920,663585.0,3037605.0,2350,23.015577,248.7204,-0.009166666,8.351689,1,0
1199,2207,672195.0,3012135.0,1266,12.4551,215.78897,0.010277778,9.698858,1,0
589,1701,657015.0,3030435.0,1253,25.275618,105.875946,0.0027777778,8.93909,1,1
250,1483,650475.0,3040605.0,710,21.760624,76.10881,0.0063888887,10.856246,1,0
782,1392,647745.0,3024645.0,944,22.134386,276.46982,-0.0025,10.099829,1,0
26,1406,648165.0,3047325.0,1357,57.35288,190.76999,0.009166666,8.659764,1,1
832,881,632415.0,3023145.0,1908,46.942383,139.73744,-0.007777778,8.120835,2,1
306,1567,652995.0,3038925.0,1307,26.950413,310.34665,-0.0033333334,15.62899,1,0
954,875,632235.0,3019485.0,1446,43.179188,236.59218,0.007222222,7.964608,1,1
1082,1830,660885.0,3015645.0,1581,28.101503,247.03622,0.0030555555,12.64472,1,0
62,1939,664155.0,3046245.0,2389,30.3326,72.5973,-0.014722222,7.3383393,1,0
584,22,606645.0,3030585.0,3689,18.995941,218.11827,-0.0013888889,9.478225,1,0
611,843,631275.0,3029775.0,1245,44.723812,165.37912,0.006111111,9.856558,2,1
1182,1197,641895.0,3012645.0,1123,45.10752,77.29061,0.014722222,10.165937,2,1
846,2174,671205.0,3022725.0,2168,39.222748,207.34988,-0.009722223,7.0054398,3,1
1211,79,608355.0,3011775.0,2805,31.712091,79.9025,-0.012222222,7.283817,1,0
929,2137,670095.0,3020235.0,1865,41.96032,145.57352,-0.024444444,6.9086995,3,1
1081,1903,663075.0,3015675.0,1698,16.583153,107.92792,-0.0063888887,8.013752,1,0
514,750,628485.0,3032685.0,2168,42.179546,120.69264,-0.010833333,7.594154,1,0
27,1403,648075.0,3047295.0,1303,45.35563,185.19443,0.007777778,8.176275,1,1
251,921,633615.0,3040575.0,3804,22.556679,283.33923,-0.004166667,8.374121,1,0
1038,1966,664965.0,3016965.0,2041,30.847542,165.8668,-0.0022222223,10.901341,1,1
626,751,628515.0,3029325.0,1861,34.84063,31.787254,0.0030555555,8.550994,2,0
255,2154,670605.0,3040455.0,3792,34.062824,14.635727,0.0022222223,9.273243,1,0
180,360,616785.0,3042705.0,3915,16.260204,233.1301,0.0022222223,9.826298,1,0
813,1189,641655.0,3023715.0,1490,43.86475,141.68932,-0.0052777776,7.940645,2,1
1109,18,606525.0,3014835.0,2671,19.836792,353.3675,-0.005,9.208265,1,0
326,1896,662865.0,3038325.0,1922,28.48122,143.74615,0.011111111,8.512516,1,1
704,2175,671235.0,3026985.0,3384,38.810715,214.01935,-0.005,7.7132893,3,0
23,1395,647835.0,3047415.0,1393,61.39178,179.21875,0.021666666,8.498751,1,1
737,282,614445.0,3025995.0,2635,28.556126,115.38791,0.0022222223,7.4107876,1,0
761,678,626325.0,3025275.0,1486,24.03728,268.39398,0.00055555557,10.3824005,1,1
409,53,607575.0,3035835.0,4193,29.131199,11.645973,0.00083333335,10.52253,1,0
1155,1643,655275.0,3013455.0,1973,20.119555,70.74071,0.0,8.499749,1,0
971,2202,672045.0,3018975.0,1767,37.98202,206.97528,0.009166666,8.841616,1,1
322,45,607335.0,3038445.0,4384,36.544914,195.98964,-0.0016666667,8.711351,1,0
1261,1388,647625.0,3010275.0,376,32.12739,320.92456,0.005,7.2676654,2,1
295,330,615885.0,3039255.0,3849,14.763133,55.304848,-0.0033333334,8.136009,1,0
56,760,628785.0,3046425.0,4216,20.60712,77.19573,-8.6736174e-19,10.91601,1,0
438,330,615885.0,3034965.0,2657,39.880062,231.07246,-0.00055555557,9.815287,1,1
1135,271,614115.0,3014055.0,2009,22.928053,333.68735,-0.0055555557,8.35594,1,0
609,1984,665505.0,3029835.0,2999,30.444931,289.4626,-0.020555556,7.3338466,1,1
26,1408,648225.0,3047325.0,1375,51.288536,195.89282,0.009166666,8.527009,1,1
1064,1584,653505.0,3016185.0,655,37.51943,138.96031,0.003888889,9.369121,1,1
766,1460,649785.0,3025125.0,1773,32.08644,188.0224,0.003888889,9.215163,1,1
568,2268,674025.0,3031065.0,3846,31.586962,174.94617,0.0030555555,9.080465,1,0
638,1909,663255.0,3028965.0,2375,40.756924,289.48615,0.007222222,10.712251,1,0
298,460,619785.0,3039165.0,3903,23.736837,257.4123,-0.0022222223,9.415734,1,0
609,1983,665475.0,3029835.0,2976,39.919273,275.14276,-0.011944445,7.67383,1,1
386,1320,645585.0,3036525.0,2322,41.517097,146.9083,-0.009722223,7.617419,1,1
847,2175,671235.0,3022695.0,2154,35.5553,209.70346,0.0013888889,9.536112,3,1
931,2136,670065.0,3020175.0,1847,41.987823,140.63594,-0.027777778,8.987175,3,1
380,1371,647115.0,3036705.0,1645,53.562683,145.52779,0.006111111,8.57839,1,1
812,1188,641625.0,3023745.0,1529,40.030758,143.47115,-0.007222222,7.6698775,2,1
510,396,617865.0,3032805.0,2038,27.82082,201.29736,0.016944444,10.907349,1,1
785,1025,636735.0,3024555.0,3052,31.712091,259.9025,0.0013888889,9.229727,2,0
560,1685,656535.0,3031305.0,1027,28.35609,325.6965,0.009166666,11.180322,1,0
710,1963,664875.0,3026805.0,1680,25.034388,344.4759,0.021944445,10.55947,1,1
930,1350,646485.0,3020205.0,1848,18.445688,257.00537,-0.0030555555,8.998995,1,0
1012,1906,663165.0,3017745.0,1764,23.275278,266.1121,0.007777778,9.255439,1,0
939,741,628215.0,3019935.0,654,18.868801,135.0,0.008055556,7.876017,1,1
882,2244,673305.0,3021645.0,2780,32.96783,222.91743,0.0052777776,7.9284663,3,1
706,1588,653625.0,3026925.0,2190,29.219484,356.5834,-0.00027777778,10.4279375,1,0
593,875,632235.0,3030315.0,1563,37.89631,227.16925,-0.0016666667,9.82553,2,1
447,1924,663705.0,3034695.0,1932,42.111874,199.10309,0.0025,11.763193,1,1
322,1897,662895.0,3038445.0,1982,47.12615,140.33632,0.007777778,8.337548,1,1
786,1506,651165.0,3024525.0,2330,29.460201,204.8637,-0.007777778,7.373579,1,0
439,334,616005.0,3034935.0,2731,44.207672,242.99591,-0.0022222223,7.523203,1,1
949,2245,673335.0,3019635.0,2005,37.88357,156.3179,-9.215718e-19,7.0534,1,1
831,881,632415.0,3023175.0,1931,41.751503,130.45624,-0.014166667,8.525471,2,1
402,640,625185.0,3036045.0,2642,26.180178,121.13031,0.0013888889,10.077371,1,1
773,204,612105.0,3024915.0,1890,39.444233,20.454155,-0.0027777778,6.997555,1,0
1034,1089,638655.0,3017085.0,964,43.907722,322.38605,0.003888889,8.226826,2,0
1152,1792,659745.0,3013545.0,995,8.18616,259.992,0.0125,17.157164,1,0
780,781,629415.0,3024705.0,901,56.668476,153.29453,0.027222222,9.155924,1,0
849,1724,657705.0,3022635.0,1089,26.158981,255.25644,0.0030555555,10.604398,1,0
926,2284,674505.0,3020325.0,2289,42.993706,188.99925,0.0016666667,8.25878,3,1
1055,1083,638475.0,3016455.0,1340,29.37051,62.67611,0.0011111111,9.323148,2,0
324,1900,662985.0,3038385.0,1932,10.555381,259.69516,0.009166666,17.81399,1,1
922,767,628995.0,3020445.0,814,31.501045,135.0,-0.0033333334,10.182441,1,0
38,1390,647685.0,3046965.0,1014,39.374134,189.94058,-0.003611111,9.995781,1,1
927,2140,670185.0,3020295.0,1716,63.48662,91.07194,0.021944445,7.2056036,3,1
607,842,631245.0,3029895.0,1404,56.306053,160.35687,0.003611111,8.794971,2,1
35,1399,647955.0,3047055.0,1063,37.21584,183.14496,0.0033333334,9.475415,1,1
88,1106,639165.0,3045465.0,2360,27.204933,70.09625,0.015277778,12.159199,1,0
888,875,632235.0,3021465.0,1376,19.193518,312.08917,0.0016666667,10.690845,1,0
703,1971,665115.0,3027015.0,1742,27.80607,185.44034,0.004722222,10.620291,1,1
1269,36,607065.0,3010035.0,2729,26.194838,153.869,-0.006666667,8.204922,1,0
760,675,626235.0,3025305.0,1442,25.844336,261.5911,0.003611111,12.363575,1,1
932,2144,670305.0,3020145.0,1561,29.445509,121.10881,0.0055555557,9.165937,3,1
911,1005,636135.0,3020775.0,1649,35.599457,53.997143,0.0052777776,12.378335,2,1
152,1603,654075.0,3043545.0,1835,27.888504,26.161568,-0.009444444,7.4387536,1,0
888,1149,640455.0,3021465.0,1240,20.262512,69.51964,0.0022222223,9.878341,2,0
1130,713,627375.0,3014205.0,965,49.714455,178.1785,0.0130555555,8.0233755,1,1
740,1943,664275.0,3025905.0,1686,25.663694,258.49518,0.00027777778,10.368563,1,0
215,1656,655665.0,3041655.0,2698,22.373844,238.24052,-0.008055556,7.69001,1,0
415,1767,658995.0,3035655.0,1430,23.118393,161.21138,-0.004166667,11.437754,1,0
648,1311,645315.0,3028665.0,1007,28.835768,50.52754,0.0011111111,8.497812,1,0
538,1981,665415.0,3031965.0,2326,30.3326,296.20013,0.004722222,8.724633,1,1
961,1688,656625.0,3019275.0,1121,12.50651,61.99082,0.0019444445,13.160341,1,0
1034,743,628275.0,3017085.0,876,28.509525,209.90842,0.003611111,10.74493,1,0
36,1402,648045.0,3047025.0,1051,42.415802,194.79675,0.0044444446,8.279017,1,1
744,1906,663165.0,3025785.0,1716,17.901361,120.20324,0.0016666667,10.705032,1,0
912,879,632355.0,3020745.0,1309,35.167503,195.43343,0.0063888887,9.349782,1,1
23,1401,648015.0,3047415.0,1450,61.469448,202.78958,0.005,7.2915506,1,1
1240,988,635625.0,3010905.0,1559,49.609695,147.15494,0.007777778,7.3339343,1,0
1251,2185,671535.0,3010575.0,1415,27.3679,292.2296,0.003888889,14.17261,1,0
767,1460,649785.0,3025095.0,1755,28.338955,191.1363,0.006666667,9.499279,1,1
567,1567,652995.0,3031095.0,769,25.137218,37.785736,0.011666667,11.272636,1,0
404,1339,646155.0,3035985.0,1891,34.021374,118.77981,0.0063888887,11.322495,1,0
1112,2400,677985.0,3014745.0,2613,35.11364,211.42957,0.005,10.098994,1,0
759,675,626235.0,3025335.0,1446,26.259827,254.32048,0.0011111111,9.906809,1,1
905,879,632355.0,3020955.0,1487,38.794186,197.49576,-0.0058333334,7.71388,1,1
28,1402,648045.0,3047265.0,1277,39.975117,186.2773,-0.0063888887,9.543653,1,1
1282,608,624225.0,3009645.0,1392,22.703045,45.0,-0.0052777776,9.61969,1,0
698,2209,672255.0,3027165.0,3565,19.721672,109.69862,-0.017222222,7.828281,3,0
801,1366,646965.0,3024075.0,678,33.11078,257.82855,-0.013888889,7.2298603,1,0
1144,1793,659775.0,3013785.0,1022,18.962318,157.16635,0.008055556,12.252722,1,1
509,398,617925.0,3032835.0,2083,40.737705,208.30075,-0.0022222223,9.590786,1,1
721,1541,652215.0,3026475.0,2565,41.85535,179.73352,-0.0013888889,8.298679,1,0
872,2155,670635.0,3021945.0,1830,48.916965,110.40988,0.0011111111,10.099226,3,1
920,2277,674295.0,3020505.0,2510,61.821648,179.74422,0.0025,7.2768426,3,1
41,1390,647685.0,3046875.0,920,48.86706,193.68225,-0.0025,9.802491,1,1
736,661,625815.0,3026025.0,1566,34.218582,162.89728,0.0022222223,10.078321,1,1
980,254,613605.0,3018705.0,2420,19.513674,177.97864,-0.008611111,7.8397603,1,0
832,883,632475.0,3023145.0,1866,38.40606,146.14288,0.0063888887,8.980536,2,1
1172,1498,650925.0,3012945.0,1182,28.994446,313.17203,-0.0025,8.085803,1,0
839,1419,648555.0,3022935.0,1162,55.10409,340.82782,-0.011666667,9.876134,1,1
1286,271,614115.0,3009525.0,2250,37.61935,201.5713,-0.00055555557,11.311421,1,0
507,399,617955.0,3032895.0,2138,34.066864,214.9631,-0.006111111,9.758599,1,1
607,844,631305.0,3029895.0,1387,55.152355,176.34073,0.0030555555,7.538964,2,1
30,1392,647745.0,3047205.0,1182,36.59076,182.57336,0.0069444445,9.990613,1,1
1232,1902,663045.0,3011145.0,720,22.54033,96.340195,-0.004166667,9.76122,1,0
908,1011,636315.0,3020865.0,1512,11.038532,109.98311,0.01861111,17.441664,2,1
1196,1640,655185.0,3012225.0,1359,25.067574,115.88027,0.0013888889,9.508139,1,0
1086,2396,677865.0,3015525.0,2831,38.63097,191.4271,0.010833333,10.071093,1,1
580,1960,664785.0,3030705.0,2277,26.316483,240.19525,0.004166667,10.214474,1,1
916,2316,675465.0,3020625.0,2900,37.210026,212.90524,0.006111111,11.555067,3,1
37,1389,647655.0,3046995.0,1034,38.523506,178.50046,0.0013888889,10.208471,1,1
743,664,625905.0,3025815.0,1449,22.993742,160.49756,0.005,13.164932,1,1
36,1390,647685.0,3047025.0,1059,35.807552,177.68294,-0.0019444445,10.019296,1,1
148,1099,638955.0,3043665.0,2217,41.314156,111.70054,0.010277778,8.030024,1,0
479,2168,671025.0,3033735.0,3591,28.149267,351.4913,0.0069444445,11.488222,1,0
583,1312,645345.0,3030615.0,1633,53.540905,208.30075,0.00055555557,7.5983562,1,0
838,1418,648525.0,3022965.0,1105,54.049957,352.3596,0.007777778,7.867397,1,1
619,1314,645405.0,3029535.0,732,29.43749,196.29404,-0.0016666667,8.067652,1,1
924,2278,674325.0,3020385.0,2327,50.378265,169.46533,0.003611111,8.559456,3,1
368,2204,672105.0,3037065.0,3832,33.191906,307.23483,0.013611111,9.791718,1,0
1045,1968,665025.0,3016755.0,1928,26.737617,200.83337,0.006111111,12.820748,1,1
855,2162,670845.0,3022455.0,1851,35.534103,138.31094,0.02111111,9.084909,3,1
930,761,628815.0,3020205.0,736,50.372906,146.2551,-0.0025,7.306883,1,0
928,2241,673215.0,3020265.0,2178,26.668177,112.94894,0.012222222,11.101966,3,1
180,217,612495.0,3042705.0,3940,30.788511,269.59933,-0.00027777778,10.264604,1,0
921,2277,674295.0,3020475.0,2458,59.891586,176.25958,0.0063888887,7.643748,3,1
25,1401,648015.0,3047355.0,1358,53.94331,193.15094,0.011944445,8.094455,1,1
307,1435,649035.0,3038895.0,1255,23.110508,117.315605,-0.003611111,7.653945,1,0
473,2024,666705.0,3033915.0,3182,31.119059,353.6598,0.0025,9.098845,1,1
186,1130,639885.0,3042525.0,2894,34.846405,348.95905,0.00083333335,8.550778,1,0
320,1896,662865.0,3038505.0,2065,53.910397,142.15555,-0.0022222223,7.872518,1,1
303,1767,658995.0,3039015.0,2874,41.99942,172.0199,-0.003888889,8.986769,1,0
1219,1996,665865.0,3011535.0,696,16.723558,250.55997,0.016666668,10.084269,1,0
1093,760,628785.0,3015315.0,542,26.443644,58.706963,0.00055555557,9.698072,1,0
598,877,632295.0,3030165.0,1526,35.056744,232.72183,0.00083333335,9.795724,2,1
736,1271,644115.0,3026025.0,899,54.090908,138.17982,-0.00055555557,7.172745,1,1
771,304,615105.0,3024975.0,2272,24.899193,78.084854,0.0011111111,10.134854,1,0
43,1402,648045.0,3046815.0,888,44.696915,183.62149,0.01,9.21087,1,1
539,1979,665355.0,3031935.0,2300,33.5906,287.52557,-8.6736174e-19,8.310237,1,1
869,843,631275.0,3022035.0,1210,46.85546,181.34262,-0.03638889,6.7375817,1,1
840,865,631935.0,3022905.0,1809,22.425419,181.7357,-0.0069444445,8.380602,2,0
436,331,615915.0,3035025.0,2705,39.86463,233.93059,0.0019444445,9.467527,1,1
32,1399,647955.0,3047145.0,1139,40.650597,185.84892,0.0027777778,9.0342455,1,1
852,2189,671655.0,3022545.0,2352,36.52151,309.06256,0.017222222,9.500663,3,1
245,1891,662715.0,3040755.0,3010,46.07263,227.60257,-0.00055555557,7.8635564,1,0
976,475,620235.0,3018825.0,1357,40.898643,149.98163,0.00055555557,8.73781,1,1
474,1998,665925.0,3033885.0,2834,31.712091,280.0975,0.0030555555,9.229727,1,0
769,1506,651165.0,3025035.0,2423,15.423245,295.0169,-0.0055555557,8.090176,1,0
145,1367,646995.0,3043755.0,2131,32.456936,21.522598,0.0019444445,8.8643675,1,0
76,956,634665.0,3045825.0,4182,23.195068,103.495735,0.00027777778,10.540235,1,0
497,393,617775.0,3033195.0,2169,35.79667,243.583,0.0025,8.515619,1,1
1186,250,613485.0,3012525.0,2034,26.762796,38.290165,-0.0019444445,10.888133,1,0
1227,1771,659115.0,3011295.0,879,22.86209,108.43495,0.004722222,9.0522995,1,1
638,424,618705.0,3028965.0,1954,46.104416,37.83469,0.0016666667,8.373272,1,0
758,687,626595.0,3025365.0,1612,28.386038,252.96223,0.0025,8.804166,1,1
915,2139,670155.0,3020655.0,1823,69.96707,121.202614,0.033333335,7.179793,3,1
896,690,626685.0,3021225.0,736,27.568243,61.38954,0.009722223,9.937232,1,1
879,804,630105.0,3021735.0,989,57.251884,161.56505,-0.011944445,7.7473507,1,1
639,830,630885.0,3028935.0,1384,29.752645,45.590656,0.0016666667,8.460308,2,0
541,673,626175.0,3031875.0,1765,11.179986,71.56505,0.0013888889,19.753954,1,0
351,54,607605.0,3037575.0,4061,36.380356,232.35239,-0.0016666667,7.8010697,1,1
1151,1235,643035.0,3013575.0,759,33.20787,148.53586,0.006111111,9.93421,2,1
137,958,634725.0,3043995.0,4383,23.21271,57.699585,-0.0011111111,7.649012,1,0
161,1319,645555.0,3043275.0,2436,54.642628,175.08162,-0.006111111,7.8455563,1,0
766,950,634485.0,3025125.0,2301,25.303156,325.04935,0.0022222223,10.729605,2,0
1085,2396,677865.0,3015555.0,2860,43.810314,187.98932,0.003888889,9.839666,1,1
386,1321,645615.0,3036525.0,2303,45.192177,140.7106,-0.003611111,8.181981,1,1
40,1399,647955.0,3046905.0,961,33.191906,180.36493,-0.0027777778,9.999356,1,1
927,2138,670125.0,3020295.0,1881,57.5935,91.212425,-0.050555557,6.3479156,3,1
476,2028,666825.0,3033825.0,3294,36.812923,355.20987,-0.0058333334,8.478443,1,1
1149,223,612675.0,3013635.0,1750,36.97818,84.920395,0.003888889,9.651092,1,1
1058,1273,644175.0,3016365.0,801,22.735386,199.15561,-0.0016666667,9.751637,2,0
279,2063,667875.0,3039735.0,3593,23.251844,250.1593,-0.011111111,7.6471276,1,0
32,1395,647835.0,3047145.0,1137,38.423,176.38611,0.0025,9.978458,1,1
1154,1889,662655.0,3013485.0,1429,40.55427,138.15794,0.004722222,8.3445015,1,1
895,2203,672075.0,3021255.0,2508,41.053356,187.97504,-0.006666667,8.732356,3,1
881,806,630165.0,3021675.0,851,56.4224,164.2723,0.020555556,8.338583,1,1
858,1958,664725.0,3022365.0,2332,37.969353,328.0919,-0.007777778,7.743459,1,0
465,2025,666735.0,3034155.0,3037,32.451366,322.45428,0.018333333,13.28101,1,1
431,436,619065.0,3035175.0,3130,34.646954,326.30994,-0.011944445,7.865065,1,0
22,1396,647865.0,3047445.0,1465,65.47403,180.0,-0.008055556,8.214957,1,1
1111,1441,649215.0,3014775.0,1069,29.634174,121.827446,0.004722222,10.005559,1,0
527,1681,656415.0,3032295.0,1365,36.620102,162.3777,0.008888889,10.927813,1,1
35,1629,654855.0,3047055.0,1803,37.922546,147.66982,0.006666667,9.131438,1,0
351,53,607575.0,3037575.0,4043,36.678623,229.53777,0.0027777778,8.195651,1,1
910,1004,636105.0,3020805.0,1657,36.297882,65.17946,0.0055555557,9.883527,2,1
28,1391,647715.0,3047265.0,1231,47.51269,179.12532,0.016111111,8.911798,1,1
1038,1968,665025.0,3016965.0,2031,37.34572,194.87096,0.020555556,10.5068035,1,1
178,127,609795.0,3042765.0,4304,29.502869,36.616753,0.0016666667,11.76629,1,0
600,743,628275.0,3030105.0,1624,27.097435,59.67639,0.011666667,13.818108,2,0
307,6,606165.0,3038895.0,4368,33.154594,203.29456,-0.0011111111,7.2281895,1,1
1072,812,630345.0,3015945.0,1008,22.589323,299.389,0.0033333334,11.113353,1,0
1127,1453,649575.0,3014295.0,753,34.747955,141.3402,-0.0025,10.212673,1,0
394,1393,647775.0,3036285.0,1119,36.700085,146.39876,0.0125,9.175698,1,1
219,1438,649125.0,3041535.0,848,34.70821,156.98244,0.016666668,10.536928,1,1
1130,711,627315.0,3014205.0,973,45.918694,173.04704,0.0055555557,8.849762,1,1
978,477,620295.0,3018765.0,1289,36.141422,149.48474,0.0030555555,9.196108,1,1
37,1401,648015.0,3046995.0,1019,37.544674,189.3602,0.008055556,10.803292,1,1
915,864,631905.0,3020655.0,1176,34.34312,212.04242,0.004166667,10.679787,1,1
877,532,621945.0,3021795.0,1499,7.54315,294.14554,0.0016666667,11.021405,1,0
219,1439,649155.0,3041535.0,846,26.720285,173.34558,0.009166666,9.973689,1,1
1296,25,606735.0,3009225.0,2386,13.964881,58.706963,0.0125,14.410601,1,0
531,1978,665325.0,3032175.0,2418,35.239048,193.29857,-0.0022222223,8.941667,1,1
1213,128,609825.0,3011715.0,2663,18.56595,45.0,-0.007222222,8.992022,1,0
601,770,629085.0,3030075.0,1412,40.143513,19.330124,0.004166667,9.169961,2,0
784,1403,648075.0,3024585.0,1085,24.434134,268.42346,-0.0030555555,9.200746,1,0
763,347,616395.0,3025215.0,1863,24.68443,157.61987,-0.0030555555,8.272899,1,0
568,1857,661695.0,3031065.0,1588,34.118263,184.93921,0.0075,8.983477,1,1
789,2128,669825.0,3024435.0,2857,39.556313,227.86241,-0.00027777778,7.6867166,3,0
758,668,626025.0,3025365.0,1345,28.878693,261.74747,0.003611111,11.674093,1,1
895,1893,662775.0,3021255.0,1904,18.456419,272.86243,0.0030555555,9.845669,1,0
517,1840,661185.0,3032595.0,1615,21.458923,338.87527,0.0030555555,10.038715,1,0
827,659,625755.0,3023295.0,770,11.499466,55.00798,0.015,21.494072,1,0
1284,757,628695.0,3009585.0,965,22.007975,359.40933,0.0025,10.347327,1,0
354,1317,645495.0,3037485.0,2246,33.474834,41.423664,-0.0013888889,9.0077715,1,0
1228,1779,659355.0,3011265.0,783,27.463104,102.030594,0.0013888889,9.759389,1,1
293,1448,649425.0,3039315.0,1000,19.689672,117.758545,-0.004166667,7.8300405,1,0
643,1559,652755.0,3028815.0,1636,33.20787,111.665955,0.0055555557,11.303697,1,1
246,1643,655275.0,3040725.0,2076,26.355219,198.13019,-0.006111111,7.504723,1,0
506,1243,643275.0,3032925.0,2504,39.54557,177.68628,0.009722223,9.558901,1,0
849,2184,671505.0,3022635.0,2260,45.65944,242.07848,0.0044444446,10.037471,3,1
757,1872,662145.0,3025395.0,1751,8.935632,212.00539,0.0013888889,14.643886,1,0
677,1268,644025.0,3027795.0,1401,30.680977,119.44543,-0.0019444445,7.324437,1,0
41,1392,647745.0,3046875.0,926,44.033234,179.01224,0.0025,10.203444,1,1
851,2173,671175.0,3022575.0,2051,45.947567,209.4584,0.0013888889,10.776646,3,1
597,877,632295.0,3030195.0,1540,37.716232,232.88313,-0.0011111111,9.362016,2,1
373,156,610665.0,3036915.0,3827,33.140713,171.55963,0.003888889,8.838157,1,0
954,2249,673455.0,3019485.0,1893,3.109633,57.52881,-0.009444444,9.715135,1,1
1160,684,626505.0,3013305.0,1463,28.577263,76.28265,-0.00083333335,9.894816,1,0
31,1390,647685.0,3047175.0,1168,34.794357,174.49452,-0.0025,9.731372,1,1
1046,1968,665025.0,3016725.0,1914,27.3679,202.22961,0.004166667,12.822162,1,1
30,1391,647715.0,3047205.0,1184,34.182537,173.6598,0.004166667,9.587197,1,1
73,1214,642405.0,3045915.0,2284,44.45514,93.65222,0.0075,8.207709,1,0
1152,1037,637095.0,3013545.0,1766,26.975267,24.676865,0.0044444446,11.859764,2,0
1075,240,613185.0,3015855.0,1359,21.19362,298.21735,0.006111111,7.749799,1,0
545,2272,674145.0,3031755.0,4028,26.644436,138.36646,0.003888889,8.878376,1,0
774,1560,652785.0,3024885.0,1610,28.81357,90.86805,0.0030555555,11.806836,1,0
851,586,623565.0,3022575.0,1318,16.75389,355.23636,-0.003611111,8.696054,1,0
660,960,634785.0,3028305.0,1540,31.245375,303.7992,-0.0030555555,11.6061735,2,0
993,1818,660525.0,3018315.0,1319,33.43711,192.01901,0.009722223,8.603738,1,1
599,881,632415.0,3030135.0,1570,36.69665,229.98936,0.0013888889,8.4826765,2,1
1130,710,627285.0,3014205.0,981,46.285442,179.31522,-0.008611111,8.549269,1,1
908,889,632655.0,3020865.0,1450,41.65131,192.99461,0.004722222,8.305847,2,1
992,2164,670905.0,3018345.0,1722,32.863873,6.6666565,0.004722222,9.185206,1,0
797,669,626055.0,3024195.0,1373,30.763853,203.51456,-0.003611111,7.3211436,1,1
325,1899,662955.0,3038355.0,1925,11.913719,260.90973,0.010555555,17.690752,1,1
29,1401,648015.0,3047235.0,1243,48.066143,195.85703,-0.0069444445,8.8923855,1,1
607,946,634365.0,3029895.0,1582,28.791342,319.30447,-0.00055555557,9.480477,2,0
343,574,623205.0,3037815.0,3848,30.465046,177.15787,0.004722222,8.942481,1,0
241,332,615945.0,3040875.0,3889,17.168642,100.0975,0.00027777778,10.279549,1,0
548,2315,675435.0,3031665.0,4149,12.092764,76.504265,-0.006666667,8.34301,1,0
25,1405,648135.0,3047355.0,1404,61.13191,185.93323,-0.004722222,8.404149,1,1
950,873,632175.0,3019605.0,1461,26.068996,234.0085,-0.0033333334,9.126767,1,1
705,776,629265.0,3026955.0,1474,36.46154,74.63154,-0.011111111,7.1049566,2,0
1152,491,620715.0,3013545.0,2160,27.319332,326.18176,-0.003611111,8.56156,1,0
820,655,625635.0,3023505.0,835,32.42126,199.14813,-4.3368087e-19,7.2563047,1,1
1058,244,613305.0,3016365.0,1230,32.960274,46.562225,0.0055555557,8.845046,1,0
1133,718,627525.0,3014115.0,861,41.198154,159.66739,0.004722222,9.014937,1,1
796,1821,660615.0,3024225.0,1474,27.951523,164.98163,0.004166667,14.274501,1,1
28,1404,648105.0,3047265.0,1274,41.733505,181.606,0.011111111,9.21925,1,1
1109,700,626985.0,3014835.0,1363,36.97818,207.69946,-0.003888889,7.7792892,1,0
763,1972,665145.0,3025215.0,1648,42.110058,220.88777,0.014722222,8.002057,1,1
912,865,631935.0,3020745.0,1242,34.255547,215.53769,0.003611111,11.057763,1,1
1033,341,616215.0,3017115.0,1487,50.99165,195.8657,0.0033333334,8.89429,1,1
200,1766,658965.0,3042105.0,2761,28.587118,23.428696,-0.0044444446,7.4095,1,0
251,2122,669645.0,3040575.0,4059,17.831476,106.55707,-0.00055555557,7.9366207,1,0
888,801,630015.0,3021465.0,754,40.283474,148.26334,0.023055555,9.047223,1,1
1082,2398,677925.0,3015645.0,2949,42.84282,184.1223,-0.0058333334,9.362673,1,1
399,1736,658065.0,3036135.0,1896,38.155197,113.43799,-0.007777778,7.0436296,1,0
840,1419,648555.0,3022905.0,1199,45.77907,337.5946,-0.018055556,10.142492,1,1
497,268,614025.0,3033195.0,3057,24.691576,46.4688,-0.0063888887,9.658864,1,0
275,988,635625.0,3039855.0,2751,16.91951,193.46521,0.01638889,16.327673,1,0
37,1398,647925.0,3046995.0,1017,35.657223,177.337,0.003888889,10.535656,1,1
718,2096,668865.0,3026565.0,3142,28.627886,179.56264,-0.00027777778,8.794102,1,0
952,869,632055.0,3019545.0,1384,29.305954,220.78583,0.0033333334,8.7661705,1,1
615,927,633795.0,3029655.0,1399,2.0527751,324.4623,0.0013888889,22.03775,2,0
323,1897,662895.0,3038415.0,1958,41.596264,140.33215,0.011111111,8.530926,1,1
31,1404,648105.0,3047175.0,1211,37.055557,190.81387,-0.008888889,9.648282,1,1
736,663,625875.0,3026025.0,1551,34.93278,162.64597,0.004722222,8.259884,1,1
596,872,632145.0,3030225.0,1466,36.49981,230.4836,0.004166667,10.047998,2,1
510,400,617985.0,3032805.0,2077,45.340096,198.73337,0.003888889,8.176817,1,1
37,1394,647805.0,3046995.0,1028,38.211464,171.78412,-0.00083333335,10.219663,1,1
845,2169,671055.0,3022755.0,2094,38.031807,231.0542,-0.010833333,8.43436,3,1
915,2131,669915.0,3020655.0,2093,42.599808,133.5312,-0.0011111111,9.188861,3,1
853,2191,671715.0,3022515.0,2406,38.286175,284.98987,0.015555556,10.371131,3,1
909,1693,656775.0,3020835.0,922,21.368793,82.04247,-0.0027777778,8.839371,1,0
760,683,626475.0,3025305.0,1557,27.094355,257.77487,0.0011111111,12.243289,1,1
507,401,618015.0,3032895.0,2159,32.40228,212.125,-0.004166667,9.559622,1,1
853,2190,671685.0,3022515.0,2387,37.005135,305.09583,0.009444444,9.387748,3,1
224,275,614235.0,3041385.0,4224,17.528368,171.6561,-4.3368087e-19,9.053516,1,0
738,1534,652005.0,3025965.0,2236,51.215984,183.8396,0.00055555557,8.529603,1,0
302,365,616935.0,3039045.0,3302,37.032887,91.58235,0.0069444445,9.030066,1,0
1177,1028,636825.0,3012795.0,1957,30.999071,161.81635,0.011111111,10.5307,1,0
760,1971,665115.0,3025305.0,1725,53.20934,202.72974,-0.00027777778,8.30359,1,1
32,1392,647745.0,3047145.0,1143,35.28782,174.25584,-0.0025,10.143833,1,1
852,2177,671295.0,3022545.0,2113,32.312656,281.01385,0.0030555555,11.403631,3,1
1097,884,632505.0,3015195.0,1329,30.444931,289.4626,0.0,9.279757,1,0
576,1560,652785.0,3030825.0,957,26.374552,48.406445,-0.0011111111,10.871171,1,0
1133,712,627345.0,3014115.0,881,43.427917,182.27045,0.006666667,9.1598835,1,1
701,1969,665055.0,3027075.0,1789,38.714302,176.42368,-0.004166667,9.421484,1,1
951,2247,673395.0,3019575.0,1942,39.102337,151.8584,-0.0030555555,7.702879,1,1
1288,192,611745.0,3009465.0,2641,37.32263,130.56734,0.0013888889,8.459947,1,0
438,331,615915.0,3034965.0,2676,39.208843,233.30568,0.0013888889,10.18399,1,1
30,1397,647895.0,3047205.0,1192,46.17738,181.37483,0.00055555557,10.0193815,1,1
307,1909,663255.0,3038895.0,2207,25.253208,147.99461,0.0019444445,9.951704,1,0
978,2052,667545.0,3018765.0,1999,25.915703,84.09386,0.0044444446,11.187683,1,0
244,879,632355.0,3040785.0,3041,10.924911,193.73627,-0.0125,8.447353,1,0
35,1403,648075.0,3047055.0,1084,42.050583,196.09082,0.0063888887,8.291825,1,1
36,1396,647865.0,3047025.0,1045,35.98343,170.75389,-0.0011111111,10.257956,1,1
1064,349,616455.0,3016185.0,1046,33.490524,40.914383,-0.0019444445,8.314029,1,0
568,1446,649365.0,3031065.0,663,37.41231,119.35776,0.0069444445,8.456701,1,1
905,882,632445.0,3020955.0,1502,38.57466,190.8403,-0.0019444445,8.41488,2,1
1041,1000,635985.0,3016875.0,1410,33.383522,193.15753,0.011388889,9.927528,2,1
107,1726,657765.0,3044895.0,1820,36.871593,270.6366,0.006111111,9.574922,1,0
717,1852,661545.0,3026595.0,2324,25.521795,223.58557,-0.0013888889,9.151144,1,0
577,2232,672945.0,3030795.0,3691,30.25262,164.67308,0.0033333334,11.710992,3,0
35,1395,647835.0,3047055.0,1071,36.396103,169.57928,-0.0025,10.198389,1,1
201,222,612645.0,3042075.0,4083,28.14493,251.84729,-0.0027777778,10.423694,1,0
381,1282,644445.0,3036675.0,2806,10.024988,171.8699,0.0011111111,9.22841,1,0
1249,489,620655.0,3010635.0,1472,25.419674,117.688354,0.0011111111,10.031203,1,0
425,393,617775.0,3035355.0,2538,37.08573,255.96376,0.004722222,8.468532,1,0
26,1397,647895.0,3047325.0,1294,34.520798,181.7357,0.008055556,10.267672,1,1
709,1964,664905.0,3026835.0,1676,6.603755,329.74356,0.020833334,19.003311,1,1
32,1401,648015.0,3047145.0,1152,43.95485,204.23904,0.004722222,10.394234,1,1
769,471,620115.0,3025035.0,1396,15.1694565,357.35745,-0.0011111111,10.74664,1,0
24,1401,648015.0,3047385.0,1400,57.731697,198.24428,0.0130555555,7.7288733,1,1
1112,162,610845.0,3014745.0,1902,21.68305,38.19095,-0.0016666667,11.531352,1,0
239,2028,666825.0,3040935.0,3661,37.25566,175.60129,-0.015277778,8.685515,1,0
222,1228,642825.0,3041445.0,1857,39.710175,106.616646,0.003888889,10.651665,1,1
782,27,606795.0,3024645.0,3246,9.33363,59.534454,0.013333334,14.948456,1,0
381,1371,647115.0,3036675.0,1617,50.523136,136.1124,0.0027777778,7.99469,1,1
1217,259,613755.0,3011595.0,2466,16.49388,2.41951,-0.0027777778,9.405756,1,0
685,908,633225.0,3027555.0,1797,18.962318,284.03625,0.003888889,10.509752,2,0
1143,1685,656535.0,3013815.0,1687,18.286465,103.86103,-0.0055555557,7.9096756,1,0
916,720,627585.0,3020625.0,682,9.10675,207.89728,0.018333333,21.76176,1,0
1191,1195,641835.0,3012375.0,1212,37.877197,122.75366,0.007222222,7.7467766,2,1
878,807,630195.0,3021765.0,996,58.950573,163.38336,-0.010833333,6.988103,1,1
1271,1390,647685.0,3009975.0,602,38.316425,332.35403,-0.0055555557,7.7309885,2,1
1045,272,614145.0,3016755.0,1395,18.863588,180.0,0.0025,10.766686,1,1
410,646,625365.0,3035805.0,2461,31.4372,117.61303,0.009444444,11.929301,1,1
442,332,615945.0,3034845.0,2638,38.054672,231.48308,0.0013888889,10.091765,1,1
553,2363,676875.0,3031515.0,4113,29.338264,344.52136,0.004722222,9.170315,1,0
118,349,616455.0,3044565.0,4204,36.97565,112.44913,0.004722222,11.8224325,1,0
976,476,620265.0,3018825.0,1343,41.68437,149.95584,0.003611111,9.914124,1,1
735,1269,644055.0,3026055.0,953,37.782097,178.76802,0.00055555557,8.44335,1,1
610,843,631275.0,3029805.0,1275,49.269882,164.81699,0.008055556,9.648525,2,1
229,639,625155.0,3041235.0,4085,16.49388,256.1593,0.008333334,15.695008,1,0
850,2181,671415.0,3022605.0,2167,37.01355,256.5782,0.019722221,14.6206875,3,1
835,1037,637095.0,3023055.0,2502,21.954998,209.74487,0.0025,7.7109337,2,0
61,881,632415.0,3046275.0,4622,35.62974,359.3338,-0.009444444,8.234084,1,0
37,1403,648075.0,3046995.0,1034,42.46379,196.12456,-0.00027777778,8.6828,1,1
841,2070,668085.0,3022875.0,2789,32.105793,239.68878,-0.00027777778,8.87794,1,0
735,1272,644145.0,3026055.0,909,52.643467,143.2759,-0.0055555557,7.6309767,1,1
1221,1552,652545.0,3011475.0,1846,8.898507,64.798874,-0.007777778,8.656652,1,0
479,1030,636885.0,3033735.0,2176,50.152233,185.98816,0.005,8.924155,1,0
596,1071,638115.0,3030225.0,2773,24.983603,282.91782,0.00083333335,8.259199,1,0
26,832,630945.0,3047325.0,4423,28.468466,46.245365,-0.0075,9.206195,1,0
475,1807,660195.0,3033855.0,1515,28.946314,186.0542,-0.01,8.087786,1,0
384,1297,644895.0,3036585.0,2671,36.35408,149.37,-0.020833334,7.80203,1,0
28,1544,652305.0,3047265.0,1460,39.727886,285.70862,0.007222222,9.5524235,1,0
39,1469,650055.0,3046935.0,1316,34.811726,225.0,0.004166667,10.161508,1,0
979,477,620295.0,3018735.0,1272,35.60313,148.80753,-0.0013888889,8.522747,1,1
439,328,615825.0,3034935.0,2600,40.786034,229.30867,0.0033333334,9.658073,1,1
127,1852,661545.0,3044295.0,2654,17.968128,20.29757,0.003611111,11.4249735,1,0
236,2001,666015.0,3041025.0,3154,29.721136,236.30994,0.0013888889,10.764171,1,0
1144,1792,659745.0,3013785.0,1028,25.378645,141.4188,0.008611111,10.592668,1,1
937,738,628125.0,3019995.0,727,49.095154,89.37949,0.006111111,8.268395,1,1
38,1398,647925.0,3046965.0,997,32.522503,178.8767,0.0025,10.686391,1,1
229,1800,659985.0,3041235.0,3329,29.496208,45.0,0.005,10.080162,1,0
942,2151,670515.0,3019845.0,1451,32.89968,245.25064,0.0063888887,7.2379255,3,0
1042,1000,635985.0,3016845.0,1393,22.945995,169.79602,0.015555556,10.797415,2,1
304,670,626085.0,3038985.0,4022,34.85891,221.60507,0.003888889,10.496223,1,0
929,2136,670065.0,3020235.0,1871,30.37434,147.77873,0.0016666667,10.472163,3,1
542,169,611055.0,3031845.0,3897,32.990482,233.35075,0.0063888887,9.313894,1,0
129,562,622845.0,3044235.0,5511,31.313543,90.0,-0.011944445,8.685721,1,0
710,1862,661845.0,3026805.0,2411,10.05223,119.577835,-0.003888889,8.532493,1,0
39,1403,648075.0,3046935.0,983,36.066635,188.22281,0.006111111,9.19885,1,1
792,672,626145.0,3024345.0,1461,22.813942,213.69006,0.0025,9.054648,1,1
431,1203,642075.0,3035175.0,2814,21.83781,45.842525,0.00083333335,8.409991,1,0
511,398,617925.0,3032775.0,2036,32.52694,198.6717,0.011111111,7.9453797,1,1
873,58,607725.0,3021915.0,2497,38.07042,103.22307,0.0055555557,9.685734,1,0
1057,2151,670515.0,3016395.0,1354,32.636345,212.24246,0.023055555,9.039784,1,1
929,2242,673245.0,3020235.0,2158,23.021526,138.17982,0.015277778,15.651874,3,1
896,2204,672105.0,3021225.0,2481,41.767002,183.20949,0.0016666667,8.994929,3,1
1230,567,622995.0,3011205.0,1250,30.258982,158.1986,-0.0063888887,7.341289,1,0
873,2247,673395.0,3021915.0,2979,42.08581,221.63354,-0.0022222223,9.676884,3,1
236,2013,666375.0,3041025.0,3431,14.155488,97.59464,-0.013888889,8.179878,1,0
24,1403,648075.0,3047385.0,1441,59.43909,195.84857,-0.01,6.2755713,1,1
1238,993,635775.0,3010965.0,1580,58.516018,164.15501,0.0013888889,7.005199,1,1
847,2179,671355.0,3022695.0,2219,44.205048,215.93713,-0.014444444,6.8301473,3,1
557,2168,671025.0,3031395.0,3767,16.06708,104.23728,0.0058333334,12.377878,3,0
617,2028,666825.0,3029595.0,3162,22.709114,77.34744,0.0044444446,10.669215,1,0
1279,1602,654045.0,3009735.0,633,27.97491,131.82018,0.007222222,8.533722,2,1
323,1896,662865.0,3038415.0,1978,46.730206,138.17982,0.007222222,9.139858,1,1
688,406,618165.0,3027465.0,1747,41.50197,119.94568,-0.0030555555,8.311098,1,0
1155,1343,646275.0,3013455.0,669,16.20982,62.700428,0.00055555557,10.871028,2,0
160,724,627705.0,3043305.0,4684,55.6864,139.15129,0.0125,7.806699,1,0
619,1313,645375.0,3029535.0,725,24.475819,203.7495,0.004722222,8.687989,1,1
929,1120,639585.0,3020235.0,1610,24.029837,89.46454,-0.00027777778,10.443375,2,0
1062,1581,653415.0,3016245.0,753,48.578255,149.75873,0.0030555555,8.623075,1,1
1052,1943,664275.0,3016545.0,1941,27.755817,169.04593,0.0025,9.641588,1,0
405,639,625155.0,3035955.0,2635,25.419674,115.44175,0.004166667,10.724351,1,1
110,360,616785.0,3044805.0,4013,46.783337,115.26082,0.0075,6.740104,1,0
1058,271,614115.0,3016365.0,1206,47.004627,198.57571,0.0063888887,9.37142,1,1
1055,270,614085.0,3016455.0,1292,56.21032,197.52557,-0.0016666667,7.093841,1,1
1224,1573,653175.0,3011385.0,1742,17.470976,173.15723,0.0027777778,10.523346,1,0
915,865,631935.0,3020655.0,1189,37.146748,216.05054,0.0025,8.689463,1,1
1030,604,624105.0,3017205.0,829,40.84672,168.04024,-0.004722222,8.893792,1,0
733,661,625815.0,3026115.0,1631,42.0761,156.0375,0.010833333,9.612686,1,1
886,801,630015.0,3021525.0,816,51.595947,136.606,-0.009722223,7.2632384,1,1
295,1031,636915.0,3039255.0,2899,30.35032,114.376465,-0.010277778,8.947068,1,0
1235,189,611655.0,3011055.0,2615,13.409672,5.013115,-0.0013888889,14.768484,1,0
511,396,617865.0,3032775.0,2025,6.7958646,126.46924,0.029722223,21.302612,1,1
912,1007,636195.0,3020745.0,1623,39.355293,62.132996,0.0052777776,9.080161,2,1
854,2193,671775.0,3022485.0,2471,50.16518,279.20038,0.0075,9.019007,3,1
929,2142,670245.0,3020235.0,1634,37.026165,134.55238,0.00027777778,7.7775464,3,1
761,1095,638835.0,3025275.0,3054,14.491951,339.22775,-0.0058333334,8.155379,2,0
40,1395,647835.0,3046905.0,953,39.96327,181.99457,-0.0011111111,10.27496,1,1
599,876,632265.0,3030135.0,1500,29.626245,235.14554,0.00055555557,10.074873,2,1
339,529,621855.0,3037935.0,4364,33.28217,208.84265,0.00055555557,8.609626,1,0
1138,1346,646365.0,3013965.0,377,33.674564,6.102783,0.0052777776,9.916496,2,0
310,653,625575.0,3038805.0,3683,39.681797,218.88449,-0.0075,8.598549,1,0
848,2179,671355.0,3022665.0,2190,42.27869,197.60464,-0.0055555557,7.590677,3,1
391,1323,645675.0,3036375.0,2179,30.907587,141.21564,0.00083333335,8.924882,1,1
680,1104,639105.0,3027705.0,2810,17.274046,305.1807,-0.004166667,7.9704585,1,0
932,1760,658785.0,3020145.0,905,27.674204,289.01077,0.0022222223,8.140971,1,0
800,1823,660675.0,3024105.0,1416,24.75752,161.56505,0.0025,14.480141,1,1
509,401,618015.0,3032835.0,2121,44.09691,206.56505,-0.009722223,7.527071,1,1
1248,1900,662985.0,3010665.0,569,22.12599,135.0,0.008055556,10.96045,1,0
766,1019,636555.0,3025125.0,3009,16.453667,253.61046,-0.004722222,8.022043,2,0
913,2139,670155.0,3020715.0,1928,70.59506,112.160576,-0.0325,8.85003,3,1
913,1009,636255.0,3020715.0,1593,31.456144,65.87901,0.003888889,9.373271,2,1
235,325,615735.0,3041055.0,3953,3.1996014,26.565052,-0.00055555557,9.686555,1,0
503,229,612855.0,3033015.0,3658,35.432327,18.434952,-0.013888889,7.142757,1,0
594,881,632415.0,3030285.0,1641,34.56394,239.86829,0.0044444446,9.477602,2,1
761,666,625965.0,3025275.0,1313,25.239403,261.8699,0.00027777778,10.886638,1,1
1179,1184,641505.0,3012735.0,1321,36.645947,99.673355,0.009722223,11.78036,2,1
883,1587,653595.0,3021615.0,1418,24.627151,332.96915,-0.004166667,8.275536,1,0
1078,936,634065.0,3015765.0,2078,30.811903,254.60445,0.0013888889,9.516461,1,0
27,1073,638175.0,3047295.0,2742,30.4399,358.78113,0.0052777776,9.731943,1,0
1099,1945,664335.0,3015135.0,1428,20.38767,227.72632,0.0011111111,7.792193,1,0
59,696,626865.0,3046335.0,4246,26.340704,316.36392,0.003611111,8.603972,1,0
545,59,607755.0,3031755.0,4054,46.080467,109.45279,-0.0058333334,8.710581,1,0
1131,716,627465.0,3014175.0,936,44.19874,161.25452,-0.0022222223,9.774807,1,1
371,1796,659865.0,3036975.0,1956,32.570126,262.50415,-0.0019444445,8.349183,1,0
448,1598,653925.0,3034665.0,2439,29.668488,275.87738,0.0022222223,9.156868,1,0
1263,1387,647595.0,3010215.0,395,36.023743,319.64795,0.0022222223,10.065421,2,1
1099,1210,642285.0,3015135.0,960,22.866095,37.775684,-0.0030555555,8.358957,2,0
952,2246,673365.0,3019545.0,1927,40.87895,156.14954,0.0044444446,9.14397,1,1
1186,480,620385.0,3012525.0,2086,31.800396,126.25384,-0.00055555557,9.91943,1,0
992,1544,652305.0,3018345.0,1360,8.792413,207.25533,-0.0011111111,10.866064,1,0
1160,899,632955.0,3013305.0,1550,25.411135,344.74487,0.0030555555,11.438501,1,0
862,1185,641535.0,3022245.0,909,48.093254,183.21548,0.0125,8.773651,2,1
832,880,632385.0,3023145.0,1926,42.981712,144.46233,-0.01,7.566052,2,1
756,1675,656235.0,3025425.0,1568,27.568243,24.519646,0.00027777778,7.452326,1,0
723,1666,655965.0,3026415.0,1607,20.071596,97.206055,-0.003888889,9.19549,1,0
766,1459,649755.0,3025125.0,1772,30.732977,185.63068,-0.0013888889,9.401812,1,1
813,1191,641715.0,3023715.0,1445,45.40841,137.33052,0.006111111,9.732577,2,1
570,1915,663435.0,3031005.0,1866,31.03795,132.19363,-0.011111111,8.003434,1,0
338,1433,648975.0,3037965.0,996,18.871407,44.01224,-0.00083333335,10.273764,1,0
322,1898,662925.0,3038445.0,1963,41.053356,143.95247,0.010277778,8.732356,1,1
290,1040,637185.0,3039405.0,2750,25.03089,214.8245,0.014166667,10.997885,1,0
571,1580,653385.0,3030975.0,806,28.07539,179.10483,0.017222222,9.995831,1,1
1085,631,624915.0,3015555.0,925,26.756506,269.5265,0.00055555557,9.56665,1,0
451,1494,650805.0,3034575.0,1186,24.736162,294.0151,-0.007222222,7.5773735,1,0
910,1001,636015.0,3020805.0,1717,34.180534,60.603947,-0.00055555557,8.575672,2,1
734,661,625815.0,3026085.0,1608,39.438465,163.21735,0.007222222,9.770349,1,1
20,1397,647895.0,3047505.0,1564,54.585766,183.2269,0.0016666667,9.2339525,1,1
915,1002,636045.0,3020655.0,1754,27.72322,62.6223,-0.006111111,8.138892,2,1
594,878,632325.0,3030285.0,1598,32.634144,235.06906,-0.0025,9.194019,2,1
1160,1901,663015.0,3013305.0,1238,32.42126,218.07278,0.013333334,9.895362,1,0
761,677,626295.0,3025275.0,1472,26.185066,269.029,0.00027777778,10.345419,1,1
74,1070,638085.0,3045885.0,3113,41.360054,130.77777,-0.0033333334,9.009237,1,0
144,713,627375.0,3043785.0,4949,27.177357,76.865974,-0.006111111,8.162182,1,0
47,1399,647955.0,3046695.0,862,19.503696,359.32596,0.010277778,9.919755,1,1
1149,2211,672315.0,3013635.0,1617,13.644181,129.4278,-4.3368087e-19,13.0933485,1,0
1235,992,635745.0,3011055.0,1727,49.515186,158.7284,-0.015277778,6.6441283,1,1
89,1541,652215.0,3045435.0,904,21.322422,343.8866,-0.0022222223,7.743146,1,0
789,217,612495.0,3024435.0,2068,30.65119,25.84439,-0.0011111111,8.018769,1,0
1096,570,623085.0,3015225.0,1287,35.17882,111.8643,-0.0025,7.8452854,1,0
253,1505,651135.0,3040515.0,941,26.064075,193.79948,-0.008333334,7.5175467,1,0
933,1260,643785.0,3020115.0,832,25.358091,276.56268,0.004722222,10.32166,2,0
1144,481,620415.0,3013785.0,2041,29.422777,17.63179,0.0033333334,9.860011,1,0
452,742,628245.0,3034545.0,2426,34.111217,113.56883,-0.009722223,7.191982,1,0
594,854,631605.0,3030285.0,1445,23.015577,158.7204,0.014444444,13.659957,2,1
736,162,610845.0,3026025.0,2099,37.09327,23.032753,0.0055555557,9.279189,1,0
654,1547,652395.0,3028485.0,1940,37.897102,37.60599,-0.008611111,10.188407,1,0
30,57,607695.0,3047205.0,5411,11.804834,113.498566,0.009722223,10.565045,1,0
31,1393,647775.0,3047175.0,1162,36.40921,180.3237,0.0025,9.940082,1,1
404,644,625305.0,3035985.0,2567,34.835815,137.42633,-0.003611111,9.110788,1,1
408,643,625275.0,3035865.0,2532,38.0893,111.51861,0.006111111,10.807199,1,1
277,804,630105.0,3039795.0,3482,57.492554,59.349335,-0.0025,8.143566,1,0
872,196,611865.0,3021945.0,2326,35.60313,95.677414,0.016111111,9.082363,1,0
398,1016,636465.0,3036165.0,2489,29.42144,325.8403,0.0044444446,8.761454,1,0
38,1402,648045.0,3046965.0,1003,36.823143,189.9341,0.0030555555,8.883537,1,1
493,184,611505.0,3033315.0,3736,23.893396,106.38954,0.004722222,14.801207,1,0
969,2277,674295.0,3019035.0,2308,27.892908,271.3532,-0.011388889,8.131715,1,0
935,23,606675.0,3020055.0,2170,23.345373,77.17122,-0.0022222223,9.588545,1,0
1045,1669,656055.0,3016755.0,798,22.721245,354.2894,-0.0125,9.282327,1,0
321,1895,662835.0,3038475.0,2052,51.202805,144.8193,0.007777778,7.6827765,1,1
915,2314,675405.0,3020655.0,2908,41.008476,192.17145,0.003888889,8.888088,3,1
446,1924,663705.0,3034725.0,1957,41.982937,201.45656,0.0033333334,11.759935,1,1
225,951,634515.0,3041355.0,3833,29.640778,119.38061,0.004166667,9.312143,1,0
868,2153,670575.0,3022065.0,2008,64.18202,117.75316,-0.0375,6.7694707,3,1
972,416,618465.0,3018945.0,1998,43.215782,146.94418,-0.0011111111,8.944158,1,0
20,1404,648105.0,3047505.0,1601,54.904354,162.09555,0.0025,7.1427145,1,1
435,333,615975.0,3035055.0,2768,43.936123,229.55995,-0.0030555555,9.478597,1,1
941,1700,656985.0,3019875.0,931,13.45695,352.99872,-0.00027777778,10.535083,1,0
282,1289,644655.0,3039645.0,2214,34.78953,57.739647,0.00055555557,8.5528965,1,0
737,661,625815.0,3025995.0,1547,31.792282,159.1284,0.0013888889,10.225128,1,1
938,741,628215.0,3019965.0,659,15.7475,124.1597,0.009444444,21.199284,1,1
935,738,628125.0,3020055.0,733,51.243553,94.604485,-0.00083333335,9.221765,1,1
173,1111,639315.0,3042915.0,2696,21.441378,342.7185,-0.0027777778,7.73703,1,0
806,1823,660675.0,3023925.0,1370,28.999937,88.70783,0.0058333334,11.304453,1,1
937,739,628155.0,3019995.0,694,43.390736,84.94275,0.009444444,8.650358,1,1
1123,77,608295.0,3014415.0,2245,36.07288,144.30994,-0.0075,7.8123264,1,0
146,2136,670065.0,3043725.0,3836,24.842672,267.42084,-0.0011111111,9.970386,1,0
908,891,632715.0,3020865.0,1468,41.95114,199.77888,-0.0013888889,8.700781,2,1
731,657,625695.0,3026175.0,1755,32.051098,170.0362,-0.007777778,10.566461,1,1
589,1571,653115.0,3030435.0,1162,40.369972,358.8767,-0.003611111,8.756481,1,0
918,2314,675405.0,3020565.0,2839,35.717525,212.21655,0.007777778,11.632048,3,1
29,1405,648135.0,3047235.0,1253,36.995876,191.80707,0.009166666,9.650449,1,1
377,1370,647085.0,3036795.0,1771,51.55755,147.15091,0.006666667,7.6700797,1,1
755,2056,667665.0,3025455.0,2471,36.40921,210.18654,0.0022222223,7.8000154,1,0
424,2131,669915.0,3035385.0,3375,34.34213,329.9951,0.01,12.336608,1,0
954,2246,673365.0,3019485.0,1877,37.239082,164.74487,0.022222223,11.1875515,1,1
1136,719,627555.0,3014025.0,787,30.109472,162.867,0.011944445,11.952463,1,1
437,331,615915.0,3034995.0,2691,38.748264,232.59465,0.00083333335,9.794963,1,1
904,116,609465.0,3020985.0,2399,33.62797,142.12502,0.008055556,10.100581,1,0
930,2140,670185.0,3020205.0,1642,58.88681,132.96187,0.04611111,7.906911,3,1
838,1420,648585.0,3022965.0,1134,56.82809,336.22766,-0.0022222223,8.574485,1,1
1022,704,627105.0,3017445.0,721,38.645397,164.58777,0.004166667,9.105495,1,1
871,2249,673455.0,3021975.0,3059,52.14973,221.58733,0.009444444,9.189247,3,1
363,1693,656775.0,3037215.0,2578,47.593502,201.19406,0.0022222223,8.5035,1,0
702,988,635625.0,3027045.0,2154,24.990618,317.89856,0.0011111111,10.6567745,2,0
871,2250,673485.0,3021975.0,3085,48.823006,225.59065,-0.00055555557,7.7671614,3,1
128,926,633765.0,3044265.0,4236,36.952866,140.84457,0.0033333334,8.473356,1,0
886,1315,645435.0,3021525.0,1176,23.386118,334.9164,-0.0027777778,7.6406813,1,0
761,673,626175.0,3025275.0,1417,25.104176,275.10217,-0.0022222223,10.605087,1,1
96,1142,640245.0,3045225.0,2019,41.298824,316.92194,0.009166666,10.693151,1,0
572,450,619485.0,3030945.0,2046,45.821384,105.499275,0.004166667,8.383157,1,0
40,1394,647805.0,3046905.0,952,41.857815,179.20058,0.0030555555,10.208136,1,1
973,473,620175.0,3018915.0,1460,48.93007,142.67241,0.008055556,9.497991,1,1
51,264,613905.0,3046575.0,4832,53.52246,66.19881,0.0011111111,7.886711,1,0
627,2369,677055.0,3029295.0,3936,10.683508,300.52972,-0.00055555557,10.549678,1,0
1230,966,634965.0,3011205.0,1887,29.176079,270.0,-0.005,8.771488,1,0
432,1641,655215.0,3035145.0,2138,16.931477,120.42578,0.0011111111,10.294315,1,0
913,1003,636075.0,3020715.0,1715,36.261776,50.06942,-0.0011111111,12.343368,2,1
586,857,631695.0,3030525.0,1623,32.96783,222.91743,-0.013333334,7.235319,2,1
910,1008,636225.0,3020805.0,1583,39.51043,58.639053,-0.0022222223,7.688348,2,1
185,2034,667005.0,3042555.0,4064,51.14049,64.12315,0.006666667,8.37815,1,0
1179,165,610935.0,3012735.0,2377,27.319332,326.18176,0.0025,9.947854,1,0
820,654,625605.0,3023505.0,827,34.801113,206.71866,-0.00083333335,9.245612,1,1
955,708,627225.0,3019455.0,751,71.608,132.75426,-0.019722221,7.0875754,1,1
831,880,632385.0,3023175.0,1947,37.109165,139.46716,-0.0125,8.179999,2,1
608,843,631275.0,3029865.0,1346,54.031292,167.60274,0.016111111,9.37216,2,1
847,2180,671385.0,3022695.0,2229,48.61968,195.10754,-0.007222222,9.073602,3,1
855,2193,671775.0,3022455.0,2480,46.544193,285.57254,0.0025,8.540226,3,1
854,2192,671745.0,3022485.0,2436,44.433945,289.359,0.019444445,9.712527,3,1
88,1513,651375.0,3045465.0,1050,57.60202,142.73622,0.012777777,7.4461994,1,0
758,677,626295.0,3025365.0,1479,27.440487,252.72826,0.0011111111,10.096827,1,1
38,1400,647985.0,3046965.0,998,31.88016,183.45662,0.0027777778,10.609471,1,1
409,646,625365.0,3035835.0,2471,25.719103,120.11373,0.005,11.404075,1,1
953,874,632205.0,3019515.0,1440,41.2726,234.2726,0.0033333334,7.6260214,1,1
595,874,632205.0,3030255.0,1515,36.22647,229.15129,0.00055555557,10.003923,2,1
1225,1771,659115.0,3011355.0,889,24.766413,106.79837,0.00055555557,8.269133,1,1
213,140,610185.0,3041715.0,4522,31.40756,112.89055,0.008055556,10.128948,1,0
784,839,631155.0,3024585.0,1434,34.919376,336.8014,0.0075,12.604187,2,0
300,712,627345.0,3039105.0,3923,31.674768,106.47688,0.0055555557,11.4596615,1,0
1227,1776,659265.0,3011295.0,834,26.180178,121.13031,-0.0063888887,8.205568,1,1
924,659,625755.0,3020385.0,1341,28.513767,20.658913,-0.003888889,7.4125495,1,0
616,1315,645435.0,3029625.0,789,30.33893,167.24997,-0.011666667,7.338086,1,1
280,521,621615.0,3039705.0,4366,34.529633,253.10135,-0.0058333334,7.8694463,1,0
77,495,620835.0,3045795.0,5724,8.159015,305.53766,-0.02111111,8.744707,1,0
429,2230,672885.0,3035235.0,4180,20.887276,148.3925,0.0016666667,8.8643675,1,0
760,668,626025.0,3025305.0,1345,26.995434,266.2483,-0.0025,12.367216,1,1
705,1970,665085.0,3026955.0,1717,11.999139,268.8767,0.018055556,18.342972,1,1
814,1572,653145.0,3023685.0,1743,31.765596,28.979706,-0.004722222,7.2817297,1,0
578,1963,664875.0,3030765.0,2348,39.66119,230.71059,0.0025,8.088455,1,1
1268,1390,647685.0,3010065.0,518,43.929165,338.4287,0.011388889,9.784222,2,1
539,292,614745.0,3031935.0,3482,12.814237,351.57303,-0.009722223,8.283195,1,0
1039,231,612915.0,3016935.0,1556,44.897175,150.43343,-0.008611111,7.499131,1,0
535,1976,665265.0,3032055.0,2313,32.584496,190.1378,0.013888889,8.859456,1,1
1218,1396,647865.0,3011565.0,505,25.67042,265.5251,-0.0011111111,10.425421,2,0
799,667,625995.0,3024135.0,1324,28.69514,210.66457,0.00027777778,8.503631,1,1
819,655,625635.0,3023535.0,854,34.327232,196.66576,-0.00055555557,9.129785,1,1
844,2263,673875.0,3022785.0,3721,29.0698,192.99461,0.003888889,10.333996,3,0
815,1194,641805.0,3023655.0,1353,40.14558,142.22432,0.005,10.904489,2,1
793,668,626025.0,3024315.0,1428,26.849054,212.90524,-0.008888889,8.86949,1,1
1271,750,628485.0,3009975.0,813,33.889248,37.438572,0.01,9.27978,1,0
46,1403,648075.0,3046725.0,863,11.927252,345.1414,0.003888889,9.966641,1,1
837,1417,648495.0,3022995.0,1066,49.917675,354.7692,0.0025,10.156247,1,1
815,2311,675315.0,3023655.0,3805,15.809441,122.988525,-0.0022222223,9.162787,3,0
309,365,616935.0,3038835.0,3300,34.267513,94.55995,0.00055555557,9.958702,1,0
1062,1165,640935.0,3016245.0,938,26.888113,96.132225,-0.0019444445,8.867799,2,0
156,264,613905.0,3043425.0,4665,32.268787,112.503525,-0.0125,7.2621922,1,0
27,1104,639105.0,3047295.0,2747,19.632889,14.198555,0.008888889,10.605757,1,0
897,2204,672105.0,3021195.0,2456,36.852913,188.31027,0.0025,9.287919,3,1
134,255,613635.0,3044085.0,4528,40.5442,234.91652,0.0013888889,6.9585624,1,0
604,1897,662895.0,3029985.0,2147,33.587482,251.33769,-0.0058333334,7.211742,1,0
554,242,613245.0,3031485.0,3748,27.887035,52.678963,-0.0016666667,9.836711,1,0
712,1273,644175.0,3026745.0,1156,23.964565,186.45882,0.0058333334,9.9158125,1,0
1143,1138,640125.0,3013815.0,1612,20.357067,335.44955,-0.00083333335,9.873271,2,0
1167,325,615735.0,3013095.0,2111,47.480648,103.027435,-0.0022222223,9.01828,1,0
287,1773,659175.0,3039495.0,3156,15.104355,351.11932,-0.00027777778,9.210703,1,0
854,2164,670905.0,3022485.0,1863,19.23932,236.68936,0.0125,15.5733,3,1
508,2055,667635.0,3032865.0,3235,43.41239,88.73818,0.012777777,8.244136,1,0
900,2154,670605.0,3021105.0,1644,52.926975,81.30869,0.021944445,7.620703,3,1
594,871,632115.0,3030285.0,1484,35.577393,213.5975,0.0013888889,9.970615,2,1
1240,343,616275.0,3010905.0,2482,21.83781,332.10272,-0.00055555557,8.409991,1,0
504,398,617925.0,3032985.0,2169,30.109472,230.24713,-0.006111111,10.055344,1,1
971,433,618975.0,3018975.0,1840,44.572433,132.25739,-0.0033333334,9.456378,1,0
303,1397,647895.0,3039015.0,1746,26.491676,110.556046,0.008055556,11.1363325,1,0
802,664,625905.0,3024045.0,1248,35.45088,212.57407,0.0025,8.933831,1,1
150,1996,665865.0,3043605.0,3511,38.61197,342.69946,0.0013888889,10.610769,1,0
27,1405,648135.0,3047295.0,1307,50.309757,189.75548,0.016944444,9.013874,1,1
306,1071,638115.0,3038925.0,2880,25.597967,283.06934,0.0030555555,9.147729,1,0
141,1704,657105.0,3043875.0,1940,30.720612,337.75098,-0.004166667,7.3228617,1,0
591,911,633315.0,3030375.0,1954,11.179986,161.56505,-0.010277778,8.423691,2,0
606,841,631215.0,3029925.0,1464,57.25357,156.8014,-0.00027777778,7.054139,2,1
295,705,627135.0,3039255.0,4130,15.563207,141.07245,-0.0030555555,8.773833,1,0
528,1681,656415.0,3032265.0,1346,38.195072,151.53484,0.005,9.121639,1,1
383,191,611715.0,3036615.0,3642,19.632889,194.19855,-0.0027777778,8.931781,1,0
917,860,631785.0,3020595.0,1093,27.029505,231.6325,0.016666668,11.649785,1,1
1031,343,616275.0,3017175.0,1594,53.84379,193.02077,-0.01861111,6.4886646,1,1
817,1349,646455.0,3023595.0,476,20.312227,328.81503,0.007777778,10.791964,1,0
504,397,617895.0,3032985.0,2153,32.990482,233.35075,-0.0019444445,9.537038,1,1
594,876,632265.0,3030285.0,1565,36.30404,230.98495,-0.0013888889,10.748299,2,1
310,1835,661035.0,3038805.0,2902,36.71723,90.32008,-0.009722223,8.194244,1,0
911,2140,670185.0,3020775.0,1889,70.94582,111.617676,0.013611111,8.378359,3,1
41,11,606315.0,3046875.0,4997,19.333025,164.14807,0.0033333334,12.454984,1,0
505,2035,667035.0,3032955.0,3405,27.319332,250.68814,0.00083333335,9.7655325,1,0
617,1316,645465.0,3029595.0,764,31.294437,146.74564,-0.006666667,7.3001785,1,1
567,1449,649455.0,3031095.0,632,29.239792,135.0,0.00055555557,10.215796,1,1
930,116,609465.0,3020205.0,2035,26.585728,122.763885,-0.0011111111,9.691865,1,0
817,650,625485.0,3023595.0,861,39.409584,182.61575,0.003611111,9.078229,1,1
956,710,627285.0,3019425.0,607,37.653328,152.32793,0.028333334,10.527436,1,1
40,1392,647745.0,3046905.0,958,46.848484,172.81946,-0.0025,10.07003,1,1
979,1327,645795.0,3018735.0,1786,23.345373,239.22597,0.007222222,9.722075,1,0
217,531,621915.0,3041595.0,4656,18.910439,48.945187,-0.00027777778,8.566792,1,0
1282,525,621735.0,3009645.0,1729,39.73284,43.375023,-0.0016666667,7.680445,1,0
758,685,626535.0,3025365.0,1589,18.523306,248.86017,-0.00055555557,7.8958774,1,1
674,237,613095.0,3027885.0,2643,32.117165,275.33215,-0.0130555555,9.059821,1,0
611,841,631215.0,3029775.0,1255,47.818066,170.21759,0.014444444,8.090161,2,1
750,1744,658305.0,3025605.0,1307,23.417093,281.09372,-0.0025,11.84389,1,0
1129,712,627345.0,3014235.0,1006,54.055176,179.8269,0.0063888887,8.272671,1,1
356,1472,650145.0,3037425.0,866,39.038082,306.22217,0.0011111111,8.803783,1,0
781,1397,647895.0,3024675.0,994,22.159546,283.60974,0.004166667,9.310114,1,0
22,1399,647955.0,3047445.0,1464,61.922813,190.76047,0.022777777,7.965743,1,1
1210,407,618195.0,3011805.0,2221,7.0144286,118.30076,-0.0027777778,8.897639,1,0
1156,1889,662655.0,3013425.0,1396,38.505142,134.15125,-0.0030555555,11.205462,1,1
29,1394,647805.0,3047235.0,1219,47.45521,186.14664,-0.0011111111,9.489175,1,1
964,316,615465.0,3019185.0,2399,23.195068,193.49573,-0.0025,8.748475,1,0
571,318,615525.0,3030975.0,3084,50.496944,173.0947,-0.007222222,7.302474,1,0
764,1972,665145.0,3025185.0,1631,31.10577,230.04245,0.018333333,9.872559,1,1
758,672,626145.0,3025365.0,1407,27.909048,245.85446,0.0027777778,11.627542,1,1
741,664,625905.0,3025875.0,1471,20.155422,177.39743,0.0069444445,10.001889,1,1
629,2012,666345.0,3029235.0,3120,31.635021,203.09683,-0.0019444445,8.896265,1,0
1231,1659,655755.0,3011175.0,964,30.763853,66.48544,-0.0011111111,8.7074375,1,0
535,554,622605.0,3032055.0,3109,43.027344,262.30396,0.0033333334,8.950749,1,0
870,843,631275.0,3022005.0,1168,58.90683,171.91061,-0.025277779,6.296683,1,1
473,1741,658215.0,3033915.0,1186,13.858936,274.844,0.0063888887,11.035131,1,0
418,1970,665085.0,3035565.0,2676,39.069874,215.81116,-0.0019444445,8.620327,1,0
1044,269,614055.0,3016785.0,1420,28.097153,97.62419,0.015555556,9.627192,1,1
47,1402,648045.0,3046695.0,870,20.071596,352.79395,0.0022222223,9.418633,1,1
1269,1393,647775.0,3010035.0,616,46.548653,317.23947,-0.013611111,7.846923,2,1
1047,1987,665595.0,3016695.0,2146,32.716557,226.05118,0.004166667,9.036703,1,0
764,1971,665115.0,3025185.0,1620,18.001392,229.15964,0.01861111,10.759703,1,1
776,2049,667455.0,3024825.0,2346,36.35408,15.767181,0.00027777778,9.4114685,1,0
765,1460,649785.0,3025155.0,1793,31.84206,191.61148,-0.0022222223,9.070509,1,1
1007,1491,650715.0,3017895.0,1265,19.926794,180.65854,-0.0025,8.510207,1,0
565,1447,649395.0,3031155.0,687,46.879417,141.65442,0.016666668,7.429891,1,1
611,1983,665475.0,3029775.0,2976,36.253838,270.0,-0.0052777776,8.498844,1,1
911,2141,670215.0,3020775.0,1817,64.20417,111.501434,0.03138889,8.783387,3,1
1125,1162,640845.0,3014355.0,1438,35.84288,343.23743,-0.015277778,7.127625,2,0
990,1271,644115.0,3018405.0,1142,28.050692,282.18863,0.0022222223,13.781058,2,0
1091,537,622095.0,3015375.0,1378,18.286465,346.13898,0.004722222,12.068559,1,0
1043,910,633285.0,3016815.0,2306,10.779772,246.8014,-0.015277778,8.461053,1,0
904,1006,636165.0,3020985.0,1559,35.43047,76.45206,0.0125,12.833185,2,1
1220,1722,657645.0,3011505.0,1428,14.549537,5.527542,-0.0033333334,9.249851,1,0
759,669,626055.0,3025335.0,1361,26.850618,264.80557,-0.0013888889,11.146689,1,1
219,1435,649035.0,3041535.0,908,51.13765,144.01506,-0.0044444446,7.2796397,1,1
913,878,632325.0,3020715.0,1282,31.501045,202.38013,0.013333334,10.125282,1,1
275,989,635655.0,3039855.0,2759,25.831024,228.48932,0.008333334,8.221032,1,0
916,862,631845.0,3020625.0,1143,35.137287,213.40782,-0.005,9.551573,1,1
412,656,625665.0,3035745.0,2582,52.638153,264.70654,0.019444445,8.324316,1,0
479,106,609165.0,3033735.0,4222,8.61464,238.49573,0.0052777776,13.14393,1,0
761,676,626265.0,3025275.0,1456,26.948858,270.9392,0.0030555555,10.36925,1,1
609,1671,656115.0,3029835.0,1584,25.074553,309.2176,-0.003888889,8.660523,1,0
597,872,632145.0,3030195.0,1453,33.34875,241.6501,0.0069444445,11.602826,2,1
864,450,619485.0,3022185.0,1243,33.89639,176.80046,0.006666667,9.14598,1,0
871,2153,670575.0,3021975.0,1912,60.919426,110.19863,0.016666668,9.582972,3,1
671,675,626235.0,3027975.0,1975,30.419754,193.54318,0.0044444446,9.819759,1,1
855,2183,671475.0,3022455.0,2254,40.47353,277.57617,0.006666667,9.600118,3,1
1008,1868,662025.0,3017865.0,1662,19.831911,49.6859,-0.00055555557,9.208532,1,0
1150,1233,642975.0,3013605.0,797,32.536915,156.1135,-0.0025,7.2518487,2,1
161,2300,674985.0,3043275.0,4720,34.446014,216.10414,-0.0069444445,8.278038,1,0
706,1964,664905.0,3026925.0,1708,35.49994,147.88818,0.008888889,9.973474,1,1
256,1661,655815.0,3040425.0,2274,20.5351,334.29004,-0.0022222223,7.7843366,1,0
44,1403,648075.0,3046785.0,869,31.440754,198.68192,0.0125,9.859382,1,1
538,1977,665295.0,3031965.0,2263,25.789352,212.31961,0.018888889,10.930938,1,1
501,397,617895.0,3033075.0,2187,30.858587,219.90788,0.003888889,10.783121,1,1
1094,1815,660435.0,3015285.0,1377,38.76936,296.16626,0.0063888887,8.407915,1,0
1187,1223,642675.0,3012495.0,1250,18.703678,13.523163,0.0,13.223008,2,0
34,1400,647985.0,3047085.0,1088,40.762222,193.70041,0.0069444445,10.128918,1,1
310,617,624495.0,3038805.0,3349,26.225739,98.26717,0.0027777778,12.164374,1,0
905,881,632415.0,3020955.0,1498,38.459133,191.19205,-0.0030555555,8.419019,1,1
409,645,625335.0,3035835.0,2487,31.028238,105.67282,0.005,11.094861,1,1
830,880,632385.0,3023205.0,1960,32.95703,127.164474,-0.008888889,8.622026,2,1
301,595,623835.0,3039075.0,3923,11.913719,170.90973,-0.003888889,8.358372,1,0
1047,271,614115.0,3016695.0,1379,34.18354,126.518394,0.008333334,8.575559,1,1
374,1398,647925.0,3036885.0,1411,28.556126,64.61209,0.0033333334,11.281989,1,0
1058,270,614085.0,3016365.0,1196,43.518536,191.90161,0.007777778,8.463569,1,1
19,1406,648165.0,3047535.0,1622,49.612537,167.09671,-0.007222222,7.3338337,1,1
592,872,632145.0,3030345.0,1531,35.357903,213.50343,0.0027777778,9.853559,2,1
1262,1389,647655.0,3010245.0,406,38.960926,318.34195,0.0055555557,7.014777,2,1
593,548,622425.0,3030315.0,2627,28.884224,248.27895,0.004722222,12.839617,1,0
26,1398,647925.0,3047325.0,1298,41.268116,198.2629,0.008888889,9.877471,1,1
910,889,632655.0,3020805.0,1405,27.82082,195.57254,0.013611111,9.233373,2,1
1196,1011,636315.0,3012225.0,1875,38.951252,142.53944,0.004166667,9.50003,1,1
22,1403,648075.0,3047445.0,1532,57.174854,179.07596,-0.011388889,7.973448,1,1
670,678,626325.0,3028005.0,2016,33.785854,205.448,0.0011111111,7.2042403,1,1
440,332,615945.0,3034905.0,2668,40.70319,234.46233,0.0019444445,9.350842,1,1
824,1516,651465.0,3023385.0,2114,20.071596,315.92404,0.0022222223,9.19549,1,0
611,840,631185.0,3029775.0,1261,48.98942,159.20097,0.023055555,10.096673,2,1
854,2168,671025.0,3022485.0,1948,30.818052,267.19757,-0.00083333335,8.928431,3,1
35,1401,648015.0,3047055.0,1073,41.74654,194.87973,-0.00027777778,10.605086,1,1
961,1969,665055.0,3019275.0,1990,31.313543,311.1121,-0.009166666,9.091187,1,0
910,1799,659955.0,3020805.0,1270,23.345373,300.77405,-0.00027777778,11.139142,1,0
842,1420,648585.0,3022845.0,1246,39.641983,352.1959,0.003611111,10.286362,1,1
438,333,615975.0,3034965.0,2719,41.88735,241.41078,0.0025,10.046756,1,1
389,1105,639135.0,3036435.0,3200,28.791342,310.69553,0.008333334,8.499648,1,0
1273,1208,642225.0,3009915.0,1578,27.79426,140.77432,-0.003888889,9.8406315,2,0
1267,1387,647595.0,3010095.0,467,42.35932,341.0683,0.005,8.974144,2,1
596,874,632205.0,3030225.0,1501,35.085217,228.36646,0.0013888889,10.844489,2,1
129,703,627075.0,3044235.0,5098,17.189201,85.36454,-0.0044444446,9.074305,1,0
1054,2056,667665.0,3016485.0,1575,29.121662,111.96056,0.0,7.3874264,1,0
1238,1614,654405.0,3010965.0,1230,29.725079,166.06516,-0.012222222,7.362813,1,0
1283,265,613935.0,3009615.0,2336,38.978764,160.4454,-0.0019444445,8.112753,1,0
699,1509,651255.0,3027135.0,2268,16.665741,351.1932,-0.0022222223,9.954404,1,0
696,1969,665055.0,3027225.0,1873,25.234222,182.53357,0.00083333335,9.346427,1,1
1008,639,625155.0,3017865.0,976,33.76016,144.13017,0.0025,9.844268,1,1
130,1840,661185.0,3044205.0,2818,30.00646,45.58463,-0.0033333334,8.044588,1,0
1227,1781,659415.0,3011295.0,755,19.193518,132.08916,0.017222222,17.595713,1,1
913,2314,675405.0,3020715.0,2971,51.63726,188.3439,-0.0013888889,8.178047,3,1
26,1401,648015.0,3047325.0,1322,47.855408,190.20822,0.008611111,8.494316,1,1
998,144,610305.0,3018165.0,1957,32.856266,270.36963,-0.0030555555,9.542172,1,0
775,1475,650235.0,3024855.0,1906,40.318268,252.27676,0.010555555,10.604136,1,0
726,1805,660135.0,3026325.0,1819,21.754173,298.70593,0.00083333335,8.819691,1,0
519,24,606705.0,3032535.0,4026,25.709044,246.54097,-0.00055555557,11.484567,1,0
312,902,633045.0,3038745.0,3278,36.71723,180.32008,0.0055555557,11.399697,1,0
1035,342,616245.0,3017055.0,1436,44.26588,205.57918,0.007222222,8.437461,1,1
317,634,625005.0,3038595.0,3129,11.694817,220.1009,0.009166666,18.670816,1,0
1192,1076,638265.0,3012345.0,2089,35.75669,228.28386,0.003888889,8.922555,2,0
265,1634,655005.0,3040155.0,2013,24.377777,302.22876,0.008333334,11.636972,1,0
24,1399,647955.0,3047385.0,1379,53.45913,202.12994,-0.00027777778,6.5027285,1,1
853,2167,670995.0,3022515.0,1935,37.529205,259.0558,-0.008055556,14.77952,3,1
812,660,625785.0,3023745.0,1001,41.602528,209.21129,0.0025,8.867178,1,1
913,2283,674475.0,3020715.0,2624,45.722454,141.26749,0.02111111,8.386612,3,0
1227,1770,659085.0,3011295.0,893,25.990057,108.43495,0.0016666667,8.619435,1,1
227,1109,639255.0,3041295.0,3100,20.042747,346.12247,0.004166667,10.295665,1,0
851,2189,671655.0,3022575.0,2340,35.492542,279.07706,0.027222222,11.072359,3,1
209,320,615585.0,3041835.0,4072,17.250692,168.38852,-0.008055556,7.9718966,1,0
687,697,626895.0,3027495.0,1787,38.18101,350.23822,-0.00027777778,8.1413145,1,0
302,2196,671865.0,3039045.0,4117,39.287704,205.65152,0.003611111,8.794886,1,0
769,659,625755.0,3025035.0,1226,24.007488,297.2842,0.0019444445,12.831566,1,1
135,1262,643845.0,3044055.0,2299,42.934795,329.3003,-0.012222222,8.483985,1,0
1271,1391,647715.0,3009975.0,617,37.046326,317.237,-0.011111111,7.7768145,2,1
556,835,631035.0,3031425.0,1786,28.050692,304.8085,0.0,9.041358,2,0
836,664,625905.0,3023025.0,868,33.264156,30.963757,-0.004722222,7.917164,1,0
700,748,628425.0,3027105.0,1711,23.290882,334.17902,0.0019444445,7.645251,2,0
541,1400,647985.0,3031875.0,1654,31.244175,52.815292,0.0025,10.480209,1,0
435,334,616005.0,3035055.0,2787,43.682865,226.76782,0.003611111,9.89291,1,1
885,799,629955.0,3021555.0,871,40.641926,179.44376,-0.012777777,8.053722,1,1
370,1829,660855.0,3037005.0,2184,40.3591,228.17982,0.008055556,9.162331,1,0
703,1086,638565.0,3027015.0,2650,17.026836,284.98163,-0.0033333334,7.985771,2,0
575,1859,661755.0,3030855.0,1442,33.508293,151.01544,-0.003611111,10.61594,1,1
383,1372,647145.0,3036615.0,1540,43.982624,129.39383,0.014722222,8.447353,1,1
1168,977,635295.0,3013065.0,2255,39.156784,197.8787,-0.003888889,7.7009377,1,0
241,1951,664515.0,3040875.0,2890,38.054672,128.51692,-0.0130555555,8.145855,1,0
609,845,631335.0,3029835.0,1309,51.10479,183.27597,0.0030555555,8.667108,2,1
1267,1390,647685.0,3010095.0,494,36.25472,330.37625,0.014166667,8.721955,2,1
90,1053,637575.0,3045405.0,3226,41.626938,92.956314,-0.007777778,8.71217,1,0
759,682,626445.0,3025335.0,1546,30.917368,248.79077,0.0013888889,8.701351,1,1
1086,2397,677895.0,3015525.0,2837,37.293728,197.84021,0.011388889,10.019137,1,1
408,773,629175.0,3035865.0,3301,34.692677,236.78818,-0.020277778,7.1702123,1,0
344,562,622845.0,3037785.0,3912,14.350448,196.07358,-0.0016666667,8.165619,1,0
957,1280,644385.0,3019395.0,1182,26.568233,270.95483,-0.0027777778,10.203453,2,0
35,1391,647715.0,3047055.0,1076,35.84831,172.71104,0.0030555555,9.900014,1,1
192,2139,670155.0,3042345.0,3582,37.05975,241.31386,-0.00083333335,8.87494,1,0
811,1306,645165.0,3023775.0,908,19.836792,96.632515,-0.003611111,10.866493,1,0
872,2246,673365.0,3021945.0,2982,44.141315,200.61363,0.015555556,10.703574,3,1
500,2029,666855.0,3033105.0,3391,37.92493,232.82372,0.0016666667,9.449806,1,0
849,2186,671565.0,3022635.0,2306,34.17151,238.55376,0.004166667,10.853278,3,1
815,1307,645195.0,3023655.0,880,29.470879,123.5729,-0.0063888887,9.164904,1,0
315,1747,658395.0,3038655.0,2826,42.84282,139.00781,0.0033333334,8.26406,1,0
433,334,616005.0,3035115.0,2829,46.98132,233.21921,-0.005,8.930403,1,1
925,1517,651495.0,3020355.0,2210,19.211346,221.12148,-0.020555556,7.85663,1,0
1201,1916,663465.0,3012075.0,993,28.498209,250.73071,-0.008333334,7.413197,1,0
584,401,618015.0,3030585.0,2494,17.346773,43.919075,0.0055555557,8.659138,1,0
568,1856,661665.0,3031065.0,1590,31.783005,167.17865,0.0058333334,8.667345,1,1
1262,537,622095.0,3010245.0,1446,14.084828,54.462322,-0.00027777778,9.283703,1,0
833,882,632445.0,3023115.0,1859,45.02435,143.46405,0.0075,8.410983,2,1
611,1982,665445.0,3029775.0,2952,38.517387,281.78052,-0.00027777778,8.640075,1,1
1276,2008,666225.0,3009825.0,1057,25.32893,63.886086,-0.00083333335,8.936682,1,0
853,197,611895.0,3022515.0,2186,29.876785,34.957977,-0.01,7.3566732,1,0
328,1853,661575.0,3038265.0,2337,42.119743,170.45087,0.014444444,8.694864,1,0
903,1174,641205.0,3021015.0,1110,17.84828,100.43748,-0.00055555557,9.881525,2,0
500,1369,647055.0,3033105.0,1646,19.48122,74.981636,-0.003888889,7.8415604,1,0
883,2244,673305.0,3021615.0,2767,31.59635,229.94597,0.0019444445,8.386951,3,1
709,2326,675765.0,3026835.0,3483,13.32647,309.28943,-0.0033333334,8.242605,3,0
534,1980,665385.0,3032085.0,2356,32.1183,167.34744,-0.0011111111,9.752924,1,1
178,1191,641715.0,3042765.0,3079,32.42126,289.14813,-0.00083333335,7.2563047,1,0
669,677,626295.0,3028035.0,2025,35.598537,204.77515,0.004722222,10.081061,1,1
460,2147,670395.0,3034305.0,3486,37.03877,173.6598,0.0022222223,10.797514,1,0
792,1816,660465.0,3024345.0,1604,38.54414,142.65065,-0.0030555555,8.415973,1,1
760,671,626115.0,3025305.0,1386,25.142431,263.8845,0.0016666667,12.426362,1,1
507,393,617775.0,3032895.0,2064,12.942409,157.61987,0.013333334,20.643366,1,1
40,1397,647895.0,3046905.0,958,37.026165,188.57771,-0.004166667,10.667918,1,1
27,1407,648195.0,3047295.0,1329,49.959255,201.35437,0.009722223,9.336463,1,1
37,1388,647625.0,3046995.0,1039,40.318268,172.66562,-0.006666667,9.73914,1,1
761,681,626415.0,3025275.0,1524,25.849325,273.9452,0.0055555557,10.09202,1,1
570,1580,653385.0,3031005.0,833,41.727295,181.07083,0.0025,9.40179,1,1
42,1393,647775.0,3046845.0,904,34.567856,183.81407,-0.0013888889,10.507075,1,1
1261,1387,647595.0,3010275.0,366,28.994446,323.56088,0.0013888889,10.337095,2,1
495,388,617625.0,3033255.0,2122,4.3154488,173.6598,0.0130555555,21.748137,1,1
832,622,624645.0,3023145.0,1028,27.904648,10.425812,0.007222222,10.210661,1,0
566,1171,641115.0,3031125.0,1939,38.37212,149.65675,-0.0055555557,8.134456,1,0
22,1108,639225.0,3047445.0,2652,35.785774,36.53871,0.003888889,9.43231,1,0
862,452,619545.0,3022245.0,1283,32.367607,182.2605,0.004166667,10.091588,1,0
309,1750,658485.0,3038835.0,2940,31.889383,196.736,-0.010555555,7.276908,1,0
731,658,625725.0,3026175.0,1751,39.85621,153.9465,-0.015,6.9829197,1,1
339,2151,670515.0,3037935.0,3127,43.918446,215.13419,0.006111111,9.730529,1,0
1133,949,634455.0,3014115.0,1748,30.461275,277.32642,0.013888889,11.810531,1,0
980,477,620295.0,3018705.0,1253,35.676434,155.66612,-0.00083333335,9.330976,1,1
851,1176,641265.0,3022575.0,1144,45.416622,213.9511,0.013888889,8.174146,2,1
519,552,622545.0,3032535.0,3288,20.0788,204.22775,-0.015,7.808806,1,0
203,137,610095.0,3042015.0,4644,33.43711,77.980995,-0.009722223,7.2174435,1,0
172,951,634515.0,3042945.0,3995,25.282505,281.70642,-0.004722222,8.651096,1,0
83,775,629235.0,3045615.0,4492,38.53268,34.770992,-0.008888889,8.128701,1,0
1240,994,635805.0,3010905.0,1488,48.185333,168.6063,0.009444444,8.482736,1,1
908,779,629355.0,3020865.0,782,48.712418,141.53664,0.0011111111,8.28188,1,0
972,2203,672075.0,3018945.0,1761,41.865818,202.98871,-0.0063888887,7.6051645,1,1
551,1625,654735.0,3031575.0,1032,33.410862,176.37851,0.009444444,8.317052,1,0
22,1405,648135.0,3047445.0,1525,48.66899,175.37585,0.0011111111,8.465731,1,1
24,1394,647805.0,3047385.0,1354,49.88153,171.92679,0.017777778,9.029062,1,1
501,390,617685.0,3033075.0,2104,19.513674,87.97864,0.013611111,10.784199,1,1
915,2141,670215.0,3020655.0,1737,46.380047,124.32105,0.020833334,9.056788,3,1
626,64,607905.0,3029325.0,3551,20.857668,256.7236,-0.0011111111,9.559067,1,0
1247,1742,658245.0,3010695.0,1198,30.269156,99.86581,0.00027777778,9.420322,1,0
499,392,617745.0,3033135.0,2132,35.58567,243.73337,0.004722222,10.395193,1,1
384,226,612765.0,3036585.0,3624,40.80981,24.215141,-0.0019444445,8.558622,1,0
869,1192,641745.0,3022035.0,839,11.560324,86.49647,-0.005,9.08249,2,0
997,1637,655095.0,3018195.0,1352,22.75355,159.04422,-0.009722223,7.6713066,1,0
896,2203,672075.0,3021225.0,2479,42.793724,185.94153,-0.0011111111,8.825395,3,1
1226,1773,659175.0,3011325.0,865,15.887264,107.90445,-0.00083333335,8.059005,1,1
1062,1583,653475.0,3016245.0,717,45.58135,137.64763,-0.003611111,8.979325,1,1
1136,163,610875.0,3014025.0,2011,22.8721,110.22486,-0.0013888889,7.6655173,1,0
1226,1021,636615.0,3011325.0,1453,30.359173,158.7284,-0.01,7.3372755,1,0
37,1749,658455.0,3046995.0,1116,41.936443,345.77042,0.010277778,8.00815,1,0
175,1962,664845.0,3042855.0,3278,27.82082,291.29736,0.0,9.051051,1,0
534,1982,665445.0,3032085.0,2344,35.1524,179.66098,0.0175,9.099028,1,1
881,805,630135.0,3021675.0,867,59.116814,156.50143,0.017222222,9.232819,1,1
1025,1444,649305.0,3017355.0,1342,26.029575,86.576126,0.0025,9.128511,1,0
910,879,632355.0,3020805.0,1352,40.16211,189.09027,0.01,8.917988,1,1
112,1632,654945.0,3044745.0,1324,27.97491,334.44003,0.004166667,10.613163,1,0
616,1313,645375.0,3029625.0,778,37.460648,204.75339,-0.0019444445,8.860419,1,1
926,1076,638265.0,3020325.0,1789,40.994137,214.45193,0.008333334,10.58027,2,1
592,320,615585.0,3030345.0,2921,27.336044,1.8476105,0.004166667,9.764817,1,0
231,120,609585.0,3041175.0,4246,25.651917,141.3402,-0.0022222223,8.634488,1,0
605,842,631245.0,3029955.0,1483,53.078426,157.9321,0.0052777776,8.462502,2,1
741,456,619665.0,3025875.0,1220,26.393864,182.40598,-0.0069444445,8.196176,1,0
988,399,617955.0,3018465.0,1722,26.393864,177.59402,0.0027777778,11.2166,1,0
217,1439,649155.0,3041595.0,885,42.55284,164.19748,0.014166667,9.190506,1,1
730,660,625785.0,3026205.0,1738,47.1039,144.77174,-0.003888889,8.520648,1,1
274,508,621225.0,3039885.0,4176,10.35731,226.84761,0.003611111,14.089202,1,0
402,1036,637065.0,3036045.0,2731,23.283081,316.56934,0.0011111111,9.255064,1,0
517,954,634605.0,3032595.0,1583,9.33363,149.53445,0.01861111,20.38514,1,0
587,861,631815.0,3030495.0,1541,33.458076,143.20236,0.021666666,9.008408,2,1
57,70,608085.0,3046395.0,5201,10.197977,193.39249,-0.00027777778,9.210941,1,0
412,2207,672195.0,3035745.0,3960,35.17882,9.183922,0.0044444446,8.761577,1,0
374,1388,647625.0,3036885.0,1645,33.867805,88.2212,-0.007777778,9.599043,1,0
734,659,625755.0,3026085.0,1639,54.049957,134.5103,0.011111111,7.579715,1,1
913,1002,636045.0,3020715.0,1731,34.41146,53.408913,0.00027777778,8.279331,2,1
1222,1656,655665.0,3011445.0,1002,32.882328,87.41421,0.0013888889,10.128962,1,0
295,83,608475.0,3039255.0,4083,33.80638,249.98643,0.008611111,10.8143835,1,0
839,2133,669975.0,3022935.0,2443,36.982395,82.049225,-0.009722223,7.0859885,3,0
1122,1585,653535.0,3014445.0,1335,46.725365,342.41803,0.005,8.351569,1,0
451,2079,668355.0,3034575.0,3590,21.563776,294.9439,-0.0025,8.829378,1,0
759,674,626205.0,3025335.0,1431,26.496471,253.98882,0.0025,11.024898,1,1
213,263,613875.0,3041715.0,4307,27.608618,258.51102,-0.008055556,8.836904,1,0
538,1383,647475.0,3031965.0,1879,44.71316,85.8972,-0.0019444445,7.91102,1,0
855,2165,670935.0,3022455.0,1874,33.82176,264.28943,0.0063888887,9.767834,3,1
1254,506,621165.0,3010485.0,1496,30.88678,349.1597,0.003611111,8.925706,1,0
1121,642,625245.0,3014475.0,1417,24.029837,307.40533,-0.006111111,8.3033085,1,0
1227,1901,663015.0,3011295.0,741,20.516459,127.76308,0.0013888889,8.88394,1,0
951,699,626955.0,3019575.0,932,42.15541,182.90192,0.010555555,10.159949,1,0
137,1450,649485.0,3043995.0,1416,41.562386,143.0224,0.009444444,9.561736,1,0
669,807,630195.0,3028035.0,1095,29.497541,247.02306,0.010555555,10.667894,2,0
17,1402,648045.0,3047595.0,1715,22.209743,155.26569,-0.03138889,7.69817,1,1
925,2279,674355.0,3020355.0,2279,47.510612,174.96396,0.020277778,8.91187,3,1
438,329,615855.0,3034965.0,2637,40.801228,229.69868,1.8431437e-18,9.588545,1,1
851,2179,671355.0,3022575.0,2136,18.35955,241.50436,0.0125,15.515264,3,1
1254,1023,636675.0,3010485.0,1148,32.005383,306.8699,0.0063888887,9.064158,1,0
940,1941,664215.0,3019905.0,1507,26.94575,280.38885,0.006111111,9.96392,1,0
195,132,609945.0,3042255.0,4642,37.506386,52.94347,-0.00027777778,8.858766,1,0
524,825,630735.0,3032385.0,2098,25.256657,144.34467,0.0022222223,12.096948,1,0
689,1697,656895.0,3027435.0,1898,24.585857,127.6004,0.0013888889,9.886877,1,0
951,869,632055.0,3019575.0,1398,31.764435,227.18164,-0.0022222223,8.380387,1,1
224,217,612495.0,3041385.0,3824,35.94121,244.46587,-0.0030555555,7.8171587,1,0
351,1348,646425.0,3037575.0,2045,36.482426,355.79938,-0.006666667,8.895953,1,0
590,858,631725.0,3030405.0,1545,38.907284,159.13239,-0.014444444,7.016692,2,1
283,424,618705.0,3039615.0,3932,14.882566,228.81407,-0.01,8.127581,1,0
905,1007,636195.0,3020955.0,1547,32.624226,66.60553,0.012222222,9.445715,2,1
758,666,625965.0,3025365.0,1313,25.892502,258.11133,0.0058333334,11.829217,1,1
999,1150,640485.0,3018135.0,1099,35.16373,181.69464,-0.003611111,8.944457,2,0
848,2178,671325.0,3022665.0,2179,42.33965,219.80557,-0.01,6.8953924,3,1
1260,1189,641655.0,3010305.0,1997,33.798172,118.63892,-0.003611111,8.59007,2,0
856,2183,671475.0,3022425.0,2258,41.631943,296.44495,0.017222222,9.405141,3,1
1230,421,618615.0,3011205.0,2034,12.225122,112.619865,0.0016666667,14.390913,1,0
165,1064,637905.0,3043155.0,2739,33.667328,136.52077,0.0027777778,8.818158,1,0
955,710,627285.0,3019455.0,630,55.015873,141.39236,0.041944444,9.879414,1,1
922,2278,674325.0,3020445.0,2399,57.760124,176.98721,0.0175,7.9509172,3,1
680,1385,647535.0,3027705.0,1154,20.912285,295.16788,-0.003611111,14.77926,1,0
595,881,632415.0,3030255.0,1631,37.246544,239.35933,0.0011111111,7.7695546,2,1
739,662,625845.0,3025935.0,1506,29.530807,153.81189,0.004722222,12.693713,1,1
804,1941,664215.0,3023985.0,1815,25.786013,345.0049,0.00027777778,8.223037,1,0
1148,468,620025.0,3013665.0,2172,48.150482,338.31772,-0.01,6.6921997,1,0
393,286,614565.0,3036315.0,2935,30.269156,43.264294,0.0019444445,11.617548,1,0
1186,1812,660345.0,3012525.0,1101,28.28027,196.18921,-0.0033333334,9.031729,1,0
32,1403,648075.0,3047145.0,1181,44.81428,197.82706,-0.011944445,6.8088775,1,1
144,771,629115.0,3043785.0,4216,9.2982,14.743561,-0.013888889,8.611968,1,0
22,1395,647835.0,3047445.0,1459,65.561615,181.30196,0.003888889,8.210904,1,1
388,1322,645645.0,3036465.0,2234,39.66759,143.99379,0.009166666,8.37591,1,1
611,1981,665415.0,3029775.0,2928,38.311,292.64313,0.0069444445,9.23526,1,1
801,2029,666855.0,3024075.0,2409,17.66232,317.1211,-0.0013888889,7.9467907,1,0
138,344,616305.0,3043965.0,4072,35.167503,120.96376,-0.011111111,7.845705,1,0
464,2053,667575.0,3034185.0,3298,35.251255,322.18427,-0.003611111,8.248067,1,0
908,1005,636135.0,3020865.0,1623,36.74805,68.73294,-0.0019444445,10.185553,2,1
521,1120,639585.0,3032475.0,2734,30.551506,120.54757,0.0075,10.548469,1,0
35,1392,647745.0,3047055.0,1074,35.987015,176.71075,0.003611111,10.257824,1,1
594,860,631785.0,3030285.0,1428,37.073166,176.52222,-0.00055555557,9.279918,2,1
910,866,631965.0,3020805.0,1287,32.67705,201.7323,0.0025,7.246461,1,1
758,760,628785.0,3025365.0,1666,37.477814,142.50735,0.0044444446,8.454333,1,0
851,2171,671115.0,3022575.0,2009,49.766876,211.44872,0.015,8.937811,3,1
42,1397,647895.0,3046845.0,905,43.16227,194.40668,0.004166667,10.504174,1,1
805,661,625815.0,3023955.0,1167,41.37723,191.73512,-0.008055556,8.720951,1,1
792,1817,660495.0,3024345.0,1588,40.996094,143.18503,0.0013888889,8.888525,1,1
332,615,624435.0,3038145.0,3413,39.418255,122.15932,-0.005,8.097092,1,0
978,476,620265.0,3018765.0,1301,37.790913,146.39532,0.0025,8.155351,1,1
626,2384,677505.0,3029325.0,4083,32.925674,307.68097,-0.013333334,7.9300785,1,0
775,886,632565.0,3024855.0,1662,34.723732,352.7468,-0.0027777778,8.778492,2,0
762,667,625995.0,3025245.0,1324,26.981474,262.00253,0.003611111,12.8573675,1,1
1034,342,616245.0,3017085.0,1465,47.795288,201.0375,0.0055555557,8.314104,1,1
1120,1388,647625.0,3014505.0,801,30.510212,225.57294,0.0,8.940678,2,0
32,1390,647685.0,3047145.0,1145,36.6063,176.78452,1.0842022e-19,9.738732,1,1
534,1981,665415.0,3032085.0,2350,33.500977,169.11447,0.0063888887,11.086222,1,1
641,1558,652725.0,3028875.0,1671,35.0928,123.87854,0.009166666,8.541622,1,1
1198,2330,675885.0,3012165.0,1947,31.84206,11.611488,-0.0052777776,9.3581915,1,0
846,2181,671415.0,3022725.0,2271,44.544228,205.0462,-0.010277778,9.457362,3,1
843,2187,671595.0,3022815.0,2446,41.751503,229.54376,0.00027777778,9.218617,3,1
926,2279,674355.0,3020325.0,2256,32.641853,174.40067,0.016944444,9.550398,3,1
133,776,629265.0,3044115.0,4092,27.804594,63.23249,-0.010833333,7.4422994,1,0
841,916,633465.0,3022875.0,1710,41.48872,190.03925,0.004166667,9.323165,2,0
561,1933,663975.0,3031275.0,1951,51.43702,179.04834,0.00027777778,8.655227,1,1
834,1415,648435.0,3023085.0,986,21.568129,341.56506,0.020555556,10.908598,1,1
870,2249,673455.0,3022005.0,3094,54.531487,205.11964,0.0055555557,9.795574,3,1
975,2203,672075.0,3018855.0,1676,38.351257,169.99202,0.0016666667,8.646029,1,1
38,1403,648075.0,3046965.0,1007,40.629913,191.2008,0.004166667,8.901444,1,1
826,1720,657585.0,3023325.0,1042,27.166622,100.762535,-0.006666667,7.4694963,1,0
1227,1953,664575.0,3011295.0,935,15.7573,196.29404,-0.013333334,8.067652,1,0
778,2176,671265.0,3024765.0,2863,45.300217,176.21735,-0.016111111,7.8905272,3,0
919,864,631905.0,3020535.0,1123,21.605083,268.19125,0.015833333,16.756037,1,1
831,882,632445.0,3023175.0,1906,43.606407,126.81977,-0.0033333334,8.642819,2,1
1174,1757,658695.0,3012885.0,1035,29.970253,213.80489,-0.0033333334,8.046047,1,0
622,967,634995.0,3029445.0,1934,20.34764,270.64374,-0.0033333334,9.180629,2,0
686,1134,640005.0,3027525.0,2986,27.923706,53.310276,-0.00027777778,9.229028,1,0
802,606,624165.0,3024045.0,1019,41.576195,154.39781,-0.0022222223,8.020806,1,0
503,954,634605.0,3033015.0,1846,35.265327,44.522545,-0.007777778,7.842081,1,0
1181,926,633765.0,3012675.0,2062,31.934273,150.35013,-0.008611111,7.968309,1,0
63,930,633885.0,3046215.0,4118,36.512833,58.815025,0.0013888889,9.500979,1,0
1131,711,627315.0,3014175.0,948,45.119858,174.76253,-0.009444444,8.995436,1,1
1191,237,613095.0,3012375.0,2149,26.116505,31.798912,-0.006111111,8.208377,1,0
808,660,625785.0,3023865.0,1074,33.12896,174.87181,0.016111111,9.308609,1,1
472,252,613545.0,3033945.0,3465,36.25472,209.62375,-0.006666667,7.8056645,1,0
924,2279,674355.0,3020385.0,2320,52.887306,178.01262,0.011111111,8.602972,3,1
704,1963,664875.0,3026985.0,1775,46.417442,147.63336,-0.0033333334,9.460947,1,1
30,1390,647685.0,3047205.0,1187,34.493286,171.28024,0.0022222223,9.662564,1,1
509,397,617895.0,3032835.0,2070,39.221283,212.06738,-9.215718e-19,9.713542,1,1
1259,1753,658575.0,3010335.0,1032,20.155422,140.52754,-0.0025,9.190959,1,0
256,751,628515.0,3040425.0,3721,36.91228,229.95027,0.008611111,8.880296,1,0
66,2091,668715.0,3046125.0,2776,37.418056,4.685898,0.0022222223,8.8619585,1,0
391,735,628035.0,3036375.0,3024,44.64399,172.48523,0.0016666667,7.9134345,1,0
852,2172,671145.0,3022545.0,2001,39.409584,235.74585,0.03,14.686326,3,1
1230,1654,655605.0,3011205.0,1040,27.494717,75.63,-0.0011111111,8.841751,1,0
909,2337,676095.0,3020835.0,3338,9.748033,157.16635,-0.011388889,8.563842,3,0
859,2161,670815.0,3022335.0,1808,16.466053,158.49857,0.01861111,19.295294,3,1
1133,1324,645705.0,3014115.0,503,31.11181,35.44571,-0.0030555555,11.526879,2,0
134,2020,666585.0,3044085.0,3279,5.7302556,355.23636,-0.0025,9.10152,1,0
19,1400,647985.0,3047535.0,1648,50.690926,195.838,-0.02111111,6.6024246,1,1
16,1399,647955.0,3047625.0,1715,42.619724,192.02228,-0.0022222223,7.578725,1,1
881,2244,673305.0,3021675.0,2792,28.084099,218.6598,0.009166666,12.313317,3,1
703,1958,664725.0,3027015.0,1854,38.237186,162.13991,-0.007222222,7.040685,1,1
728,1172,641145.0,3026265.0,2260,25.282505,94.55377,-0.0025,9.749709,1,0
1199,1451,649515.0,3012135.0,1146,41.62444,351.64194,-0.0063888887,8.01911,2,0
1057,2150,670485.0,3016395.0,1345,30.246256,210.96375,0.023333333,8.440412,1,1
501,223,612675.0,3033075.0,3642,27.909048,12.724358,-0.0033333334,9.047324,1,0
43,1396,647865.0,3046815.0,873,34.59133,184.50491,0.016111111,10.5751915,1,1
465,1984,665505.0,3034155.0,2605,39.05066,33.690067,-0.0022222223,7.7047224,1,0
936,764,628905.0,3020025.0,672,34.594265,331.88678,-0.0033333334,10.784802,1,0
408,1566,652965.0,3035865.0,2085,38.330368,212.51752,-0.005,7.7304883,1,0
837,1421,648615.0,3022995.0,1117,50.081146,327.5288,-0.00055555557,9.021987,1,1
749,1417,648495.0,3025635.0,1453,31.944614,194.31482,0.00083333335,8.884197,1,0
986,1340,646185.0,3018525.0,2000,32.22254,266.58905,-0.004722222,9.5665655,1,0
504,396,617865.0,3032985.0,2135,34.897327,233.74615,0.0030555555,9.1085,1,1
762,1462,649845.0,3025245.0,1849,31.558764,221.14937,0.0055555557,8.388422,1,1
846,352,616545.0,3022725.0,1756,29.710619,118.81079,-0.00055555557,10.918747,1,0
835,1419,648555.0,3023055.0,1037,29.908,262.92645,0.021388888,16.89073,1,1
908,1003,636075.0,3020865.0,1662,32.990482,68.54004,-0.00027777778,9.180364,2,1
41,2250,673485.0,3046875.0,3892,33.70865,221.45523,-0.007777778,9.915208,1,0
1044,363,616875.0,3016785.0,1230,44.312386,166.67548,-0.008611111,7.5195465,1,0
865,2156,670665.0,3022155.0,1876,63.350292,112.7581,0.01861111,9.480233,3,0
524,430,618885.0,3032385.0,2134,43.19102,228.59877,-0.00083333335,8.811492,1,0
412,839,631155.0,3035745.0,2833,36.326004,144.68878,0.00027777778,9.0558195,1,0
1204,1746,658365.0,3011985.0,1096,14.851063,135.0,0.00055555557,9.516092,1,0
325,1303,645075.0,3038355.0,2133,33.239754,101.73857,-0.010277778,7.9180927,1,0
686,1421,648615.0,3027525.0,1505,14.667468,256.18497,0.0027777778,13.755933,1,0
210,229,612855.0,3041805.0,4236,42.828396,282.72437,-0.0030555555,7.571418,1,0
663,725,627735.0,3028215.0,1789,34.46179,201.73682,0.0022222223,9.663743,2,0
1231,2185,671535.0,3011175.0,1379,45.710632,288.72952,0.00083333335,10.415173,1,0
665,249,613455.0,3028155.0,2796,38.394497,298.58643,0.006666667,10.367246,1,0
382,1372,647145.0,3036645.0,1562,49.405926,133.84267,0.012777777,8.257427,1,1
598,884,632505.0,3030165.0,1635,34.828114,197.78389,-0.0130555555,7.1651654,2,1
610,840,631185.0,3029805.0,1301,56.2167,165.3052,0.015277778,8.009891,2,1
497,251,613515.0,3033195.0,3196,37.96539,70.01689,0.0016666667,8.659892,1,0
674,674,626205.0,3027885.0,1916,31.516378,182.72632,0.0052777776,9.930526,1,1
495,505,621135.0,3033255.0,3214,25.025642,220.65675,0.003888889,8.662748,1,0
248,1764,658905.0,3040665.0,3312,29.03422,172.23483,0.011111111,9.588244,1,0
441,330,615885.0,3034875.0,2615,42.179546,239.30736,-0.0058333334,10.159103,1,1
975,1570,653085.0,3018855.0,1494,32.7516,131.84929,0.006666667,8.629894,1,1
196,591,623715.0,3042225.0,4761,32.60658,76.05427,-0.00083333335,9.040928,1,0
844,2186,671565.0,3022785.0,2407,45.120846,229.0377,-0.0011111111,9.196072,3,1
270,1608,654225.0,3040005.0,1733,21.563776,294.9439,-0.003611111,10.2156725,1,0
1044,272,614145.0,3016785.0,1404,18.800882,201.54099,0.003611111,10.71311,1,1
737,1533,651975.0,3025995.0,2270,47.04253,186.68387,-0.0058333334,8.810478,1,1
458,1653,655575.0,3034365.0,1961,10.825044,11.309929,-0.0019444445,11.890748,1,0
874,1384,647505.0,3021885.0,1525,24.007488,332.7158,-0.0058333334,10.702252,1,0
529,1050,637485.0,3032235.0,2560,13.519692,351.02737,-0.0019444445,10.424894,1,0
510,398,617925.0,3032805.0,2060,40.15247,203.2729,0.00055555557,6.972419,1,1
286,1220,642585.0,3039525.0,2006,29.562681,349.84573,0.003888889,14.203515,1,0
794,1817,660495.0,3024285.0,1551,38.987675,139.17477,-0.0019444445,8.6232605,1,1
877,2154,670605.0,3021795.0,1812,42.00979,102.557556,-0.0044444446,8.293257,3,1
762,1884,662505.0,3025245.0,1813,30.659883,218.7227,-0.009722223,8.018423,1,0
304,1544,652305.0,3038985.0,1291,20.802856,338.78204,-0.0013888889,11.066023,1,0
758,686,626565.0,3025365.0,1598,22.735386,250.84439,0.0033333334,9.281633,1,1
652,1628,654825.0,3028545.0,1820,12.646669,285.06848,-0.0044444446,8.296801,1,0
469,2025,666735.0,3034035.0,3105,35.657223,2.663002,0.005,9.331683,1,1
1228,545,622335.0,3011265.0,1235,19.295109,178.63608,0.0027777778,12.071442,1,0
296,1149,640455.0,3039225.0,2634,36.85801,65.71417,-0.012777777,8.189121,1,0
952,870,632085.0,3019545.0,1396,33.132168,218.25995,0.0030555555,8.615339,1,1
851,2172,671145.0,3022575.0,2032,51.387615,211.94476,0.0055555557,7.2707014,3,1
819,294,614805.0,3023535.0,1983,32.322765,229.80795,-0.0055555557,10.032695,1,0
594,875,632235.0,3030285.0,1547,37.745987,229.36526,-0.00027777778,9.891571,2,1
326,2012,666345.0,3038325.0,2731,30.00646,171.28528,-0.00055555557,8.960878,1,0
361,1699,656955.0,3037275.0,2607,19.322924,110.15761,-0.0069444445,7.850378,1,0
1227,1772,659145.0,3011295.0,869,18.402683,112.0679,0.0033333334,9.512323,1,1
914,1003,636075.0,3020685.0,1729,33.224884,53.275894,-0.005,8.324124,2,1
607,840,631185.0,3029895.0,1435,56.350666,162.57013,-0.00055555557,7.0885363,2,1
854,2194,671805.0,3022485.0,2510,47.57531,276.3402,-0.0075,9.014963,3,1
31,1392,647745.0,3047175.0,1162,34.069893,176.46771,0.0025,10.137975,1,1
759,687,626595.0,3025335.0,1607,27.791306,251.56505,0.0025,8.136009,1,1
1014,545,622335.0,3017685.0,942,24.13187,161.56505,0.008055556,11.779768,1,0
391,1322,645645.0,3036375.0,2189,30.418495,145.40771,0.00055555557,8.721197,1,1
873,2249,673455.0,3021915.0,3011,44.05927,231.9952,0.0125,8.221533,3,1
735,1274,644205.0,3026055.0,872,44.97262,149.69196,-0.005,8.749261,1,1
496,394,617805.0,3033225.0,2199,39.607056,242.40271,0.0055555557,8.090378,1,1
253,1107,639195.0,3040515.0,3331,17.393118,61.38954,0.0025,10.265737,1,0
914,1004,636105.0,3020685.0,1713,34.348083,52.431408,-0.0055555557,7.8762403,2,1
714,2317,675495.0,3026685.0,3459,14.129503,294.44397,-0.008888889,8.181792,3,0
844,2179,671355.0,3022785.0,2272,51.21065,227.17131,0.0030555555,8.663325,3,1
27,1400,647985.0,3047295.0,1290,42.55284,195.80252,-0.00055555557,9.721134,1,1
30,1395,647835.0,3047205.0,1188,44.90068,182.15656,0.004722222,9.639075,1,1
383,2105,669135.0,3036615.0,2645,39.501812,234.46233,0.020555556,10.04003,1,0
32,958,634725.0,3047145.0,3724,39.524067,315.81845,-0.003611111,8.38101,1,0
920,2077,668295.0,3020505.0,2553,31.903208,85.77777,0.0075,9.473595,3,0
938,735,628035.0,3019965.0,818,40.230797,116.31265,-0.009166666,6.9696455,1,1
1122,1438,649125.0,3014445.0,974,48.26618,145.60115,-0.0016666667,8.07443,1,0
304,134,610005.0,3038985.0,4073,18.2457,110.725555,-0.0063888887,7.912066,1,0
954,2248,673425.0,3019485.0,1897,22.149067,202.89055,-0.019166667,7.7011995,1,1
404,435,619035.0,3035985.0,3351,42.536957,210.87451,0.0058333334,8.967919,1,0
869,2245,673335.0,3022035.0,3128,61.08334,177.36151,-0.003888889,7.307541,3,1
434,332,615945.0,3035085.0,2761,44.682682,238.78786,-0.0013888889,8.199766,1,1
849,2172,671145.0,3022635.0,2088,35.26439,225.0,-0.015277778,8.940728,3,1
884,1368,647025.0,3021585.0,1463,17.189201,297.2553,0.0013888889,10.971425,1,0
950,2248,673425.0,3019605.0,1949,41.803516,143.71745,0.00083333335,9.11143,1,1
897,2203,672075.0,3021195.0,2452,39.161922,189.125,0.0025,9.0870495,3,1
761,684,626505.0,3025275.0,1569,20.155422,267.39743,-0.0011111111,10.10725,1,0
913,2138,670125.0,3020715.0,1992,58.840057,119.92393,-0.050833333,6.9924636,3,1
737,1269,644055.0,3025995.0,922,37.863647,149.03624,-0.019166667,7.0541177,1,1
39,1397,647895.0,3046935.0,978,33.61241,184.67416,-0.00083333335,10.766146,1,1
675,501,621015.0,3027855.0,1716,1.4320962,270.0,0.0,14.362475,1,0
930,2136,670065.0,3020205.0,1857,30.360437,140.19443,-0.010833333,9.283135,3,1
468,2025,666735.0,3034065.0,3085,29.186941,358.2902,0.0075,9.687334,1,1
267,1220,642585.0,3040095.0,1711,30.4399,23.838737,0.003611111,8.027195,1,0
565,1450,649485.0,3031155.0,658,44.349377,148.95248,-0.003611111,7.92372,1,1
1026,1448,649425.0,3017325.0,1290,22.86209,71.56505,0.00083333335,11.654989,1,0
315,628,624825.0,3038655.0,3196,28.88837,154.98311,0.0016666667,9.006466,1,0
850,2186,671565.0,3022605.0,2300,32.528046,263.24643,0.0019444445,14.764261,3,1
901,1903,663075.0,3021075.0,2040,15.318955,153.8247,-0.01,8.097297,1,0
131,1835,661035.0,3044175.0,2803,34.49624,292.83365,0.006111111,9.2569895,1,0
916,902,633045.0,3020625.0,1554,7.4540095,217.23483,0.0022222223,10.445643,2,0
668,677,626295.0,3028065.0,2045,38.11836,202.47943,0.0069444445,9.817542,1,1
520,1379,647355.0,3032505.0,1683,26.45166,63.649536,0.0033333334,11.804562,1,0
371,2177,671295.0,3036975.0,3654,34.18755,358.9456,-0.004722222,8.287726,1,0
434,334,616005.0,3035085.0,2808,45.589466,227.97803,-0.00055555557,9.346766,1,1
833,1417,648495.0,3023115.0,1018,43.130634,234.04758,0.01638889,9.1702795,1,1
421,1437,649095.0,3035475.0,803,31.370731,79.7652,-0.00083333335,8.683475,1,0
1288,771,629115.0,3009465.0,1136,23.691278,337.08716,-0.0025,7.6261344,1,0
323,1895,662835.0,3038415.0,2002,48.043777,140.16695,0.00027777778,8.998531,1,1
788,1335,646035.0,3024465.0,658,27.317812,79.77783,0.003611111,9.072451,1,0
1215,1809,660255.0,3011655.0,1107,24.470388,310.5444,-0.0022222223,8.68824,1,0
1256,46,607365.0,3010425.0,2696,22.751534,115.29202,0.012222222,12.475427,1,0
712,553,622575.0,3026745.0,1719,34.532578,267.57074,0.015555556,9.2556305,1,0
1229,2304,675105.0,3011235.0,2413,14.036243,323.1301,-0.008611111,8.188689,1,0
1113,801,630015.0,3014715.0,727,35.810272,6.632515,-0.0016666667,9.767881,1,0
592,858,631725.0,3030345.0,1493,42.231903,164.56036,-0.008055556,6.8991704,2,1
596,2218,672525.0,3030225.0,3565,16.453667,343.61047,-2.1684043e-19,10.6611,3,0
896,1493,650775.0,3021225.0,1994,14.310239,321.6325,-0.0022222223,8.168545,1,0
440,331,615915.0,3034905.0,2648,39.173668,235.41603,0.00055555557,10.226065,1,1
640,1554,652605.0,3028905.0,1774,35.23529,115.50694,0.004166667,9.7891035,1,1
979,2308,675225.0,3018735.0,2590,35.0928,236.12146,-0.004166667,7.8484755,1,0
771,1982,665445.0,3024975.0,1758,17.789377,359.25595,-0.0011111111,8.632291,1,1
933,2143,670275.0,3020115.0,1573,36.03537,99.89392,0.004722222,11.354662,3,1
526,2266,673965.0,3032325.0,4216,13.342363,198.43495,-0.014444444,8.241369,1,0
1231,2214,672405.0,3011175.0,1634,37.418877,57.002296,0.004166667,8.861929,1,0
23,1400,647985.0,3047415.0,1429,57.91081,199.85522,0.0130555555,8.900593,1,1
249,578,623325.0,3040635.0,4554,27.38759,25.740707,0.0058333334,9.251787,1,0
542,774,629205.0,3031845.0,1849,19.868475,290.94266,0.0025,12.096906,2,0
907,1008,636225.0,3020895.0,1544,34.34312,68.912315,0.009722223,10.4791155,2,1
1019,1476,650265.0,3017535.0,1107,12.225122,112.619865,0.0013888889,8.33179,1,0
192,1946,664365.0,3042345.0,3362,26.913061,35.647022,-0.0033333334,8.173573,1,0
633,2288,674625.0,3029115.0,3774,16.835445,308.29016,0.0,10.194986,3,0
505,393,617775.0,3032955.0,2081,21.86986,221.63354,0.009722223,11.586427,1,1
611,839,631155.0,3029775.0,1279,51.631496,146.57204,0.016666668,9.053723,2,1
799,669,626055.0,3024135.0,1336,30.63379,193.8407,0.0013888889,8.019462,1,1
632,766,628965.0,3029145.0,1920,25.501423,17.801872,-0.008055556,7.542621,2,0
1088,2397,677895.0,3015465.0,2810,31.638533,212.29288,-0.007222222,9.589274,1,1
220,93,608775.0,3041505.0,4485,32.75488,73.44293,0.0019444445,11.979672,1,0
913,868,632025.0,3020715.0,1263,31.952652,202.79652,-0.008333334,7.274447,1,1
1153,125,609735.0,3013515.0,2422,14.155488,82.40536,0.0,10.125789,1,0
842,2358,676725.0,3022845.0,3212,13.314535,116.113914,0.0052777776,8.243535,3,0
928,2139,670155.0,3020265.0,1801,70.836914,102.96974,-0.0475,5.745446,3,1
1121,1744,658305.0,3014475.0,1332,17.59408,3.0127869,-0.003888889,9.049529,1,0
981,476,620265.0,3018675.0,1237,36.97565,165.57922,0.0055555557,7.779381,1,1
1177,811,630315.0,3012795.0,1180,35.50733,273.0128,0.003611111,10.030359,1,0
1180,2024,666705.0,3012705.0,1079,33.34875,151.6501,-0.006111111,7.9139466,1,0
788,2016,666465.0,3024465.0,2189,29.374537,272.1211,-0.00027777778,8.986511,1,0
596,880,632385.0,3030225.0,1599,36.59335,225.45471,0.0027777778,8.198759,2,1
43,1397,647895.0,3046815.0,878,37.60963,195.69,0.011388889,10.726839,1,1
629,1423,648675.0,3029235.0,1031,22.709114,324.72757,-0.0022222223,8.36663,1,0
114,201,612015.0,3044685.0,4126,46.826656,63.034286,0.009722223,8.6845,1,0
499,393,617775.0,3033135.0,2153,36.578663,245.44955,-0.0027777778,7.1006823,1,1
596,38,607125.0,3030225.0,3573,28.72448,188.74615,0.00083333335,9.888709,1,0
357,741,628215.0,3037395.0,2804,20.991583,325.61966,0.0052777776,17.251223,1,0
730,659,625755.0,3026205.0,1758,41.749023,142.9696,-0.011944445,7.6092668,1,1
797,667,625995.0,3024195.0,1357,31.693441,201.37062,0.0,10.420039,1,1
509,1650,655485.0,3032835.0,1668,24.434134,191.10384,0.01,11.202226,1,0
1266,1687,656595.0,3010125.0,1246,25.501423,252.19814,-0.0011111111,8.235768,1,0
897,1531,651915.0,3021195.0,1826,36.087147,95.90614,0.011388889,8.217268,1,1
565,1583,653475.0,3031155.0,990,47.222855,153.43495,-0.003611111,7.8233366,1,1
911,871,632115.0,3020775.0,1302,33.575005,189.75797,0.0013888889,8.310827,1,1
668,676,626265.0,3028065.0,2038,37.421337,192.90106,0.006666667,9.015991,1,1
794,220,612585.0,3024285.0,2071,33.053963,99.58295,-0.006666667,8.841467,1,0
330,1442,649245.0,3038205.0,839,16.823395,101.92932,-0.003888889,7.9985204,1,0
435,2219,672555.0,3035055.0,4081,31.792282,249.1284,0.008333334,9.36013,1,0
24,1400,647985.0,3047385.0,1391,53.95635,196.01698,0.0022222223,9.123595,1,1
521,1634,655005.0,3032475.0,1562,14.854567,223.72697,0.003888889,12.256685,1,0
1179,662,625845.0,3012735.0,1833,15.61613,26.565052,-0.0075,8.077117,1,0
349,1987,665595.0,3037635.0,2218,31.54347,138.30186,0.0052777776,8.38902,1,0
539,526,621765.0,3031935.0,2580,48.050175,269.35626,0.007222222,7.7943344,1,0
397,2072,668145.0,3036195.0,3066,37.427074,35.247574,-0.004722222,8.168486,1,0
628,581,623415.0,3029265.0,2386,27.67569,252.42874,0.013333334,9.750346,1,0
1132,712,627345.0,3014145.0,912,44.45049,173.6598,-0.00027777778,9.018802,1,1
45,1404,648105.0,3046755.0,860,12.4894,196.38954,0.013611111,16.375305,1,1
281,560,622785.0,3039675.0,4672,28.097153,82.37581,-0.011388889,8.123115,1,0
849,2180,671385.0,3022635.0,2165,32.54467,196.30508,0.019722221,11.143371,3,1
527,1874,662205.0,3032295.0,2298,35.28126,302.00537,-0.011388889,7.148344,1,0
760,679,626355.0,3025305.0,1500,23.021526,258.69006,0.0013888889,12.462275,1,1
1270,1367,646995.0,3010005.0,365,42.994274,97.18854,-0.0025,10.050519,2,0
762,669,626055.0,3025245.0,1354,24.750404,260.112,0.0013888889,12.947358,1,1
336,1487,650595.0,3038025.0,998,22.228525,290.28256,0.00083333335,7.697234,1,0
1021,704,627105.0,3017475.0,746,39.61348,166.31354,0.00055555557,8.937448,1,1
507,397,617895.0,3032895.0,2110,38.721855,217.82275,-0.0030555555,11.44216,1,1
324,1897,662895.0,3038385.0,1941,34.520798,141.3944,0.010555555,9.661536,1,1
866,1641,655215.0,3022125.0,1193,12.646669,31.328693,-0.00055555557,10.781708,1,0
28,1393,647775.0,3047265.0,1246,48.019775,191.89972,-0.0016666667,9.335846,1,1
1199,1210,642285.0,3012135.0,1435,25.75761,16.557068,0.0,10.4755945,2,0
950,2247,673395.0,3019605.0,1964,39.614193,147.75003,-0.0055555557,8.783272,1,1
1197,1399,647955.0,3012195.0,533,28.253004,318.77228,-0.010555555,10.719269,2,0
705,1969,665055.0,3026955.0,1712,15.503408,237.26477,0.013333334,18.077557,1,1
901,996,635865.0,3021075.0,1748,23.653215,115.346176,-0.0044444446,7.6279407,2,0
298,1637,655095.0,3039165.0,2093,31.445492,192.99461,-0.0052777776,7.987394,1,0
907,1005,636135.0,3020895.0,1615,38.794186,70.62586,-0.003611111,8.119346,2,1
519,1475,650235.0,3032535.0,672,35.030125,251.99583,0.007777778,13.134006,1,0
596,875,632235.0,3030225.0,1515,36.44499,229.1182,0.0055555557,9.995933,2,1
906,1009,636255.0,3020925.0,1526,11.727024,100.407715,0.015,17.342892,2,1
614,770,629085.0,3029685.0,1601,28.468466,46.245365,-0.0019444445,8.513047,2,0
833,1414,648405.0,3023115.0,972,14.222051,316.3322,0.023055555,17.727926,1,1
1198,1232,642945.0,3012165.0,1334,22.75355,20.95578,0.0033333334,11.919802,2,0
380,1373,647175.0,3036705.0,1601,53.126072,151.43242,0.01,8.306619,1,1
222,1226,642765.0,3041445.0,1903,36.724087,98.67317,0.003888889,9.292607,1,1
856,2163,670875.0,3022425.0,1841,21.260378,223.2643,0.0130555555,10.454396,3,1
539,1978,665325.0,3031935.0,2278,34.40256,277.34125,0.0075,8.567347,1,1
692,366,616965.0,3027345.0,1858,32.659462,51.863693,0.006111111,10.743644,1,0
1170,295,614835.0,3013005.0,2418,16.01275,334.17902,0.0016666667,10.130157,1,0
354,51,607515.0,3037485.0,3979,28.183918,233.21921,0.0016666667,9.035764,1,1
744,1327,645795.0,3025785.0,647,12.958842,42.064327,-0.0027777778,9.370197,1,0
841,1421,648615.0,3022875.0,1229,33.72309,357.1376,-0.0025,8.998371,1,1
1000,1485,650535.0,3018105.0,1305,30.25262,195.32692,0.0013888889,9.420986,1,0
695,2165,670935.0,3027255.0,3457,38.232513,246.96057,-0.0044444446,9.438748,3,0
1195,661,625815.0,3012255.0,1800,39.33715,215.0636,0.003888889,8.0999775,1,0
272,1269,644055.0,3039945.0,1931,30.806982,333.43494,-0.0013888889,10.363955,1,0
768,657,625695.0,3025065.0,1194,29.223547,291.40518,0.0022222223,12.61969,1,1
905,1003,636075.0,3020955.0,1636,33.776608,59.281097,-0.0013888889,9.401814,2,1
407,646,625365.0,3035895.0,2481,24.126322,135.75385,0.021388888,13.779427,1,1
423,796,629865.0,3035415.0,3070,37.41067,78.69006,-0.008611111,8.8622265,1,0
564,1448,649425.0,3031185.0,704,50.30841,163.31973,0.012222222,7.714639,1,1
172,1528,651825.0,3042945.0,1235,19.890371,321.5463,-0.003888889,9.610805,1,0
350,655,625635.0,3037605.0,3111,36.405716,222.2519,0.0019444445,8.49329,1,0
799,1823,660675.0,3024135.0,1428,22.384172,168.91742,0.0030555555,10.254447,1,1
906,881,632415.0,3020925.0,1474,39.254894,191.76828,-0.0016666667,8.613732,1,1
315,890,632685.0,3038655.0,3502,5.0956197,37.405357,-0.020555556,9.219599,1,0
714,2204,672105.0,3026685.0,3446,35.137287,250.27773,-0.0033333334,8.539972,3,0
299,1233,642975.0,3039135.0,2351,35.17788,335.55603,-0.0069444445,7.152173,1,0
28,1407,648195.0,3047265.0,1300,46.437675,208.39302,0.0058333334,9.696629,1,1
909,1001,636015.0,3020835.0,1707,34.223583,62.650124,-0.00027777778,8.797199,2,1
389,733,627975.0,3036435.0,3090,40.185497,149.1332,0.00027777778,8.91716,1,0
920,1905,663135.0,3020505.0,1705,39.949314,179.1449,-0.004166667,10.505978,1,0
593,854,631605.0,3030315.0,1458,28.072487,180.0,0.016944444,9.510445,2,1
1021,1765,658935.0,3017475.0,1026,24.13187,288.43494,0.00027777778,8.298528,1,0
910,1006,636165.0,3020805.0,1623,33.609295,59.898697,-0.0016666667,12.45794,2,1
1152,2049,667455.0,3013545.0,1459,52.349785,190.37074,0.011944445,8.740202,1,1
405,133,609975.0,3035955.0,4056,25.421381,87.99045,0.006666667,9.848805,1,0
36,1395,647835.0,3047025.0,1048,37.154255,171.78079,-0.0016666667,10.215246,1,1
536,1984,665505.0,3032025.0,2346,24.736162,294.0151,0.010555555,10.062281,1,1
1133,717,627495.0,3014115.0,870,41.83501,155.82089,0.004722222,10.131975,1,1
751,2317,675495.0,3025575.0,3642,33.037846,332.94244,0.003888889,10.490741,3,0
153,1544,652305.0,3043515.0,1426,24.38324,330.84308,-0.0025,8.69228,1,0
1124,512,621345.0,3014385.0,1650,34.090065,52.001266,0.004722222,8.291389,1,1
264,2089,668655.0,3040185.0,3855,47.661507,193.61418,-0.004722222,8.906581,1,0
495,1040,637185.0,3033255.0,2179,28.005556,324.56668,-0.0013888889,9.225578,1,0
1244,1124,639705.0,3010785.0,2337,28.258747,32.334938,-0.0027777778,9.214951,2,0
1227,1774,659205.0,3011295.0,853,18.351448,122.691986,-0.0027777778,8.599022,1,1
867,565,622935.0,3022095.0,1492,18.009697,358.5312,-0.004166667,10.228581,1,0
1023,1110,639285.0,3017415.0,764,29.819405,210.10654,0.0,8.968431,2,0
364,874,632205.0,3037185.0,2630,31.03431,300.82767,-0.0125,7.310431,1,0
538,1978,665325.0,3031965.0,2277,28.34467,246.8014,0.015555556,18.29005,1,1
912,1003,636075.0,3020745.0,1700,37.502308,55.619656,0.0027777778,8.453448,2,1
990,1368,647025.0,3018405.0,2187,15.639215,175.73212,4.3368087e-19,9.174176,1,0
920,2297,674895.0,3020505.0,2465,24.805475,295.641,0.0033333334,7.574194,3,0
812,525,621735.0,3023745.0,1149,35.162785,297.47443,-0.00083333335,8.251345,1,0
802,1823,660675.0,3024045.0,1392,24.470388,130.5444,0.006111111,9.892213,1,1
210,952,634545.0,3041805.0,4057,39.429085,162.29958,-0.0027777778,8.096706,1,0
1247,1833,660975.0,3010695.0,911,13.166321,85.91438,0.00055555557,10.894195,1,0
628,1976,665265.0,3029265.0,2825,23.889643,191.94418,0.0013888889,9.226192,1,0
917,2194,671805.0,3020595.0,2209,28.26449,252.40758,-0.0027777778,10.824148,3,0
551,1540,652185.0,3031575.0,742,45.5866,188.92398,0.008333334,8.391355,1,0
566,1450,649485.0,3031125.0,634,40.94385,142.41463,-0.00027777778,7.6376038,1,1
840,1418,648525.0,3022905.0,1183,48.17109,336.0158,-0.006666667,7.3846235,1,1
107,324,615705.0,3044895.0,4516,40.098648,218.57126,0.004166667,8.072937,1,0
43,668,626025.0,3046815.0,4214,23.039364,41.027504,-4.3368087e-19,10.365438,1,0
922,1007,636195.0,3020445.0,1707,30.811903,82.77568,-0.0013888889,10.263676,2,0
566,1446,649365.0,3031125.0,695,45.842495,124.78312,-0.00027777778,9.337932,1,1
535,455,619635.0,3032055.0,2231,35.8682,205.9744,0.0044444446,10.653054,1,0
93,202,612045.0,3045315.0,4077,12.260147,122.47119,0.0027777778,9.021987,1,0
307,1537,652095.0,3038895.0,1358,33.662155,46.013977,0.0022222223,8.818354,1,0
563,2203,672075.0,3031215.0,3812,25.895819,140.5722,0.00027777778,9.604445,3,0
616,1892,662745.0,3029625.0,2053,17.721756,292.2176,-0.0030555555,7.9432077,1,0
140,507,621195.0,3043905.0,5318,13.771202,162.18112,-0.007222222,8.208522,1,0
744,664,625905.0,3025785.0,1437,23.653215,154.65382,0.0058333334,13.153394,1,1
984,632,624945.0,3018585.0,1193,31.820084,130.64302,-0.0022222223,10.968485,1,0
1216,1333,645975.0,3011625.0,770,34.062824,141.50563,0.0044444446,9.139712,2,0
997,534,622005.0,3018195.0,1175,29.43348,217.80077,0.0013888889,9.571893,1,0
738,662,625845.0,3025965.0,1523,31.456144,155.87903,0.0025,7.293829,1,1
729,659,625755.0,3026235.0,1776,34.00213,149.15762,-0.007777778,8.805524,1,1
35,1389,647655.0,3047055.0,1082,36.152077,176.40329,-0.0016666667,10.207318,1,1
1021,703,627075.0,3017475.0,753,37.34572,165.12904,-0.0019444445,8.682255,1,1
361,923,633675.0,3037275.0,2539,31.544647,203.60712,0.003611111,13.071105,1,0
974,2187,671595.0,3018885.0,1515,39.641983,187.80411,0.008888889,8.599963,1,1
1079,487,620595.0,3015735.0,1275,18.27289,10.175514,-0.008611111,7.910471,1,0
536,1983,665475.0,3032025.0,2334,17.979225,285.64224,0.013888889,10.818178,1,1
652,903,633075.0,3028545.0,1257,28.34467,336.8014,-0.008333334,7.419599,2,0
684,380,617385.0,3027585.0,2007,41.885506,213.24707,0.003611111,8.857236,1,0
914,2313,675375.0,3020685.0,2930,46.158142,190.1408,0.004722222,7.8605695,3,1
882,804,630105.0,3021645.0,850,58.53793,142.45813,0.015833333,7.4098053,1,1
696,1996,665865.0,3027225.0,1932,25.03089,177.95459,-0.006111111,10.782773,1,0
34,1390,647685.0,3047085.0,1101,36.056816,174.7462,0.00027777778,9.892357,1,1
766,1461,649815.0,3025125.0,1776,32.742844,197.73053,0.008055556,9.54652,1,1
822,653,625575.0,3023445.0,785,21.271475,222.39743,0.011111111,10.23068,1,1
73,167,610995.0,3045915.0,4484,26.794214,86.68906,0.010277778,8.584185,1,0
1252,231,612915.0,3010545.0,2741,33.859627,358.9325,0.00055555557,9.504041,1,0
536,1977,665295.0,3032025.0,2303,32.954872,197.96915,0.006666667,9.720721,1,1
21,1296,644865.0,3047475.0,1041,21.965609,70.06746,-0.0013888889,7.7103996,1,0
941,927,633795.0,3019875.0,1822,17.59408,266.9872,-0.0022222223,9.742677,2,0
35,1393,647775.0,3047055.0,1074,35.949306,178.68309,-1.0299921e-18,10.168237,1,1
436,332,615945.0,3035025.0,2726,42.460835,232.3996,0.0022222223,9.599195,1,1
162,1538,652125.0,3043245.0,1255,17.42489,275.33215,0.0013888889,11.395196,1,0
849,2187,671595.0,3022635.0,2321,32.593334,234.54913,0.011388889,9.195588,3,1
1045,1658,655725.0,3016755.0,665,18.264738,313.977,0.015833333,9.520387,1,0
692,1528,651825.0,3027345.0,2272,29.43348,249.69156,-0.0025,7.3746686,1,0
597,878,632325.0,3030195.0,1558,34.81269,225.48555,-0.004166667,9.730689,2,1
1012,391,617715.0,3017745.0,1509,18.650862,89.29268,0.0016666667,10.527566,1,0
1288,929,633855.0,3009465.0,1290,36.595943,134.09062,-0.0063888887,8.486346,1,0
302,1124,639705.0,3039045.0,3201,37.005135,54.904182,-0.012777777,7.77831,1,0
810,574,623205.0,3023805.0,846,15.69183,35.340107,0.0058333334,11.116554,1,0
975,475,620235.0,3018855.0,1380,42.28228,153.90457,0.0030555555,9.841843,1,1
940,519,621555.0,3019905.0,1753,42.57693,167.1612,-0.00055555557,9.284972,1,1
1147,24,606705.0,3013695.0,2699,24.59125,79.50852,0.0055555557,11.1675625,1,0
832,1414,648405.0,3023145.0,974,30.867172,234.64804,0.023611112,10.089634,1,1
915,2138,670125.0,3020655.0,1909,70.32726,120.231865,-0.009444444,7.5655766,3,1
1228,1781,659415.0,3011265.0,751,15.2919035,97.88314,0.016111111,17.83794,1,1
165,1126,639765.0,3043155.0,2535,26.077198,312.92996,0.0027777778,10.512699,1,0
910,868,632025.0,3020805.0,1302,27.05733,213.69006,0.0013888889,9.083636,1,1
789,440,619185.0,3024435.0,1406,31.88016,176.54338,0.006111111,9.762173,1,0
439,331,615915.0,3034935.0,2662,39.767483,235.19598,0.0011111111,10.07711,1,1
850,2172,671145.0,3022605.0,2070,47.105614,212.0289,-0.020555556,7.421976,3,1
457,1099,638955.0,3034395.0,2745,30.917368,248.79077,-0.012777777,7.3150563,1,0
404,641,625215.0,3035985.0,2612,33.90047,108.43495,0.0013888889,7.8930626,1,1
1266,1391,647715.0,3010125.0,492,36.326004,305.31122,0.014722222,10.200953,2,1
1072,1575,653235.0,3015945.0,653,37.730717,157.85483,-0.003611111,7.0589085,1,0
1237,1616,654465.0,3010995.0,1229,27.238571,150.9454,-0.0013888889,8.1595545,1,0
907,1006,636165.0,3020895.0,1592,40.786034,68.763824,-0.0016666667,6.950023,2,1
661,71,608115.0,3028275.0,2917,34.038574,173.26952,0.0058333334,10.56201,1,0
930,2142,670245.0,3020205.0,1617,35.621487,140.66371,0.00055555557,8.52207,3,1
21,1399,647955.0,3047475.0,1526,64.68334,189.75938,0.008333334,7.663286,1,1
849,2174,671205.0,3022635.0,2104,35.004414,210.37912,0.0030555555,11.090435,3,1
795,670,626085.0,3024255.0,1409,29.530807,206.18811,0.00083333335,9.450145,1,1
262,850,631485.0,3040245.0,2690,15.042369,150.25513,0.0058333334,15.236843,1,0
34,1402,648045.0,3047085.0,1106,45.042213,194.20969,0.00055555557,7.4940686,1,1
1148,2341,676215.0,3013665.0,1838,13.334419,190.12466,0.015,17.26044,1,1
916,2314,675405.0,3020625.0,2883,39.92487,195.00491,0.003888889,9.059926,3,1
508,395,617835.0,3032865.0,2062,31.345736,212.71167,0.008888889,10.593999,1,1
1056,271,614115.0,3016425.0,1261,51.551136,203.59682,0.012222222,8.517608,1,1
1184,185,611535.0,3012585.0,2484,33.941208,94.61635,0.0019444445,8.584675,1,0
965,1395,647835.0,3019155.0,2348,17.775316,8.972626,-0.00055555557,9.0386,1,0
165,1707,657195.0,3043155.0,2207,25.419674,332.31165,0.00055555557,10.111246,1,0
252,134,610005.0,3040545.0,4101,13.585991,133.60281,0.0044444446,10.620486,1,0
611,846,631365.0,3029775.0,1241,46.202076,182.74808,0.005,9.158318,2,1
595,878,632325.0,3030255.0,1587,34.204575,229.4749,-0.005,9.267917,2,1
683,2288,674625.0,3027615.0,3672,21.71973,74.219246,-0.004722222,7.722826,3,0
853,1175,641235.0,3022515.0,1091,33.43711,192.01901,0.0075,11.344578,2,1
383,1373,647175.0,3036615.0,1523,33.674564,137.02731,0.012222222,9.000206,1,1
534,1976,665265.0,3032085.0,2339,39.99044,200.95578,0.004722222,8.364454,1,1
951,2244,673305.0,3019575.0,1973,32.57234,149.42078,0.0022222223,9.735393,1,1
891,119,609555.0,3021375.0,2550,44.723812,120.88108,-0.0069444445,9.00926,1,0
321,1896,662865.0,3038475.0,2033,50.857185,141.88643,0.00055555557,7.9827952,1,1
893,2204,672105.0,3021315.0,2562,41.412792,184.6063,-0.005,8.537378,3,1
673,673,626175.0,3027915.0,1934,33.70865,177.85242,0.004722222,9.846214,1,1
368,849,631455.0,3037065.0,2452,43.280304,126.36287,-0.006111111,8.80837,1,0
933,2137,670095.0,3020115.0,1736,66.1816,106.23491,0.025833333,9.595591,3,1
18,1398,647925.0,3047565.0,1650,46.501774,204.0315,-0.005,8.359387,1,1
910,1002,636045.0,3020805.0,1699,35.889866,61.073574,-0.0011111111,8.917658,2,1
719,1272,644145.0,3026535.0,1092,24.395979,159.56717,0.0044444446,9.672518,1,0
437,1033,636975.0,3034995.0,2685,37.935253,276.13727,-0.0022222223,8.843299,1,0
65,883,632475.0,3046155.0,4645,24.01494,114.88741,-0.004166667,7.6108603,1,0
999,1442,649245.0,3018135.0,1573,33.706585,167.00539,-0.015833333,7.2072353,1,0
737,1272,644145.0,3025995.0,835,48.797714,140.32823,0.030555556,7.768052,1,1
609,839,631155.0,3029835.0,1361,56.759747,161.86191,0.0069444445,9.470905,2,1
916,866,631965.0,3020625.0,1184,35.970863,214.23746,0.0019444445,8.221535,1,1
954,2244,673305.0,3019485.0,1916,45.808235,130.3999,0.004722222,9.818701,1,1
838,1419,648555.0,3022965.0,1112,57.433994,342.8188,0.012777777,9.850568,1,1
981,1495,650835.0,3018675.0,1542,49.004684,201.45464,0.01638889,8.859372,1,1
497,389,617655.0,3033195.0,2121,5.4792686,124.38034,0.006111111,13.553314,1,1
908,881,632415.0,3020865.0,1424,42.46379,196.12456,-0.0013888889,8.836951,1,1
573,1856,661665.0,3030915.0,1491,28.004099,150.42216,0.0013888889,10.478403,1,1
484,1981,665415.0,3033585.0,2876,38.645397,344.58777,0.0025,9.423949,1,0
1025,1853,661575.0,3017355.0,1562,28.581488,6.1466293,0.00083333335,9.974683,1,0
713,2218,672525.0,3026715.0,3267,27.559258,109.592285,0.00055555557,10.017657,3,0
853,2194,671805.0,3022515.0,2507,46.945415,276.93134,-0.009166666,8.680345,3,1
640,1553,652575.0,3028905.0,1792,38.66057,114.29578,0.013333334,9.328096,1,1
833,881,632415.0,3023115.0,1879,47.562477,139.63547,0.005,7.8114405,2,1
507,488,620625.0,3032895.0,2977,39.26073,163.41266,0.004166667,9.0835285,1,0
218,1438,649125.0,3041565.0,870,42.172913,152.02052,0.014722222,10.120115,1,1
513,403,618075.0,3032715.0,2053,34.93278,215.77608,-0.00083333335,8.259884,1,1
610,1645,655335.0,3029805.0,1473,15.128379,331.46002,-0.0019444445,8.110425,1,0
1002,1292,644745.0,3018045.0,1376,19.443686,258.4248,0.00055555557,9.635406,2,0
982,476,620265.0,3018645.0,1216,28.442928,165.74997,0.014722222,8.5141115,1,1
1263,1386,647565.0,3010215.0,381,34.148426,317.48956,0.0033333334,10.186316,2,1
498,392,617745.0,3033165.0,2141,35.04724,246.17574,0.003611111,8.766457,1,1
954,2247,673395.0,3019485.0,1882,33.30228,201.19406,0.0055555557,9.014326,1,1
600,1125,639735.0,3030105.0,2462,25.683865,52.03794,-0.0044444446,13.360448,1,0
820,651,625515.0,3023505.0,794,31.369541,192.2315,0.015,9.4944515,1,1
874,2244,673305.0,3021885.0,2924,31.051294,175.23636,0.010277778,9.707656,3,1
585,755,628635.0,3030555.0,1407,21.086199,6.2034454,-0.0025,11.667396,2,0
1043,1582,653445.0,3016815.0,832,33.395096,52.188538,0.013888889,9.416264,1,1
916,863,631875.0,3020625.0,1151,32.367607,208.24973,-0.00055555557,10.784736,1,1
1085,2104,669105.0,3015555.0,1046,26.509253,96.23448,0.0019444445,9.107416,1,0
1239,1777,659295.0,3010935.0,831,18.394606,74.74488,-0.0016666667,11.161453,1,0
526,1680,656385.0,3032325.0,1394,38.572376,149.54964,0.010555555,10.717547,1,1
896,662,625845.0,3021225.0,1140,33.847355,81.064384,0.012222222,9.909969,1,0
593,860,631785.0,3030315.0,1448,36.699226,169.69516,0.0055555557,9.17573,2,1
697,721,627615.0,3027195.0,1838,47.425545,357.58667,-0.00083333335,8.327064,1,0
605,451,619515.0,3029955.0,2005,38.348938,66.40518,-0.007222222,10.928495,1,0
354,50,607485.0,3037485.0,3967,27.702444,234.03949,-0.00055555557,9.238385,1,1
1021,2278,674325.0,3017475.0,2641,29.260073,292.75098,-0.011111111,7.381753,1,0
917,861,631815.0,3020595.0,1109,32.954872,226.04163,0.009166666,9.720721,1,1
960,948,634425.0,3019305.0,2016,26.121412,294.6051,0.003611111,10.079963,2,0
89,1099,638955.0,3045435.0,2515,36.52845,72.99205,0.0055555557,11.127866,1,0
951,870,632085.0,3019575.0,1412,33.427666,223.97697,-0.003611111,8.316414,1,1
947,2140,670185.0,3019695.0,1745,22.832014,88.298645,-0.004166667,8.36062,3,0
909,880,632385.0,3020835.0,1387,44.124416,197.50085,0.003888889,9.541014,1,1
814,1191,641715.0,3023685.0,1423,44.196636,135.69446,0.005,8.622201,2,1
404,639,625155.0,3035985.0,2643,25.50312,117.012665,0.00027777778,10.486983,1,1
387,1320,645585.0,3036495.0,2298,44.888657,149.03624,-0.009722223,7.4994287,1,1
643,1467,649995.0,3028815.0,1532,25.051863,348.69006,-0.00027777778,13.843339,1,0
672,674,626205.0,3027945.0,1955,32.74175,183.71529,0.0025,9.728884,1,1
39,1398,647925.0,3046935.0,980,31.681774,182.32153,-0.0022222223,10.750736,1,1
393,1391,647715.0,3036315.0,1179,49.633835,139.5968,0.0075,8.026228,1,1
744,1343,646275.0,3025785.0,494,19.173113,224.02898,0.011111111,12.568309,1,0
407,643,625275.0,3035895.0,2544,39.322624,119.56414,0.00083333335,7.6950297,1,1
47,1400,647985.0,3046695.0,865,21.10864,346.26373,0.0052777776,9.700116,1,1
849,2179,671355.0,3022635.0,2167,35.558987,195.89952,0.0,7.1380806,3,1
246,2140,670185.0,3040725.0,3848,43.026207,29.99868,-0.0022222223,7.564495,1,0
25,1399,647955.0,3047355.0,1343,50.841366,202.12634,-0.0011111111,6.597065,1,1
886,246,613365.0,3021525.0,2249,41.908848,148.67131,0.009166666,9.308402,1,0
900,112,609345.0,3021105.0,2527,40.901924,135.77948,-0.0063888887,9.584992,1,0
32,1003,636075.0,3047145.0,3439,27.238571,29.054604,-0.0025,9.412317,1,0
1112,1798,659925.0,3014745.0,1422,12.726576,142.49585,-0.0044444446,8.290292,1,0
869,2156,670665.0,3022035.0,1828,44.822342,102.34642,0.0030555555,8.600356,3,1
760,686,626565.0,3025305.0,1589,20.655714,249.96278,0.004722222,12.422335,1,1
927,1830,660885.0,3020295.0,1474,46.702023,195.01837,-0.0011111111,8.3523855,1,0
414,88,608625.0,3035685.0,4251,21.020931,350.6398,-0.003888889,7.75877,1,0
494,1863,661875.0,3033285.0,1779,27.446522,311.74805,0.0030555555,10.022461,1,0
1087,1515,651435.0,3015495.0,629,25.744226,77.52489,-0.00027777778,9.611195,1,0
760,666,625965.0,3025305.0,1313,25.411135,271.00507,0.0011111111,12.451956,1,1
564,1446,649365.0,3031185.0,736,43.206223,152.52557,0.0019444445,6.8650503,1,1
789,1568,653025.0,3024435.0,1563,30.907587,106.1645,1.3010426e-18,8.701738,1,0
353,53,607575.0,3037515.0,4019,32.76909,236.61853,0.0011111111,8.629223,1,1
30,1393,647775.0,3047205.0,1185,40.405926,186.46408,0.005,9.736039,1,1
923,2277,674295.0,3020415.0,2365,50.91384,167.09259,0.010277778,8.38624,3,1
227,354,616605.0,3041295.0,3527,25.791021,97.43141,0.0016666667,9.832252,1,0
732,138,610125.0,3026145.0,2470,41.06634,88.08172,0.003888889,8.886049,1,0
1227,1775,659235.0,3011295.0,845,21.335686,123.69006,-0.006111111,8.43561,1,1
682,432,618945.0,3027645.0,1363,18.1227,121.46414,0.0025,10.6918955,1,0
388,1321,645615.0,3036465.0,2251,44.349377,143.66739,0.004722222,7.92372,1,1
151,638,625125.0,3043575.0,5025,21.68305,218.19095,-0.004166667,9.334127,1,0
394,1391,647715.0,3036285.0,1152,45.896763,133.03635,0.014166667,8.157381,1,1
1169,1603,654075.0,3013035.0,1793,24.79838,262.74683,0.0,8.673131,1,0
1265,1388,647625.0,3010155.0,444,33.191906,313.96777,-0.0013888889,9.865825,2,1
387,1718,657525.0,3036495.0,2097,27.355772,187.86908,0.011111111,8.847683,1,0
913,1004,636105.0,3020715.0,1698,37.2805,48.106026,-0.0030555555,8.4614725,2,1
1265,1390,647685.0,3010155.0,469,29.402695,308.39517,0.0030555555,9.860831,2,1
883,1138,640125.0,3021615.0,1349,18.627031,98.53076,0.006666667,14.264907,2,0
1288,375,617235.0,3009465.0,2764,20.671879,30.529705,-0.0019444445,10.174984,1,0
627,1492,650745.0,3029295.0,1565,20.262512,286.38953,0.00083333335,10.1967945,1,0
818,478,620325.0,3023565.0,1509,21.393026,38.08877,-0.0019444445,8.838125,1,0
887,803,630075.0,3021495.0,751,14.129503,155.55605,0.024166666,17.644058,1,1
718,368,617025.0,3026565.0,1912,13.206567,96.1155,-0.0013888889,11.862893,1,0
925,2287,674595.0,3020355.0,2322,47.417175,178.02505,0.0011111111,7.4110665,3,1
211,1879,662355.0,3041775.0,3464,25.597967,346.93066,-0.0016666667,8.231438,1,0
42,1394,647805.0,3046845.0,903,35.497166,173.29016,0.00055555557,10.507658,1,1
508,400,617985.0,3032865.0,2131,38.479855,209.52136,-0.008333334,9.429877,1,1
847,2182,671445.0,3022695.0,2254,51.28947,215.7601,0.0058333334,9.220123,3,1
41,1394,647805.0,3046875.0,925,39.94652,179.71495,0.0044444446,10.311921,1,1
160,2228,672825.0,3043305.0,4045,43.76326,258.2012,-0.0027777778,8.455016,1,0
941,2109,669255.0,3019875.0,2099,40.68457,168.25436,0.0030555555,8.339899,3,0
267,849,631455.0,3040095.0,2673,11.333817,133.3153,0.006666667,10.2014265,1,0
397,223,612675.0,3036195.0,3848,20.80972,322.125,-0.010277778,8.462972,1,0
757,2256,673665.0,3025395.0,3306,24.242445,177.8789,-0.014722222,7.600217,3,0
594,870,632085.0,3030285.0,1473,37.355602,209.78368,0.00055555557,9.905672,2,1
796,2014,666405.0,3024225.0,2258,30.74904,331.10132,-0.010277778,8.014879,1,0
912,2140,670185.0,3020745.0,1856,69.81189,107.93529,0.024444444,7.1881814,3,1
828,1416,648465.0,3023265.0,1121,47.995728,228.95564,-0.0025,8.083927,1,0
693,1969,665055.0,3027315.0,1922,39.977207,168.24332,0.014166667,8.077241,1,1
884,801,630015.0,3021585.0,870,53.488102,143.02406,-0.004166667,7.1948185,1,1
155,890,632685.0,3043455.0,3597,37.026165,269.0504,-0.006666667,10.080132,1,0
250,2288,674625.0,3040605.0,4478,36.25472,299.62375,0.004722222,9.191959,1,0
19,2193,671775.0,3047535.0,3717,34.090065,80.07375,-0.015,7.8859243,1,0
906,879,632355.0,3020925.0,1463,41.300743,195.68411,-0.004722222,8.030496,1,1
1203,29,606855.0,3012015.0,2973,23.653215,64.653824,-0.0027777778,8.321088,1,0
510,1470,650085.0,3032805.0,725,53.482887,239.40002,-0.007777778,7.1950088,1,0
601,884,632505.0,3030075.0,1560,37.05304,195.03326,0.006666667,8.469718,2,1
544,1198,641925.0,3031785.0,1598,34.96625,204.27444,0.0130555555,9.932616,1,0
694,1050,637485.0,3027285.0,2260,26.732893,38.95591,0.009722223,9.790819,2,0
583,238,613125.0,3030615.0,3617,34.747955,51.34019,0.008888889,8.266764,1,0
735,662,625845.0,3026055.0,1580,37.97806,163.88658,0.00027777778,9.614948,1,1
972,2204,672105.0,3018945.0,1771,41.218082,182.72632,-0.019444445,6.934794,1,1
473,675,626235.0,3033915.0,2291,38.696915,218.24092,-0.00055555557,8.633649,1,0
907,1801,660015.0,3020895.0,1269,28.155048,294.37012,0.0055555557,12.263819,1,0
379,1994,665805.0,3036735.0,2228,41.512054,322.26697,0.004166667,9.003891,1,0
942,916,633465.0,3019845.0,1729,8.118116,263.29016,-0.0022222223,10.136095,2,0
739,1533,651975.0,3025935.0,2195,44.691326,173.7131,0.019444445,9.115755,1,1
512,398,617925.0,3032745.0,2022,7.8255258,165.96375,0.0225,21.16024,1,1
909,1003,636075.0,3020835.0,1669,35.21367,67.0679,0.0016666667,9.635754,2,1
954,874,632205.0,3019485.0,1424,37.790913,236.39532,0.011388889,8.155351,1,1
451,1139,640155.0,3034575.0,2975,31.121473,69.81419,0.0075,11.850285,1,0
512,2083,668475.0,3032745.0,3148,38.855705,309.12262,-0.0019444445,8.404829,1,0
612,1982,665445.0,3029745.0,2956,30.610144,281.78473,-0.0016666667,8.425868,1,1
245,446,619365.0,3040755.0,4014,30.414715,244.34433,9.215718e-19,15.691139,1,0
507,398,617925.0,3032895.0,2125,36.869896,216.8699,-0.0052777776,9.729135,1,1
983,1405,648135.0,3018615.0,2154,21.428207,93.65222,0.00055555557,9.817147,1,0
391,1390,647685.0,3036375.0,1257,49.978268,143.2504,0.00083333335,8.237177,1,1
31,1403,648075.0,3047175.0,1205,39.97442,200.05609,-0.008611111,6.9787273,1,1
794,671,626115.0,3024285.0,1432,27.227877,211.75949,-0.0016666667,9.412777,1,1
855,2182,671445.0,3022455.0,2230,39.002518,285.8239,0.008611111,10.30913,3,1
633,1387,647595.0,3029115.0,771,25.411135,322.125,0.0033333334,10.379895,1,0
962,2367,676995.0,3019245.0,3143,43.29709,231.10278,-0.010277778,7.960485,1,0
534,1977,665295.0,3032085.0,2351,42.565186,201.56006,-0.005,9.084713,1,1
406,645,625335.0,3035925.0,2511,40.835526,129.52263,0.012777777,11.330304,1,1
276,422,618645.0,3039825.0,3933,15.100919,283.39252,-0.0016666667,10.058239,1,0
1146,102,609045.0,3013725.0,2523,23.444145,357.7974,0.00083333335,9.583814,1,0
853,2169,671055.0,3022515.0,1961,23.463442,266.69812,0.009166666,15.34629,3,1
29,1397,647895.0,3047235.0,1225,45.590897,180.23386,-0.005,10.000643,1,1
646,1770,659085.0,3028725.0,1764,22.721245,31.159306,0.00055555557,9.282327,1,0
1233,2274,674205.0,3011115.0,1964,29.881992,211.96133,0.008055556,11.633129,1,0
1205,1057,637695.0,3011955.0,1700,34.87909,152.20956,0.004722222,9.360493,2,0
608,2065,667935.0,3029865.0,3249,40.5442,144.91653,-0.0011111111,6.9585624,1,0
405,638,625125.0,3035955.0,2650,33.542725,104.56027,0.0075,8.599732,1,1
512,399,617955.0,3032745.0,2024,21.315786,186.74557,0.017777778,20.116806,1,1
736,660,625785.0,3026025.0,1570,36.531048,156.46289,0.014722222,12.306426,1,1
1208,921,633615.0,3011865.0,1339,64.0042,135.49391,0.015,7.8759804,1,1
1079,1378,647325.0,3015735.0,934,25.38549,290.0261,-0.0025,12.794861,1,0
379,1372,647145.0,3036735.0,1661,56.32319,151.65614,0.0044444446,8.005866,1,1
811,85,608535.0,3023775.0,3256,31.550531,82.199814,0.003611111,9.369573,1,0
341,1303,645075.0,3037875.0,2160,36.26089,21.31791,0.0016666667,12.546014,1,0
1052,654,625605.0,3016545.0,985,33.93307,27.67591,-0.003611111,9.144597,1,0
303,1093,638775.0,3039015.0,3251,38.925182,257.18262,-0.0022222223,8.807813,1,0
112,1507,651195.0,3044745.0,764,18.305449,130.91438,0.009722223,9.700323,1,0
1025,237,613095.0,3017355.0,1726,22.53215,213.53047,0.008888889,13.658533,1,0
581,1735,658035.0,3030675.0,1240,35.598537,12.094757,-0.0069444445,9.082532,1,0
872,1534,652005.0,3021945.0,1980,23.430626,123.23171,-0.012777777,7.6385503,1,0
1085,2397,677895.0,3015555.0,2864,42.377773,189.46231,0.003611111,9.784428,1,1
846,2176,671265.0,3022725.0,2178,30.160738,194.53445,0.008055556,9.647818,3,1
955,875,632235.0,3019455.0,1432,36.33303,250.12782,0.016666668,10.054091,1,1
660,2308,675225.0,3028305.0,3756,21.805696,215.6764,0.0011111111,9.664379,3,0
1201,2382,677445.0,3012075.0,2357,19.858734,230.61758,0.0075,10.528822,1,0
408,640,625185.0,3035865.0,2597,36.768566,116.13641,0.0025,7.7869105,1,1
360,1685,656535.0,3037305.0,2618,30.910032,171.1932,-0.0030555555,9.617932,1,0
572,1856,661665.0,3030945.0,1505,30.917368,158.79077,0.0052777776,9.394498,1,1
926,483,620475.0,3020325.0,1869,31.774883,354.5962,0.011388889,9.227278,1,0
1168,926,633765.0,3013065.0,1945,34.40256,348.41656,-0.0027777778,9.746002,1,0
407,644,625305.0,3035895.0,2522,40.2944,117.19465,0.0033333334,10.145449,1,1
893,1662,655845.0,3021315.0,1175,9.444884,22.067902,0.00027777778,8.596033,1,0
589,2005,666135.0,3030435.0,3084,31.434832,334.13364,0.00083333335,9.240575,1,0
765,290,614685.0,3025155.0,2465,22.425419,358.26428,-0.006111111,8.380602,1,0
910,869,632055.0,3020805.0,1311,26.981474,208.87242,-0.0025,10.809674,1,1
285,1124,639705.0,3039555.0,3034,38.195072,61.534836,0.0069444445,7.7353444,1,0
390,630,624885.0,3036405.0,2962,14.889557,122.19573,-0.008333334,8.127089,1,0
234,624,624705.0,3041085.0,4119,26.077198,137.07004,0.003611111,9.308726,1,0
871,2245,673335.0,3021975.0,3016,58.859203,178.12448,0.013611111,7.9079995,3,1
846,1281,644415.0,3022725.0,500,36.645947,192.9465,0.003888889,9.583136,1,0
852,2176,671265.0,3022545.0,2090,39.30881,265.91437,0.01,11.161258,3,1
705,1960,664785.0,3026955.0,1791,45.340096,161.26663,-0.012777777,6.790523,1,1
342,400,617985.0,3037845.0,3161,52.53846,233.56914,-0.009444444,11.756518,1,0
535,1985,665535.0,3032055.0,2355,17.576967,268.49255,0.012777777,18.819075,1,1
364,533,621975.0,3037185.0,3855,44.102203,168.59344,-0.0030555555,10.011793,1,0
379,1371,647115.0,3036735.0,1683,55.535458,150.72258,0.0011111111,7.8123507,1,1
737,1271,644115.0,3025995.0,868,54.538166,132.35376,0.009166666,8.254882,1,1
1045,1580,653385.0,3016755.0,901,36.22647,40.848713,-0.00027777778,9.059462,1,1
951,872,632145.0,3019575.0,1438,31.558764,221.14937,-0.003611111,9.081569,1,1
849,2176,671265.0,3022635.0,2132,36.771984,207.56512,-0.0022222223,7.093639,3,1
1033,1967,664995.0,3017115.0,2151,47.363495,218.14488,0.003611111,9.553013,1,1
857,2185,671535.0,3022395.0,2331,44.544228,291.35098,-0.0019444445,7.511452,3,1
909,1007,636195.0,3020835.0,1592,41.314156,58.570435,-0.0025,12.183685,2,1
848,2174,671205.0,3022665.0,2121,36.27235,213.41937,0.005,9.596779,3,1
794,672,626145.0,3024285.0,1441,26.380991,215.42578,-0.0025,9.5830345,1,1
565,1446,649365.0,3031155.0,715,44.025253,133.95203,-0.0016666667,10.825411,1,1
1147,887,632595.0,3013695.0,1329,32.23609,338.69067,0.010833333,12.274092,1,0
871,2246,673365.0,3021975.0,3015,53.896046,181.21887,0.019166667,9.854046,3,1
951,1785,659535.0,3019575.0,920,17.343872,346.8908,0.004722222,9.06478,1,0
950,1760,658785.0,3019605.0,993,35.810272,186.6325,-0.005,8.515119,1,0
888,1357,646695.0,3021465.0,1422,19.975218,331.96616,-0.00083333335,10.379374,1,0
829,514,621405.0,3023235.0,1145,15.951766,300.67728,-0.00027777778,9.664175,1,0
507,394,617805.0,3032895.0,2067,25.983461,210.29169,0.011111111,10.612158,1,1
356,552,622545.0,3037425.0,3945,30.31993,212.78427,0.0044444446,8.031994,1,0
402,639,625155.0,3036045.0,2653,23.48464,114.35301,0.0025,13.40741,1,1
883,804,630105.0,3021615.0,812,54.408672,140.56633,0.023055555,7.854196,1,1
282,781,629415.0,3039645.0,4173,28.513767,110.65891,-0.009166666,7.4125495,1,0
737,2058,667725.0,3025995.0,2784,33.273697,197.74467,0.0011111111,9.526238,1,0
541,2153,670575.0,3031875.0,3971,26.064075,103.799484,0.00083333335,9.126985,1,0
763,1971,665115.0,3025215.0,1632,35.00918,214.8245,0.01861111,11.489166,1,1
630,1660,655785.0,3029205.0,1756,22.476822,325.6698,-0.00083333335,9.294351,1,0
991,499,620955.0,3018375.0,1256,27.078938,199.0256,-0.0011111111,8.57188,1,0
855,2164,670905.0,3022455.0,1859,23.767138,249.5074,0.008055556,10.261598,3,1
591,851,631515.0,3030375.0,1538,39.46945,125.94211,0.00055555557,7.689805,2,1
831,883,632475.0,3023175.0,1883,36.600258,136.36392,0.008888889,8.891654,2,1
659,71,608115.0,3028335.0,2958,36.12009,177.70938,0.0055555557,10.413285,1,0
641,1552,652545.0,3028875.0,1809,42.225895,103.270645,0.009166666,9.096605,1,1
564,1288,644625.0,3031185.0,1697,34.148426,185.64055,0.007777778,14.197279,1,0
386,1449,649455.0,3036525.0,634,25.895819,140.5722,-0.0013888889,8.218151,1,0
656,2196,671865.0,3028425.0,3619,33.56564,334.7223,-0.0011111111,9.15848,3,0
842,2188,671625.0,3022845.0,2483,41.536613,232.64502,0.0013888889,9.12081,3,1
825,1052,637545.0,3023355.0,2791,20.609438,170.43332,-0.003888889,10.776125,2,0
577,1859,661755.0,3030795.0,1405,32.23609,133.92917,0.015555556,10.630753,1,1
564,1581,653415.0,3031185.0,1054,49.758446,154.51929,-0.011111111,6.6355247,1,1
674,675,626235.0,3027885.0,1918,34.40256,187.34122,0.004166667,9.889103,1,1
1022,1379,647355.0,3017445.0,1441,33.51769,158.60019,-0.0063888887,7.214387,1,0
319,1895,662835.0,3038535.0,2125,55.745148,137.2998,-0.0075,7.5168138,1,1
1046,273,614175.0,3016725.0,1381,27.38759,168.87082,0.00083333335,8.5586405,1,1
326,441,619215.0,3038325.0,3746,14.882566,221.18593,0.003611111,9.91934,1,0
795,1819,660555.0,3024255.0,1501,32.977543,148.65764,0.008888889,10.007537,1,1
642,247,613395.0,3028845.0,3129,38.11208,266.9552,-0.0022222223,8.143791,1,0
1061,1958,664725.0,3016275.0,1764,22.12599,135.0,-0.0025,11.16809,1,0
930,2137,670095.0,3020205.0,1849,52.837883,127.557556,-0.045555554,9.703377,3,1
1096,2198,671925.0,3015225.0,2331,30.618858,170.27243,-0.003611111,8.425522,1,0
844,674,626205.0,3022785.0,852,27.951523,43.090847,-0.019166667,8.129242,1,0
993,409,618255.0,3018315.0,1611,32.8693,159.22775,0.0033333334,8.337701,1,0
705,1961,664815.0,3026955.0,1778,46.85546,156.0375,-0.007222222,7.836194,1,1
472,2024,666705.0,3033945.0,3165,29.363798,1.2730331,0.00055555557,9.323422,1,1
449,563,622875.0,3034635.0,2663,27.360321,194.93143,0.005,12.808301,1,0
1101,1592,653745.0,3015075.0,951,31.53523,266.49646,-0.0030555555,10.286463,1,0
510,399,617955.0,3032805.0,2069,42.193405,198.76807,0.00083333335,9.46547,1,1
1208,922,633645.0,3011865.0,1298,57.398407,144.10733,0.034722224,9.351161,1,1
596,877,632295.0,3030225.0,1555,38.696915,231.75908,-0.003611111,9.221436,2,1
568,1579,653355.0,3031065.0,889,49.798786,190.75598,0.0022222223,8.831322,1,1
694,1967,664995.0,3027285.0,1911,39.8534,165.54758,0.007222222,8.774778,1,1
377,1371,647115.0,3036795.0,1754,51.434555,157.95117,0.0044444446,10.186791,1,1
593,878,632325.0,3030315.0,1608,32.720943,232.90717,0.0013888889,9.952826,2,1
596,869,632055.0,3030225.0,1421,34.473606,219.58298,0.008055556,10.122833,2,1
810,2270,674085.0,3023805.0,3778,13.678959,218.04704,-0.0022222223,9.314119,3,0
303,2069,668055.0,3039015.0,3055,46.645924,142.99487,-0.0063888887,7.438057,1,0
907,879,632355.0,3020895.0,1436,42.57458,194.98163,-0.0019444445,8.273454,1,1
721,2301,675015.0,3026475.0,3381,21.611595,194.62088,-0.0058333334,8.4214735,3,0
1252,1709,657255.0,3010545.0,1490,27.446522,290.17944,-0.0019444445,8.843806,1,0
1182,1196,641865.0,3012645.0,1156,43.10516,83.09644,-0.0022222223,8.948027,2,1
22,1406,648165.0,3047445.0,1523,49.20738,181.64835,0.0027777778,8.446758,1,1
1044,1832,660945.0,3016785.0,1562,32.112614,10.7131195,0.003611111,11.842949,1,0
887,801,630015.0,3021495.0,785,49.800537,142.72662,0.0019444445,7.327182,1,1
851,2174,671205.0,3022575.0,2064,39.409584,214.25415,0.003888889,8.0974,3,1
1112,1672,656145.0,3014745.0,1373,27.82082,15.57254,0.00027777778,8.540225,1,0
20,1066,637965.0,3047505.0,2724,39.343685,72.85445,-0.011666667,7.001133,1,0
901,1473,650175.0,3021075.0,1819,13.405723,323.53076,0.0033333334,13.149111,1,0
1047,269,614055.0,3016695.0,1442,39.724346,93.73763,-0.02388889,6.9875994,1,1
349,815,630435.0,3037635.0,3000,52.750904,109.23865,0.005,7.221622,1,0
204,1742,658245.0,3041985.0,2848,19.234238,40.156,-0.0016666667,10.25324,1,0
591,859,631755.0,3030375.0,1508,42.80471,149.74356,-0.006666667,7.572247,2,1
256,470,620085.0,3040425.0,4123,28.899422,208.88658,0.004166667,9.188332,1,0
88,1699,656955.0,3045465.0,1384,24.059586,247.50352,0.00083333335,8.707378,1,0
188,65,607935.0,3042465.0,4798,15.369524,75.96376,0.004166667,10.658788,1,0
776,2302,675045.0,3024825.0,3846,15.220619,332.65012,0.003611111,10.049962,3,0
496,98,608925.0,3033225.0,4068,20.683413,222.31622,0.0027777778,9.855921,1,0
1129,775,629235.0,3014235.0,819,37.00682,264.28943,0.005,9.282327,1,0
952,2249,673455.0,3019545.0,1893,31.522272,126.7142,0.01638889,10.235677,1,1
1271,1574,653205.0,3009975.0,1066,24.932657,165.46555,-0.0019444445,8.261523,2,0
705,1499,650955.0,3026955.0,2276,17.142166,321.58194,0.005,11.475111,1,0
1233,2125,669735.0,3011115.0,1390,38.916237,134.16362,-0.003888889,9.414268,1,0
538,1933,663975.0,3031965.0,2424,35.53318,161.98788,0.007222222,8.525328,1,1
591,1700,656985.0,3030375.0,1260,28.846857,100.45991,0.007222222,8.091889,1,1
30,1404,648105.0,3047205.0,1231,34.446014,188.03165,-0.0022222223,9.664332,1,1
677,560,622785.0,3027795.0,2318,32.20446,251.0856,-0.0075,7.2646804,1,0
403,1592,653745.0,3036015.0,2281,11.175141,332.35403,0.0016666667,9.522748,1,0
870,2246,673365.0,3022005.0,3066,61.07074,174.18437,0.015277778,9.541653,3,1
906,1001,636015.0,3020925.0,1678,34.37485,62.03016,0.0027777778,8.791529,2,1
1042,245,613335.0,3016845.0,1473,34.195564,181.75699,0.004722222,9.586709,1,0
39,321,615615.0,3046935.0,4774,11.768289,180.0,0.0019444445,9.757305,1,0
856,2194,671805.0,3022425.0,2514,40.896675,264.75568,-0.0075,8.73788,3,1
947,527,621795.0,3019695.0,1636,20.06439,207.14969,0.0022222223,11.447172,1,0
758,688,626625.0,3025365.0,1629,30.103052,251.56505,-0.00027777778,8.446164,1,1
1095,2072,668145.0,3015255.0,1370,27.687586,79.93931,0.0058333334,13.534031,1,0
76,308,615225.0,3045825.0,4518,25.241129,243.20848,-0.004722222,7.554355,1,0
32,1407,648195.0,3047145.0,1201,37.53002,195.09158,-0.00055555557,9.774202,1,1
573,1858,661725.0,3030915.0,1476,30.205467,166.75949,0.008333334,9.540661,1,1
938,738,628125.0,3019965.0,729,47.84405,91.51312,-0.004166667,8.08925,1,1
850,2188,671625.0,3022605.0,2326,28.750978,249.08745,0.019166667,14.878612,3,1
1116,1311,645315.0,3014625.0,374,23.628424,342.2553,0.0033333334,10.961323,2,0
809,750,628485.0,3023835.0,808,25.462303,302.8557,0.007777778,9.490289,1,0
731,660,625785.0,3026175.0,1709,51.209396,143.16849,-0.0011111111,7.682541,1,1
882,805,630135.0,3021645.0,824,53.53,154.06628,0.025833333,9.678196,1,1
441,327,615795.0,3034875.0,2554,23.750101,204.62357,0.013333334,11.430009,1,1
595,875,632235.0,3030255.0,1531,37.717037,228.49464,0.0025,10.722963,2,1
1172,1363,646875.0,3012945.0,633,24.578665,30.068584,0.004722222,12.003465,2,0
593,871,632115.0,3030315.0,1502,34.94809,210.84659,0.0019444445,9.9332905,2,1
653,2196,671865.0,3028515.0,3567,28.78439,353.46786,0.0016666667,9.598548,3,0
832,882,632445.0,3023145.0,1885,45.91776,137.94405,8.6736174e-19,8.562113,2,1
953,2244,673305.0,3019515.0,1938,42.26071,137.97372,-0.0027777778,9.200745,1,1
1269,1389,647655.0,3010035.0,538,45.371143,344.24884,0.0025,9.092024,2,1
502,362,616845.0,3033045.0,2610,41.617554,126.224945,0.008888889,8.3070345,1,0
664,435,619035.0,3028185.0,1459,40.197865,84.90788,0.024166666,10.634374,1,0
913,139,610155.0,3020715.0,2161,31.821241,284.7827,0.0025,8.378173,1,0
796,1819,660555.0,3024225.0,1487,27.89144,146.56013,0.0052777776,9.38454,1,1
582,1958,664725.0,3030645.0,2239,30.129997,240.30614,-0.0033333334,10.179682,1,1
601,1297,644895.0,3030075.0,1023,41.727295,178.92917,0.004166667,10.630455,1,0
906,1008,636225.0,3020925.0,1538,27.791306,71.56505,0.010555555,8.136009,2,1
1229,1566,652965.0,3011235.0,1748,18.001392,130.84036,-0.0016666667,8.619637,1,0
1081,2336,676065.0,3015675.0,2763,24.346788,323.23563,-0.00083333335,8.693973,1,0
37,1402,648045.0,3046995.0,1025,39.92487,195.00491,0.0052777776,8.589922,1,1
954,2245,673335.0,3019485.0,1892,45.008453,140.40833,0.016111111,9.199995,1,1
908,1004,636105.0,3020865.0,1644,34.521782,70.90651,-0.0022222223,9.256034,2,1
386,1044,637305.0,3036525.0,2738,34.180534,240.60394,-0.0069444445,7.882525,1,0
90,1382,647445.0,3045405.0,1538,14.155488,352.40536,-0.0052777776,8.179878,1,0
932,2139,670155.0,3020145.0,1641,55.67712,105.34089,0.044166666,8.723337,3,1
734,660,625785.0,3026085.0,1616,46.52858,149.89018,0.0175,10.24552,1,1
582,1957,664695.0,3030645.0,2222,32.232704,240.72475,-0.00055555557,9.343029,1,1
879,2245,673335.0,3021735.0,2823,35.48977,225.47351,0.021944445,12.124242,3,1
1226,1769,659055.0,3011325.0,913,23.880253,108.0939,-0.003611111,7.6171975,1,1
49,627,624795.0,3046635.0,4658,22.12599,45.0,0.0025,9.494113,1,0
57,1486,650565.0,3046395.0,1160,35.167503,149.03624,0.0075,9.7916155,1,0
821,653,625575.0,3023475.0,798,32.39334,218.60104,0.007222222,9.454606,1,1
191,1713,657375.0,3042375.0,2531,26.088673,312.2409,0.0013888889,8.902754,1,0
970,1741,658215.0,3019005.0,825,5.4792686,145.61966,0.005,19.710114,1,0
504,1742,658245.0,3032985.0,1076,10.860111,145.61966,0.010277778,20.29868,1,0
596,805,630135.0,3030225.0,1475,39.200058,265.01758,0.0022222223,10.338453,2,0
929,2140,670185.0,3020235.0,1677,64.847786,121.886566,0.029444445,7.4327,3,1
565,1586,653565.0,3031155.0,953,50.607964,165.53583,0.0022222223,10.824885,1,0
511,400,617985.0,3032775.0,2049,40.513954,196.13727,0.008611111,8.569069,1,1
1086,2102,669045.0,3015525.0,1076,24.363201,102.75753,-0.0063888887,7.5945983,1,0
627,2127,669795.0,3029295.0,3461,43.026207,90.51156,0.011111111,8.480785,1,0
759,678,626325.0,3025335.0,1490,26.064075,256.2005,2.1684043e-19,9.596989,1,1
657,568,623025.0,3028395.0,2255,28.966959,326.66876,-0.0055555557,8.086935,1,0
850,2180,671385.0,3022605.0,2152,24.964298,224.27478,0.01638889,12.329106,3,1
219,1434,649005.0,3041535.0,929,46.148056,150.76718,-0.013333334,9.534898,1,1
621,343,616275.0,3029475.0,2907,21.19139,290.77225,0.012777777,11.333433,1,0
1136,41,607215.0,3014025.0,2636,27.313251,151.574,-0.00027777778,9.409118,1,0
1059,259,613755.0,3016335.0,1171,2.0527751,125.537674,0.008333334,21.572979,1,0
430,2270,674085.0,3035205.0,4169,31.469154,248.85048,0.0058333334,9.372761,1,0
267,1410,648285.0,3040095.0,1583,17.576967,1.5074387,-0.010833333,7.9519544,1,0
1027,2288,674625.0,3017295.0,2826,32.356407,333.43494,0.0058333334,9.050567,1,0
40,1400,647985.0,3046905.0,960,32.356407,181.50745,0.00083333335,10.660005,1,1
883,803,630075.0,3021615.0,849,59.250267,137.41103,0.0025,7.3816977,1,1
596,871,632115.0,3030225.0,1449,35.039635,225.48146,0.006666667,10.101741,2,1
172,1960,664785.0,3042945.0,3233,20.097992,300.0686,0.0011111111,7.8077674,1,0
780,1536,652065.0,3024705.0,1949,25.990057,108.43495,0.006111111,10.465262,1,0
907,448,619425.0,3020895.0,1699,33.377205,18.434952,0.0011111111,8.606012,1,0
1064,452,619545.0,3016185.0,962,14.036243,36.869896,0.010555555,17.02579,1,0
879,806,630165.0,3021735.0,958,61.538773,164.67679,-0.003888889,7.7994905,1,1
841,2188,671625.0,3022875.0,2499,42.326523,237.32777,0.0027777778,8.975294,3,1
586,860,631785.0,3030525.0,1588,51.440716,125.537674,0.0011111111,7.2688003,2,1
919,865,631935.0,3020535.0,1137,21.368793,262.04248,0.009166666,16.01486,1,1
19,1404,648105.0,3047535.0,1650,55.064056,163.25284,-0.018055556,6.443636,1,1
868,2247,673395.0,3022065.0,3178,60.20068,175.8949,-0.008055556,8.953033,3,1
796,668,626025.0,3024225.0,1380,28.977959,204.44395,-9.215718e-19,10.437858,1,1
299,1182,641445.0,3039135.0,2374,30.434866,359.59366,-1.1926224e-18,10.378771,1,0
313,1310,645285.0,3038715.0,2107,36.505886,125.837654,0.0019444445,9.501233,1,0
1000,1648,655425.0,3018105.0,1103,50.126644,132.74321,-0.003888889,9.395067,1,1
705,1968,665025.0,3026955.0,1705,19.719213,197.59242,0.013333334,11.229613,1,1
499,47,607395.0,3033135.0,4283,15.793169,225.0,-0.00027777778,10.463155,1,0
922,2279,674355.0,3020445.0,2402,57.418335,185.19443,0.010833333,8.146422,3,1
911,865,631935.0,3020775.0,1259,34.37485,207.96985,0.0052777776,9.74704,1,1
222,1227,642795.0,3041445.0,1881,38.344296,101.54669,0.0016666667,9.339426,1,1
590,1700,656985.0,3030405.0,1266,31.944614,104.31483,0.00083333335,8.661054,1,1
24,1405,648135.0,3047385.0,1459,55.68489,183.42387,-0.019722221,8.499903,1,1
735,1275,644235.0,3026055.0,858,41.14466,147.06776,-0.0052777776,9.016821,1,1
328,561,622815.0,3038265.0,4041,28.084099,165.52971,0.0030555555,10.069572,1,0
540,244,613305.0,3031905.0,3557,24.892138,175.36453,0.0016666667,9.179666,1,0
380,816,630465.0,3036705.0,3383,30.289484,104.03624,-0.003611111,8.72636,1,0
36,1389,647655.0,3047025.0,1058,37.358894,177.18445,0.00083333335,10.207834,1,1
925,1075,638235.0,3020355.0,1798,44.897175,209.56657,0.009722223,7.9045963,2,1
223,1227,642795.0,3041415.0,1878,41.232212,93.270485,0.0025,9.824668,1,1
32,1393,647775.0,3047145.0,1140,36.173367,175.75156,0.00083333335,10.005868,1,1
939,740,628185.0,3019935.0,668,33.377205,124.69515,0.003888889,7.219718,1,1
676,2008,666225.0,3027825.0,2255,43.663242,178.7492,-0.012222222,7.5422206,1,0
398,365,616935.0,3036165.0,3153,40.143513,70.669876,-0.0055555557,6.972736,1,0
1133,711,627315.0,3014115.0,880,43.798428,178.0079,0.010555555,9.242245,1,1
938,736,628065.0,3019965.0,792,43.623917,104.947556,-0.010833333,7.543595,1,1
704,1969,665055.0,3026985.0,1721,25.051863,191.30994,0.012777777,10.202001,1,1
33,1396,647865.0,3047115.0,1111,39.156048,176.18593,0.0027777778,10.00355,1,1
31,1171,641115.0,3047175.0,1660,11.082644,209.29135,0.010555555,14.857529,1,0
395,1391,647715.0,3036255.0,1136,38.71128,117.89727,0.016666668,9.731748,1,1
369,400,617985.0,3037035.0,3013,30.025824,335.28256,0.0052777776,9.8355665,1,0
906,1002,636045.0,3020925.0,1660,32.63304,59.93142,0.0033333334,9.327593,2,1
433,1325,645735.0,3035115.0,1965,28.194012,11.659294,-0.003888889,8.11905,1,0
908,1006,636165.0,3020865.0,1601,39.424034,65.12345,-0.00083333335,10.176328,2,1
435,331,615915.0,3035055.0,2720,41.894108,234.83356,0.0030555555,8.520462,1,1
43,1177,641295.0,3046815.0,1933,48.272076,282.22858,0.0019444445,6.6879287,1,0
908,1008,636225.0,3020865.0,1553,38.651466,61.69924,0.008888889,12.401115,2,1
811,667,625995.0,3023775.0,1116,34.692677,213.21182,-0.0058333334,11.3446,1,0
162,512,621345.0,3043245.0,4992,34.006184,160.89365,-0.0022222223,7.195933,1,0
766,2362,676845.0,3025125.0,3652,19.632889,157.32866,-0.0044444446,7.8331685,3,0
771,1787,659595.0,3024975.0,1681,23.228376,216.31364,0.0030555555,8.341405,1,0
715,2240,673185.0,3026655.0,3289,17.56269,253.95099,0.004166667,11.73701,3,0
646,2022,666645.0,3028725.0,2800,44.822342,192.34642,-0.006666667,8.888038,1,0
158,1247,643395.0,3043365.0,2492,15.999936,35.537678,0.0016666667,8.744707,1,0
884,2082,668445.0,3021585.0,2802,9.748033,14.036247,-0.00083333335,9.2569895,3,0
1109,1186,641565.0,3014835.0,1226,26.054226,29.623749,-0.0069444445,8.211129,2,0
1226,1775,659235.0,3011325.0,850,17.250692,101.61149,-0.007777778,7.9718966,1,1
557,1967,664995.0,3031395.0,2201,27.06968,245.94266,-0.0052777776,7.4736667,1,0
498,390,617685.0,3033165.0,2115,7.4540095,189.16235,0.010555555,21.198328,1,1
931,2145,670335.0,3020175.0,1559,28.464212,134.37724,0.003888889,9.494054,3,1
471,960,634785.0,3033975.0,1862,33.62797,232.12502,-0.011111111,7.9033566,1,0
153,6,606165.0,3043515.0,4790,34.835815,47.426334,0.0044444446,9.24432,1,0
602,874,632205.0,3030045.0,1446,21.393026,240.70863,0.0063888887,11.377099,2,0
829,1061,637815.0,3023235.0,2757,25.58952,206.3421,0.0019444445,8.231816,2,0
615,1242,643245.0,3029655.0,1136,34.437138,343.76764,-0.0030555555,7.8729057,1,0
740,788,629625.0,3025905.0,1709,11.2764015,10.840309,-0.0125,8.41488,1,0
462,858,631725.0,3034245.0,2377,29.772308,146.88866,0.011111111,9.558125,1,0
439,329,615855.0,3034935.0,2621,41.32373,232.31552,0.00027777778,9.821446,1,1
298,623,624675.0,3039165.0,3377,28.4883,86.478546,-4.3368087e-19,10.879345,1,0
274,986,635565.0,3039885.0,2783,41.415333,114.26477,0.014722222,11.21831,1,0
935,2262,673845.0,3020055.0,2309,27.798689,199.86703,-0.0016666667,8.135696,1,0
820,650,625485.0,3023505.0,794,27.904648,177.74542,0.011388889,9.835967,1,1
854,2181,671415.0,3022485.0,2196,44.790077,291.93536,0.006666667,10.420641,3,1
546,981,635415.0,3031725.0,2123,25.799362,324.11786,0.0016666667,10.094244,1,0
1063,1583,653475.0,3016215.0,693,43.775715,139.93921,0.00027777778,9.042368,1,1
1069,1575,653235.0,3016035.0,713,32.112614,169.28688,-0.007222222,7.268238,1,0
1240,993,635775.0,3010905.0,1495,49.21727,165.21451,0.011666667,8.040944,1,1
881,804,630105.0,3021675.0,893,59.926796,147.61363,0.009444444,7.6423316,1,1
1153,1160,640785.0,3013515.0,1541,11.34812,41.63354,-0.0019444445,10.487814,2,0
845,2175,671235.0,3022755.0,2197,35.004414,194.11893,-0.009444444,7.8517566,3,1
322,1895,662835.0,3038445.0,2028,47.893047,140.19443,0.0013888889,9.003821,1,1
800,669,626055.0,3024105.0,1319,27.608618,191.48898,0.0033333334,8.549221,1,1
904,881,632415.0,3020985.0,1520,34.102154,193.52316,-0.006666667,8.290935,1,1
649,1098,638925.0,3028635.0,2806,20.38767,222.27368,0.004722222,9.40163,1,0
534,179,611355.0,3032085.0,4113,27.780964,8.642799,-0.0022222223,8.541912,1,0
910,1007,636195.0,3020805.0,1606,38.195072,61.534836,-0.0063888887,8.988108,2,1
498,393,617775.0,3033165.0,2160,35.50641,247.32866,0.0011111111,10.358897,1,1
352,52,607545.0,3037545.0,4013,32.451366,232.4543,0.005,8.6414385,1,1
352,53,607575.0,3037545.0,4029,34.70821,234.30205,0.004166667,8.268245,1,1
227,1371,647115.0,3041295.0,1053,1.6876049,351.8699,0.008888889,20.945517,1,0
1152,1888,662625.0,3013545.0,1497,50.205975,151.83392,0.005,7.718276,1,1
268,78,608325.0,3040065.0,4472,31.110603,189.13715,-0.00055555557,10.140633,1,0
840,490,620685.0,3022905.0,1257,24.18541,115.85186,-0.005,7.602878,1,0
914,2140,670185.0,3020685.0,1799,66.56198,121.10575,0.0275,5.966593,3,1
887,802,630045.0,3021495.0,762,39.424034,139.93417,0.018888889,8.096886,1,1
1144,1522,651645.0,3013785.0,756,32.451366,245.6182,-0.003611111,11.366018,1,0
498,391,617715.0,3033165.0,2122,26.389038,240.85193,0.010555555,7.5032396,1,1
827,1582,653445.0,3023295.0,1664,31.259748,46.1124,0.007222222,9.604128,1,0
1190,1568,653025.0,3012405.0,1501,45.508106,320.31454,0.015,8.8640995,1,0
759,683,626475.0,3025335.0,1563,27.3679,247.77039,-0.0030555555,8.1540165,1,1
848,2165,670935.0,3022665.0,1920,40.035618,235.91588,0.016111111,11.166213,3,1
410,647,625395.0,3035805.0,2451,23.015577,158.7204,0.011111111,18.282743,1,1
1194,1626,654765.0,3012285.0,1552,27.122068,111.97451,-0.0013888889,8.164558,1,0
885,801,630015.0,3021555.0,841,52.22777,135.26163,-0.0055555557,7.2405252,1,1
835,1420,648585.0,3023055.0,1056,37.12337,260.17474,0.023055555,16.61554,1,1
41,1393,647775.0,3046875.0,924,40.234222,178.58905,0.0069444445,10.265361,1,1
461,2364,676905.0,3034275.0,4233,5.4792686,357.51044,0.0030555555,11.979809,1,0
502,1121,639615.0,3033045.0,2874,33.105427,141.22583,-0.00027777778,8.328677,1,0
26,1404,648105.0,3047325.0,1343,56.995956,186.68266,0.011111111,8.450296,1,1
41,1401,648015.0,3046875.0,944,32.8693,181.84761,-0.0055555557,11.06773,1,1
32,1397,647895.0,3047145.0,1137,40.091736,181.13443,0.0013888889,10.306774,1,1
896,691,626715.0,3021225.0,725,21.458923,57.994617,0.007777778,10.626502,1,1
304,1228,642825.0,3038985.0,2379,46.00329,325.15906,0.006666667,8.559126,1,0
769,662,625845.0,3025035.0,1273,30.359173,278.59125,-0.0011111111,10.704572,1,1
1124,511,621315.0,3014385.0,1669,35.577393,56.402493,-0.0027777778,8.929161,1,1
1119,1043,637275.0,3014535.0,1793,56.423008,141.51344,0.0019444445,8.002089,2,0
247,194,611805.0,3040695.0,4007,29.992245,85.03026,-0.003611111,9.297924,1,0
724,836,631065.0,3026385.0,1019,58.98191,122.9336,-0.008333334,6.986865,2,0
563,1447,649395.0,3031215.0,756,51.85612,165.59998,-0.0025,7.6593657,1,1
905,1774,659205.0,3020955.0,963,25.809368,271.9749,0.0027777778,11.313039,1,0
928,2137,670095.0,3020265.0,1883,29.047915,152.2815,-0.023055555,7.3904567,3,1
279,1034,637005.0,3039735.0,2981,30.064484,149.74356,-0.007777778,8.447716,1,0
601,672,626145.0,3030075.0,2336,31.892841,20.376434,0.0011111111,7.96992,1,0
613,18,606525.0,3029715.0,3346,23.029457,271.1233,-2.1684043e-19,8.756481,1,0
40,1398,647925.0,3046905.0,961,34.794357,185.50548,-0.005,10.66293,1,1
1206,1388,647625.0,3011925.0,335,18.286465,293.00885,0.010833333,21.859379,2,0
612,845,631335.0,3029745.0,1212,36.563095,180.0,0.010833333,9.4991455,2,1
389,1473,650175.0,3036435.0,963,24.712992,275.19443,0.009444444,11.012425,1,0
974,1458,649725.0,3018885.0,1587,25.791021,119.43849,0.008333334,10.094616,1,0
915,2140,670185.0,3020655.0,1764,60.08606,123.461494,0.041666668,8.329059,3,1
597,768,629025.0,3030195.0,1385,36.62355,47.72631,-0.0027777778,8.48534,2,0
1102,893,632775.0,3015045.0,1482,23.842636,225.0,-0.006666667,8.3121195,1,0
554,534,622005.0,3031485.0,2528,36.18666,312.2298,0.019444445,9.312234,1,0
883,805,630135.0,3021615.0,793,42.934223,155.38615,0.02861111,10.206771,1,1
968,2276,674265.0,3019065.0,2290,22.934036,302.125,-0.010277778,7.662502,1,0
934,2144,670305.0,3020085.0,1545,31.572868,100.548065,0.016111111,8.675551,3,1
922,560,622785.0,3020445.0,1998,11.395655,299.74487,-0.010833333,8.40408,1,0
859,2162,670845.0,3022335.0,1813,15.429944,241.11342,0.01,10.392304,3,1
738,2160,670785.0,3025965.0,3009,27.590687,254.74489,0.003888889,9.648596,3,0
496,395,617835.0,3033225.0,2223,43.034744,242.63446,0.0025,8.480487,1,1
641,1553,652575.0,3028875.0,1786,35.099434,101.976135,0.007777778,9.457667,1,1
278,1601,654015.0,3039765.0,1585,32.141018,294.69553,0.006111111,10.402632,1,0
1004,1849,661455.0,3017985.0,1589,35.85464,234.38551,-0.01,8.513487,1,0
1152,1282,644445.0,3013545.0,994,20.10758,11.821487,-0.0044444446,8.500396,2,0
939,738,628125.0,3019935.0,727,50.789577,109.66692,-0.014166667,6.598911,1,1
358,124,609705.0,3037365.0,3740,7.832626,91.7357,0.0022222223,9.479215,1,0
733,662,625845.0,3026115.0,1624,36.812073,161.16156,0.0030555555,9.490075,1,1
611,847,631395.0,3029775.0,1241,46.283623,180.22827,0.0058333334,8.837014,2,1
1121,1213,642375.0,3014475.0,918,11.546311,78.23171,0.0011111111,10.000027,2,0
47,1401,648015.0,3046695.0,869,21.822832,347.98853,0.00083333335,9.509361,1,1
799,666,625965.0,3024135.0,1314,29.573294,209.95361,0.004722222,10.952494,1,1
664,1775,659235.0,3028185.0,1858,16.44437,138.43362,0.0016666667,9.408935,1,0
40,1404,648105.0,3046905.0,968,33.307568,195.44632,0.0025,10.885927,1,1
545,281,614415.0,3031755.0,3602,10.176527,21.801407,-0.008888889,8.519944,1,0
33,1393,647775.0,3047115.0,1118,36.673466,174.86362,0.0,10.041666,1,1
946,2216,672465.0,3019725.0,2230,42.64721,181.29607,0.011666667,9.880347,1,0
28,1399,647955.0,3047265.0,1254,43.47606,192.69266,0.0030555555,8.24191,1,1
307,1185,641535.0,3038895.0,2498,18.354149,11.592178,-0.0011111111,11.083771,1,0
1268,1393,647775.0,3010065.0,593,49.387867,309.49103,-0.011388889,8.034922,2,1
642,788,629625.0,3028845.0,1530,38.721855,142.17725,0.0030555555,8.121931,2,0
534,1640,655185.0,3032085.0,1487,24.308424,232.49586,0.00083333335,8.695757,1,0
44,1397,647895.0,3046785.0,861,23.628424,197.74467,0.011944445,11.317998,1,1
916,189,611655.0,3020625.0,2664,29.16385,113.310936,-0.0019444445,7.3856955,1,0
398,1280,644385.0,3036165.0,2602,37.666252,135.43736,-0.003888889,8.159846,1,0
919,1826,660765.0,3020535.0,1614,24.275469,207.512,0.0022222223,9.208117,1,0
871,843,631275.0,3021975.0,1106,58.752403,170.3948,0.014444444,6.995916,1,1
24,1404,648105.0,3047385.0,1453,57.719517,189.2392,-0.0175,8.134809,1,1
510,373,617175.0,3032805.0,2486,42.02685,18.602478,-0.0069444445,8.515802,1,0
1193,1378,647325.0,3012315.0,524,17.136274,108.924644,-0.005,10.281553,2,0
507,2117,669495.0,3032895.0,3571,34.37782,235.9228,-0.00083333335,8.791417,1,1
580,1961,664815.0,3030705.0,2291,28.977959,245.55605,0.005,11.199998,1,1
226,966,634965.0,3041325.0,3683,40.318268,135.79572,0.0033333334,8.065163,1,0
309,875,632235.0,3038835.0,3193,38.535736,299.11285,0.0075,11.219634,1,0
67,1106,639165.0,3046095.0,2468,47.981277,73.19774,0.003611111,9.917016,1,0
1226,1772,659145.0,3011325.0,873,19.322924,110.15761,0.0025,11.028432,1,1
439,1947,664395.0,3034935.0,2254,38.381382,178.19125,0.0069444445,8.644949,1,0
952,2247,673395.0,3019545.0,1921,35.53318,161.98788,-0.00083333335,8.237645,1,1
1193,890,632685.0,3012315.0,1856,42.768826,198.92465,-0.0025,7.5735035,1,0
866,304,615105.0,3022125.0,1453,45.32503,34.93401,0.005,9.68142,1,0
509,394,617805.0,3032835.0,2046,13.900669,135.0,0.019444445,20.570852,1,1
1227,1777,659295.0,3011295.0,819,29.078,119.63838,-0.0027777778,8.082367,1,1
24,1396,647865.0,3047385.0,1346,51.926548,174.56854,0.025,8.956118,1,1
1226,1777,659295.0,3011325.0,828,25.745901,108.12186,-0.01,7.5316777,1,1
906,880,632385.0,3020925.0,1469,40.430298,193.28865,-0.0030555555,8.572026,1,1
61,1943,664275.0,3046275.0,2335,15.210403,15.101097,-0.0027777778,9.896516,1,0
533,1510,651285.0,3032115.0,871,39.63842,185.19443,-0.01,10.126145,1,0
507,2130,669885.0,3032895.0,3811,31.110603,279.13715,-0.010555555,8.0005665,1,0
476,2027,666795.0,3033825.0,3291,39.615616,343.0245,-0.0125,6.9914618,1,1
1252,1350,646485.0,3010545.0,718,23.149895,74.74488,0.0,8.345189,2,0
803,808,630225.0,3024015.0,1328,20.375906,316.8183,0.0027777778,13.260882,1,0
499,395,617835.0,3033135.0,2192,34.870445,236.21492,-0.0052777776,10.108028,1,1
908,1002,636045.0,3020865.0,1680,33.810482,66.146095,-0.00055555557,8.9950695,2,1
906,847,631395.0,3020925.0,1294,25.303156,214.95065,-0.01,8.244699,1,0
839,333,615975.0,3022935.0,2092,29.752645,172.46056,-0.0013888889,9.926645,1,0
1132,2352,676545.0,3014145.0,2146,26.720285,160.66519,-0.0030555555,7.4887824,1,0
836,569,623055.0,3023025.0,1146,22.201387,40.03026,0.0013888889,12.581389,1,0
356,504,621105.0,3037425.0,4100,26.008183,172.1467,-0.0027777778,10.921218,1,0
1223,1909,663255.0,3011415.0,704,38.031807,231.0542,0.010833333,9.44596,1,0
1156,2377,677295.0,3013425.0,2370,22.259779,284.74356,-0.0055555557,11.062973,1,0
882,802,630045.0,3021645.0,921,55.730545,142.38182,-0.017777778,7.1118965,1,1
45,1405,648135.0,3046755.0,863,18.695768,189.92624,0.0130555555,10.370831,1,1
42,1403,648075.0,3046845.0,920,41.551704,187.29205,0.0022222223,9.32095,1,1
617,2054,667605.0,3029595.0,3015,29.309996,155.90799,-0.0025,8.478323,1,0
1225,1153,640575.0,3011355.0,1786,35.47774,12.492477,0.0027777778,10.778666,2,0
905,1004,636105.0,3020955.0,1618,38.572376,59.549633,-0.004166667,9.225892,2,1
25,1406,648165.0,3047355.0,1410,58.844887,184.0445,-0.0069444445,8.49635,1,1
956,2246,673365.0,3019425.0,1848,24.214872,129.73761,0.016666668,12.2458935,1,1
1047,500,620985.0,3016695.0,937,22.159546,13.609734,-0.004722222,7.700676,1,0
1255,1290,644685.0,3010455.0,985,51.68146,186.04851,0.0030555555,9.206081,2,0
869,2155,670635.0,3022035.0,1861,53.86982,102.4721,0.01,8.097149,3,1
904,2061,667815.0,3020985.0,2638,6.926249,5.906143,-0.003611111,8.910416,3,0
1186,205,612135.0,3012525.0,2035,28.84547,108.983215,0.022777777,11.729532,1,0
852,1175,641235.0,3022545.0,1111,36.60371,193.95828,0.008611111,11.210643,2,1
738,664,625905.0,3025965.0,1513,26.568233,180.95483,0.005,9.287163,1,1
422,1190,641685.0,3035445.0,2970,19.78057,100.00798,-0.011944445,7.825049,1,0
830,881,632415.0,3023205.0,1943,37.355602,119.783676,-0.008611111,8.681897,2,1
484,942,634245.0,3033585.0,1958,23.538471,111.903175,0.0069444445,9.712842,1,0
472,2028,666825.0,3033945.0,3213,45.77907,329.2753,-0.018055556,6.7751966,1,1
684,1742,658245.0,3027585.0,1705,24.862123,217.69424,0.004166667,8.957894,1,0
465,2145,670335.0,3034155.0,3397,26.579369,192.99461,0.0019444445,9.104355,1,0
858,1395,647835.0,3022365.0,1334,24.275469,16.090813,0.0013888889,10.163628,1,0
764,1461,649815.0,3025185.0,1816,29.131199,205.22392,-0.0033333334,9.466476,1,1
1076,123,609675.0,3015825.0,1803,34.96625,114.274445,-0.007777778,8.769465,1,0
814,1195,641835.0,3023685.0,1360,42.49275,148.7681,0.003888889,9.087251,2,1
374,1000,635985.0,3036885.0,2144,5.9515843,182.29062,0.009166666,17.926409,1,0
749,192,611745.0,3025635.0,1823,26.340704,96.766174,0.004722222,9.297119,1,0
727,741,628215.0,3026295.0,2051,27.404234,13.477821,-0.0063888887,8.152464,1,0
30,1399,647955.0,3047205.0,1192,46.07263,185.52754,0.006666667,8.556704,1,1
834,883,632475.0,3023085.0,1823,38.884132,156.87915,0.006666667,10.013251,2,1
912,1004,636105.0,3020745.0,1682,37.990726,50.194427,0.0019444445,12.285985,2,1
851,2176,671265.0,3022575.0,2096,34.34213,239.99509,0.009166666,14.798121,3,1
441,332,615945.0,3034875.0,2652,39.35384,232.43141,0.0044444446,8.387066,1,1
917,865,631935.0,3020595.0,1156,31.374298,219.45468,0.003611111,8.683334,1,1
1036,1392,647745.0,3017025.0,1213,14.724247,205.34618,0.005,14.23684,1,0
323,1898,662925.0,3038415.0,1944,33.188713,145.90503,0.0125,9.018649,1,1
180,1067,637995.0,3042705.0,2644,27.911982,19.290047,-0.0069444445,7.4377627,1,0
308,5,606135.0,3038865.0,4341,35.739395,208.3457,-0.0027777778,7.8245792,1,1
532,1111,639315.0,3032145.0,2799,21.441378,107.281494,-0.003888889,7.73703,1,0
528,1296,644865.0,3032265.0,2417,41.7422,214.729,-0.0030555555,8.708118,1,0
29,1407,648195.0,3047235.0,1273,45.443165,207.09068,0.0044444446,8.396362,1,1
856,2182,671445.0,3022425.0,2239,38.54414,307.34937,0.012777777,8.128291,3,1
1136,416,618465.0,3014025.0,1872,18.004162,337.38013,-0.0033333334,9.535763,1,0
107,649,625455.0,3044895.0,5163,37.292076,66.80141,0.010277778,9.713816,1,0
411,348,616425.0,3035775.0,3173,26.917734,246.8014,0.0016666667,10.524746,1,0
931,2141,670215.0,3020175.0,1612,26.899033,137.663,0.0125,7.4810324,3,1
984,1996,665865.0,3018585.0,2417,21.251493,315.0,-0.0033333334,8.845418,1,0
855,2163,670875.0,3022455.0,1849,18.2457,200.72556,0.01638889,19.184893,3,1
907,881,632415.0,3020895.0,1450,40.66193,194.03625,-0.0019444445,8.746163,1,1
1268,1389,647655.0,3010065.0,509,43.177498,342.6915,0.0069444445,9.861787,2,1
872,2247,673395.0,3021945.0,2998,38.8916,213.19757,0.0069444445,11.077696,3,1
533,1979,665355.0,3032115.0,2377,31.941168,171.54498,0.00055555557,9.577478,1,1
737,663,625875.0,3025995.0,1532,31.550531,161.81094,0.0055555557,10.180503,1,1
849,2188,671625.0,3022635.0,2338,39.30299,234.53012,0.015277778,8.101194,3,1
968,691,626715.0,3019065.0,677,42.046326,149.76262,0.00083333335,9.544738,1,0
501,21,606615.0,3033075.0,4060,31.618626,230.49232,0.005,12.14728,1,0
975,1567,652995.0,3018855.0,1539,18.35955,118.495636,-0.0069444445,7.905401,1,1
77,851,631515.0,3045795.0,4837,36.565693,120.742966,-0.015277778,7.794303,1,0
754,1280,644385.0,3025485.0,1160,20.532772,20.854462,0.0022222223,10.674832,1,0
472,2026,666765.0,3033945.0,3169,39.238827,331.3429,0.013611111,10.470603,1,1
909,891,632715.0,3020835.0,1442,40.3591,205.55997,0.006111111,9.044548,2,1
918,864,631905.0,3020565.0,1131,28.293169,230.02408,0.008055556,9.031189,1,1
438,868,632025.0,3034965.0,2179,29.626245,55.145546,-0.0025,8.05997,1,0
752,966,634965.0,3025545.0,2537,25.35295,235.75096,-0.0027777778,9.158742,2,0
548,1601,654015.0,3031665.0,1259,30.33893,220.38008,-0.0022222223,8.947524,1,0
609,844,631305.0,3029835.0,1306,51.528214,179.24115,0.009722223,8.181957,2,1
325,1900,662985.0,3038355.0,1934,19.322924,290.1576,0.006666667,10.152963,1,1
699,333,615975.0,3027135.0,2503,13.771202,72.18111,0.0063888887,11.386576,1,0
726,158,610725.0,3026325.0,2087,42.00674,92.12109,-0.0044444446,7.6002173,1,0
755,471,620115.0,3025455.0,1212,27.568243,351.74057,-0.0016666667,10.784531,1,0
823,656,625665.0,3023415.0,798,26.127953,208.96005,0.00055555557,11.252395,1,1
400,965,634935.0,3036105.0,1897,42.44485,132.04543,0.019166667,9.887437,1,0
761,674,626205.0,3025275.0,1428,22.721245,275.71057,0.0025,10.668621,1,1
1239,994,635805.0,3010935.0,1525,53.18637,166.65717,0.0052777776,8.122105,1,1
984,1812,660345.0,3018585.0,1332,23.57681,349.54837,0.006666667,9.017868,1,0
886,802,630045.0,3021525.0,785,48.72078,131.73796,0.011944445,7.770761,1,1
934,2138,670125.0,3020085.0,1666,58.849552,88.98985,0.03138889,9.006992,3,1
663,397,617895.0,3028215.0,2257,35.23529,115.50694,0.01638889,10.956709,1,0
861,383,617475.0,3022275.0,1438,38.248085,166.55139,0.0063888887,11.100737,1,1
496,390,617685.0,3033225.0,2127,24.97834,227.17474,0.0125,9.17573,1,1
597,1015,636435.0,3030195.0,2203,15.268187,282.33908,0.0058333334,13.337222,1,0
356,1498,650925.0,3037425.0,1220,18.884428,272.79272,-0.0052777776,9.484564,1,0
793,1729,657855.0,3024315.0,1047,5.3964243,131.42366,0.0063888887,19.29111,1,0
759,680,626385.0,3025335.0,1515,24.395979,249.56717,0.003888889,9.384836,1,1
121,719,627555.0,3044475.0,5176,20.648783,108.03429,-0.016666668,7.77831,1,0
622,757,628695.0,3029445.0,1743,26.718708,17.835014,0.011111111,10.890048,2,0
324,494,620805.0,3038385.0,4448,22.817959,277.9696,0.0011111111,10.712681,1,0
45,1402,648045.0,3046755.0,853,10.825044,258.69006,0.015277778,16.461126,1,1
27,1392,647745.0,3047295.0,1273,49.605785,186.92345,0.0011111111,9.348976,1,1
1185,1910,663285.0,3012555.0,969,18.77992,287.10272,-0.0016666667,11.851388,1,0
1223,1076,638265.0,3011415.0,1821,37.745987,233.31512,0.006111111,10.002797,2,0
800,2034,667005.0,3024105.0,2478,24.412342,285.43964,-0.0069444445,7.5923176,1,0
505,392,617745.0,3032955.0,2077,10.606834,159.14554,0.013333334,20.8406,1,1
731,659,625755.0,3026175.0,1733,48.28818,141.93839,-0.011388889,7.38051,1,1
706,1965,664935.0,3026925.0,1698,28.828835,156.3458,0.012777777,11.604178,1,1
878,2156,670665.0,3021765.0,1750,36.829952,103.18576,0.009166666,8.477824,3,1
558,1698,656925.0,3031365.0,1061,21.511438,76.551384,-0.00055555557,9.119736,1,0
762,1971,665115.0,3025245.0,1654,45.947567,209.4584,0.016666668,11.045979,1,1
794,668,626025.0,3024285.0,1412,30.4399,203.83875,-0.0030555555,7.3340473,1,1
834,1417,648495.0,3023085.0,1007,30.63379,256.1593,0.021666666,10.822823,1,1
761,1891,662715.0,3025275.0,1833,33.48425,160.88028,-0.011944445,7.215655,1,0
1260,86,608565.0,3010305.0,2827,28.050692,254.11615,-0.009166666,7.4319196,1,0
1042,638,625125.0,3016845.0,695,37.782097,333.1595,0.0033333334,10.612404,1,0
43,1399,647955.0,3046815.0,890,42.046936,183.70844,0.00027777778,9.850099,1,1
1056,632,624945.0,3016425.0,856,22.735386,289.1556,0.0016666667,9.751637,1,0
910,880,632385.0,3020805.0,1360,42.193405,198.76807,0.0063888887,9.673109,1,1
515,1685,656535.0,3032655.0,1522,43.396847,155.8068,-0.0033333334,8.244679,1,1
109,1557,652695.0,3044835.0,1270,32.760345,330.9454,-0.0063888887,8.629559,1,0
773,1066,637965.0,3024915.0,2939,25.025642,40.65676,0.00083333335,9.510047,2,0
606,840,631185.0,3029925.0,1482,56.67164,162.45868,-0.010555555,6.383215,2,1
702,1968,665025.0,3027045.0,1765,38.877403,170.78107,0.0033333334,9.582709,1,1
852,2341,676215.0,3022545.0,3319,37.47373,185.9275,-0.0069444445,8.166799,3,0
1257,1045,637335.0,3010395.0,1526,22.033339,331.06,0.0016666667,8.805609,1,0
1224,833,630975.0,3011385.0,655,41.29243,146.61148,-0.006666667,8.31847,1,0
874,2248,673425.0,3021885.0,2978,42.968567,226.81255,-0.0027777778,8.482802,3,1
566,1447,649395.0,3031125.0,665,42.110058,130.88777,0.019166667,10.910778,1,1
221,1434,649005.0,3041475.0,861,45.941517,159.95767,0.007222222,7.868136,1,1
758,682,626445.0,3025365.0,1554,29.897602,249.20097,-0.003888889,7.3558326,1,1
591,860,631785.0,3030375.0,1492,38.004166,155.75833,0.0058333334,8.840819,2,1
852,2170,671085.0,3022545.0,1976,26.606379,224.32596,0.016111111,15.187677,3,1
879,1082,638445.0,3021735.0,2149,37.717037,64.12523,-0.004166667,7.0594015,2,0
439,333,615975.0,3034935.0,2705,42.899223,240.44632,0.0011111111,9.178376,1,1
784,57,607695.0,3024585.0,3232,17.493961,24.193207,-0.0030555555,7.956997,1,0
916,2142,670245.0,3020625.0,1704,38.001007,105.14793,0.009444444,10.381377,3,1
408,641,625215.0,3035865.0,2575,37.807728,114.08745,0.0044444446,9.621081,1,1
914,1001,636015.0,3020685.0,1758,29.219484,56.54669,-0.0025,8.076562,2,1
1057,271,614115.0,3016395.0,1235,46.1815,204.82315,0.008055556,9.326091,1,1
852,2173,671175.0,3022545.0,2026,38.66587,234.3236,0.018055556,14.686849,3,1
283,937,634095.0,3039615.0,3392,35.340176,130.71085,-0.00027777778,9.225605,1,0
1139,2116,669465.0,3013935.0,982,31.71908,266.13452,0.0033333334,10.173916,1,0
1264,1390,647685.0,3010185.0,459,33.80638,308.93823,-0.00083333335,11.408157,2,1
713,885,632535.0,3026715.0,1605,16.65659,257.125,-2.1684043e-19,11.34128,2,0
75,155,610635.0,3045855.0,4697,24.470388,130.5444,-0.008333334,8.282775,1,0
977,474,620205.0,3018795.0,1348,37.47046,151.0664,-0.0025,8.8600645,1,1
592,856,631665.0,3030345.0,1488,37.421337,192.90106,0.0011111111,8.679519,2,1
1003,1260,643785.0,3018015.0,1045,21.393026,268.78113,0.0030555555,12.314223,2,0
1014,624,624705.0,3017685.0,1055,34.327232,174.0459,0.0030555555,9.381099,1,0
920,1829,660855.0,3020505.0,1627,30.133842,219.17366,1.0842022e-18,8.955751,1,0
848,2173,671175.0,3022665.0,2110,33.96967,213.39523,0.0033333334,8.806746,3,1
953,2355,676635.0,3019515.0,2923,19.127102,324.7824,0.00055555557,9.65313,1,0
42,1400,647985.0,3046845.0,922,40.961502,183.30186,-0.008888889,10.40957,1,1
926,1075,638235.0,3020325.0,1776,38.471416,211.2729,0.0075,9.229508,2,1
845,2176,671265.0,3022755.0,2198,34.649876,185.88245,0.003611111,9.369033,3,1
1260,1388,647625.0,3010305.0,362,30.610144,320.14276,0.0058333334,10.160469,2,1
366,473,620175.0,3037125.0,4181,33.04322,267.79742,0.0027777778,8.618733,1,0
18,1237,643095.0,3047565.0,1596,26.41315,3.3664627,0.0011111111,9.900079,1,0
508,393,617775.0,3032865.0,2059,18.49124,120.7189,0.015555556,9.977178,1,1
377,1372,647145.0,3036795.0,1744,54.45704,160.16261,-0.0058333334,6.4661174,1,1
686,416,618465.0,3027525.0,1594,42.38313,90.78483,0.00027777778,7.9924803,1,0
25,1393,647775.0,3047355.0,1331,42.84743,171.21469,0.007222222,9.275499,1,1
642,2305,675135.0,3028845.0,3920,7.8255258,75.96376,-0.007222222,8.786985,3,0
1188,2230,672885.0,3012465.0,1335,6.8532248,326.30994,0.010277778,19.35441,1,0
1000,597,623895.0,3018105.0,1116,18.94159,240.94539,-0.0022222223,12.175938,1,0
581,1195,641835.0,3030675.0,1516,27.935425,59.808376,-0.00027777778,7.436774,1,0
853,2174,671205.0,3022515.0,2038,32.530266,287.48798,0.025,10.085319,3,1
543,1864,661905.0,3031815.0,1957,44.892666,178.32236,-0.0033333334,9.204037,1,0
136,1723,657675.0,3044025.0,2062,41.709267,305.10175,0.00083333335,8.709276,1,0
229,254,613605.0,3041235.0,4088,17.493961,155.8068,0.00055555557,10.729586,1,0
432,2149,670455.0,3035145.0,3780,45.482166,56.70058,-0.008888889,7.4787107,1,0
286,1160,640785.0,3039525.0,2400,23.590208,41.90594,0.008055556,10.626669,1,0
861,623,624675.0,3022275.0,1423,21.844227,43.315315,-0.004166667,8.409667,1,0
1183,1195,641835.0,3012615.0,1185,34.625507,72.43973,-0.0033333334,9.475304,2,1
374,2059,667755.0,3036885.0,2727,34.37782,34.077194,0.00083333335,9.12789,1,0
930,2138,670125.0,3020205.0,1794,70.66354,120.877556,-0.028333334,6.448315,3,1
770,1490,650685.0,3025005.0,2179,17.447952,284.58893,0.0033333334,11.360998,1,0
799,668,626025.0,3024135.0,1332,28.407394,201.22766,-0.0022222223,7.4169807,1,1
586,854,631605.0,3030525.0,1571,28.957327,232.95752,0.006111111,9.003623,2,1
1160,1222,642645.0,3013305.0,867,23.391932,110.87901,0.01638889,10.859279,2,1
852,2180,671385.0,3022545.0,2146,33.07757,286.34818,0.020555556,8.617422,3,1
930,2139,670155.0,3020205.0,1698,71.5333,122.960365,0.035277776,6.8042407,3,1
1212,1539,652155.0,3011745.0,1863,32.490307,186.009,-0.0019444445,7.9467907,2,0
659,1032,636945.0,3028335.0,2227,14.624714,218.51692,0.0052777776,10.784912,2,0
621,1367,646995.0,3029475.0,648,39.579918,165.40343,0.0011111111,10.426718,1,0
33,1399,647955.0,3047115.0,1112,41.783104,183.74298,0.003888889,9.112147,1,1
554,1770,659085.0,3031485.0,1602,32.89968,176.67688,-0.0025,9.029685,1,0
80,1942,664245.0,3045705.0,2468,33.20787,31.464142,0.0030555555,8.324772,1,0
596,870,632085.0,3030225.0,1435,34.37881,222.53188,0.007222222,10.126381,2,1
1123,512,621345.0,3014415.0,1637,34.605988,52.853313,0.0069444445,9.119357,1,1
836,1419,648555.0,3023025.0,1041,36.109413,321.49353,0.032222223,11.212184,1,1
928,2057,667695.0,3020265.0,2639,16.260204,323.1301,0.0022222223,8.727686,3,0
29,1398,647925.0,3047235.0,1224,45.119366,179.76227,-0.0013888889,9.889271,1,1
934,1281,644415.0,3020085.0,1172,27.608618,258.51102,0.00083333335,11.807318,2,0
381,1936,664065.0,3036675.0,1959,45.93174,342.1497,-0.0022222223,8.7157755,1,0
750,2165,670935.0,3025605.0,2929,38.471416,248.1428,0.007222222,9.7403345,3,0
561,1568,653025.0,3031275.0,921,59.15577,194.5549,0.007777778,7.3854475,1,0
908,2272,674145.0,3020865.0,2892,43.761093,210.02316,-0.007777778,6.845654,3,0
582,2333,675975.0,3030645.0,3881,14.397797,346.86597,-0.004722222,8.162182,1,0
35,1390,647685.0,3047055.0,1080,35.775784,174.02567,-0.00083333335,9.963306,1,1
342,5,606135.0,3037845.0,4256,35.488846,45.0,-0.0027777778,8.239282,1,0
854,2170,671085.0,3022485.0,1983,35.81934,301.30414,0.006666667,8.227103,3,1
837,1420,648585.0,3022995.0,1089,54.451996,326.168,0.020555556,7.159451,1,1
776,520,621585.0,3024825.0,1050,36.43976,126.74056,0.018055556,9.996124,1,0
893,1723,657675.0,3021315.0,1224,22.243118,278.79053,0.007222222,10.832001,1,0
1225,1769,659055.0,3011355.0,915,21.822832,102.011475,-0.0016666667,10.713334,1,1
485,1336,646065.0,3033555.0,2048,35.803017,139.6859,-0.0022222223,9.613997,1,0
1132,718,627525.0,3014145.0,888,44.19874,161.25452,0.0027777778,8.776278,1,1
1099,2319,675555.0,3015135.0,2695,36.326004,252.1811,0.0022222223,7.8030567,1,0
375,533,621975.0,3036855.0,3629,34.40256,138.45331,0.00027777778,10.014266,1,0
735,1273,644175.0,3026055.0,888,49.13021,146.76828,-0.0027777778,7.756334,1,1
43,1398,647925.0,3046815.0,886,39.701668,191.87384,0.003888889,10.571924,1,1
277,32,606945.0,3039795.0,4402,37.730717,41.069824,0.00055555557,8.850668,1,0
1007,1374,647205.0,3017895.0,1727,47.729584,180.86804,0.0033333334,9.651409,1,0
539,1977,665295.0,3031935.0,2257,23.507732,260.62793,0.019444445,18.505413,1,1
1267,1391,647715.0,3010095.0,507,41.85042,315.37695,0.020277778,8.298852,2,1
1131,1097,638895.0,3014175.0,1265,31.764435,42.81836,0.0025,9.766682,2,0
1106,2401,678015.0,3014925.0,2718,28.821898,215.13419,-0.0011111111,9.191532,1,0
736,1502,651045.0,3026025.0,2512,21.315786,329.87567,-0.0022222223,8.8421,1,0
966,372,617145.0,3019125.0,2035,17.528368,351.6561,0.00027777778,12.285638,1,0
46,2116,669465.0,3046725.0,3392,47.136406,233.17441,-0.0030555555,8.673661,1,0
555,1940,664185.0,3031455.0,2116,45.9917,150.8558,-0.003611111,7.4609184,1,0
840,2190,671685.0,3022905.0,2560,36.471985,233.71144,-0.007777778,9.050486,3,1
394,1392,647745.0,3036285.0,1133,41.009777,140.05383,0.015277778,8.55157,1,1
981,478,620325.0,3018675.0,1228,22.991755,172.66562,0.008611111,10.367748,1,1
383,1375,647235.0,3036615.0,1501,28.149267,146.43369,0.009722223,11.84662,1,1
33,1405,648135.0,3047115.0,1163,45.198063,197.0853,-0.0022222223,9.628695,1,1
996,1957,664695.0,3018225.0,2066,30.461275,249.25392,-0.0013888889,12.858646,1,0
43,1405,648135.0,3046815.0,909,41.536613,190.56999,-0.0033333334,9.226171,1,1
736,1276,644265.0,3026025.0,820,40.856594,154.91641,0.00055555557,6.947534,1,1
34,1405,648135.0,3047085.0,1134,46.250423,201.0375,-0.0013888889,6.758733,1,1
1115,1856,661665.0,3014655.0,1706,38.301693,226.28253,-0.0052777776,9.340955,1,0
800,1821,660615.0,3024105.0,1428,19.77322,135.9392,0.0022222223,9.904893,1,1
814,652,625545.0,3023685.0,952,43.81517,192.28592,-0.003888889,8.23006,1,1
926,2278,674325.0,3020325.0,2258,35.74668,159.67686,0.019166667,9.328389,3,1
557,1218,642525.0,3031395.0,1701,38.835476,309.5398,0.010555555,8.811017,1,0
39,1395,647835.0,3046935.0,976,38.08694,178.17203,0.0022222223,10.304179,1,1
940,1046,637365.0,3019905.0,1439,24.406889,224.25594,-0.0044444446,8.691183,2,0
768,656,625665.0,3025065.0,1177,26.819307,293.81866,0.008333334,12.731508,1,1
975,2219,672555.0,3018855.0,1735,48.9001,334.83212,-0.0025,7.35898,1,0
62,405,618135.0,3046245.0,4422,38.733932,212.69946,-0.0019444445,10.01862,1,0
1040,1969,665055.0,3016905.0,2007,35.600372,219.80557,0.016111111,9.082464,1,1
760,672,626145.0,3025305.0,1400,26.194838,268.05853,0.0025,12.371587,1,1
212,733,627975.0,3041745.0,4611,44.099026,148.36021,-0.008055556,7.526997,1,0
849,696,626865.0,3022635.0,964,33.22595,228.09406,-0.003611111,8.324083,1,0
1171,477,620295.0,3012975.0,2276,29.763136,161.30103,-4.3368087e-19,9.846178,1,0
830,879,632355.0,3023205.0,1974,31.331436,139.44124,-0.009722223,7.991871,2,1
654,240,613185.0,3028485.0,2931,31.764435,216.79279,-0.003888889,7.9749217,1,0
96,957,634695.0,3045225.0,4221,4.822542,249.77515,-0.007777778,9.274955,1,0
1219,503,621075.0,3011535.0,1404,17.605476,113.19859,0.003611111,12.565348,1,0
141,61,607815.0,3043875.0,4623,9.748033,112.83366,0.0013888889,12.147361,1,0
40,1402,648045.0,3046905.0,962,31.861698,182.68977,0.0011111111,9.357427,1,1
1218,1636,655065.0,3011565.0,1319,27.470636,99.68879,-0.00083333335,9.402393,1,0
342,1867,661995.0,3037845.0,2160,40.90455,77.50108,-0.013333334,8.044455,1,0
600,1257,643695.0,3030105.0,1090,44.84197,175.67494,0.003611111,9.1104965,1,0
818,1824,660705.0,3023565.0,1378,32.88667,116.39993,-0.015277778,7.238424,1,0
933,2144,670305.0,3020115.0,1553,30.114605,114.17145,0.009166666,12.167368,3,1
80,480,620385.0,3045705.0,5360,45.708267,323.59592,0.0069444445,9.080255,1,0
1047,1150,640485.0,3016695.0,817,32.268787,22.503525,-0.0019444445,7.2621922,2,0
1268,1388,647625.0,3010065.0,502,43.274147,343.8108,0.004166667,9.907197,2,1
188,1426,648765.0,3042465.0,1403,22.646286,98.61565,0.0027777778,10.161471,1,0
871,2251,673515.0,3021975.0,3109,45.95873,229.24846,-0.0019444445,7.46207,3,1
406,646,625365.0,3035925.0,2494,32.40228,147.875,0.023333333,10.722773,1,1
926,1074,638205.0,3020325.0,1765,36.248543,211.52219,0.003611111,8.499038,2,1
955,2248,673425.0,3019455.0,1875,39.98069,206.56505,-0.0030555555,7.6716523,1,1
184,1318,645525.0,3042585.0,1773,42.070637,105.25512,0.0069444445,8.291122,1,0
991,220,612585.0,3018375.0,2364,28.513767,221.2686,-0.00083333335,9.715135,1,0
1090,341,616215.0,3015405.0,1403,27.061962,52.28895,-0.00027777778,9.2657585,1,0
911,1002,636045.0,3020775.0,1710,35.676434,61.203773,-0.0030555555,8.520045,2,1
461,554,622605.0,3034275.0,2755,23.104591,12.407417,0.0013888889,10.698753,1,0
702,10,606285.0,3027045.0,2825,24.38324,71.23194,0.010833333,10.484039,1,0
260,2216,672465.0,3040305.0,4155,29.169287,235.95406,-0.003888889,8.07862,1,0
1241,475,620235.0,3010875.0,1676,26.995434,105.17291,0.0022222223,9.779452,1,0
759,666,625965.0,3025335.0,1312,25.213484,269.49298,0.005,11.293277,1,1
914,2314,675405.0,3020685.0,2934,46.66008,189.27713,0.007222222,8.536174,3,1
358,597,623895.0,3037365.0,3736,28.237198,138.14496,-0.0025,8.117241,1,0
611,845,631335.0,3029775.0,1238,44.45514,183.65222,0.010277778,9.124001,2,1
955,877,632295.0,3019455.0,1485,42.862988,249.77515,0.0011111111,9.074285,1,1
1053,2151,670515.0,3016515.0,1430,11.333817,226.68468,-0.0055555557,8.409667,1,1
263,516,621465.0,3040215.0,4360,37.49741,188.74615,0.007777778,9.013241,1,0
823,1788,659625.0,3023415.0,1696,30.925924,275.98816,-0.003888889,8.007865,1,0
699,62,607845.0,3027135.0,2645,21.70248,109.57313,0.00083333335,9.109996,1,0
395,1351,646515.0,3036255.0,1710,32.760345,114.0755,0.007777778,12.940357,1,0
1265,1387,647595.0,3010155.0,429,34.37881,317.46814,0.0019444445,9.889992,2,1
272,589,623655.0,3039945.0,4370,57.647587,130.28964,0.003888889,7.955266,1,0
1110,437,619095.0,3014805.0,1681,14.826505,28.178589,-0.006666667,8.131529,1,0
815,1193,641775.0,3023655.0,1369,40.13593,137.00253,0.005,10.017527,2,1
1056,2151,670515.0,3016425.0,1380,42.442482,197.7745,0.00055555557,7.9904003,1,1
951,1919,663555.0,3019575.0,1467,37.61935,291.5713,0.0044444446,10.869589,1,0
924,1076,638265.0,3020385.0,1847,54.495163,203.28806,0.007222222,7.1578574,2,1
933,2146,670365.0,3020115.0,1530,26.29708,126.77328,-0.0019444445,9.299035,3,1
298,1260,643785.0,3039165.0,2280,36.46154,338.49857,0.0069444445,8.896716,1,0
1179,2109,669255.0,3012735.0,1293,31.522272,306.7142,-0.0027777778,8.677532,1,0
442,331,615915.0,3034845.0,2622,39.504684,231.5663,-0.008055556,8.604843,1,1
1262,1390,647685.0,3010245.0,424,41.285397,314.23096,0.004722222,9.640474,2,1
55,1862,661845.0,3046455.0,2054,21.014164,310.6013,-0.0022222223,8.4522705,1,0
545,642,625245.0,3031755.0,2045,34.520798,144.86581,0.004166667,10.543925,1,0
23,1405,648135.0,3047415.0,1493,48.579407,179.15747,-0.010555555,8.623034,1,1
944,397,617895.0,3019785.0,1891,22.489136,319.8991,0.0033333334,8.782917,1,0
607,1982,665445.0,3029895.0,2942,29.445509,301.10883,-0.010277778,7.374178,1,1
950,2243,673275.0,3019605.0,1996,37.38768,154.83212,0.0125,9.469193,1,1
595,876,632265.0,3030255.0,1550,38.900566,231.70984,0.0,9.850145,2,1
612,840,631185.0,3029745.0,1236,40.424206,149.42078,0.016666668,10.746993,2,1
825,581,623415.0,3023355.0,974,18.2457,286.14435,0.0075,9.703825,1,0
176,2218,672525.0,3042825.0,3718,24.712992,222.06433,0.0013888889,9.370197,1,0
480,944,634305.0,3033705.0,1939,33.273697,40.364536,-0.013333334,7.9168005,1,0
501,2229,672855.0,3033075.0,3957,38.8916,70.06746,-0.00027777778,7.7103996,1,0
762,1973,665175.0,3025245.0,1695,49.926,215.58438,0.0033333334,7.3227386,1,1
494,1897,662895.0,3033285.0,2138,34.017326,327.09476,-0.006666667,9.141424,1,0
938,1049,637455.0,3019965.0,1479,21.563776,204.94391,0.00055555557,12.501451,2,0
695,1969,665055.0,3027255.0,1886,26.850618,185.19443,0.0058333334,9.092566,1,1
361,2157,670695.0,3037275.0,3350,34.038574,21.342003,-0.0052777776,7.8878613,1,0
217,1437,649095.0,3041595.0,919,55.330723,142.96498,0.010833333,7.532317,1,1
593,879,632355.0,3030315.0,1624,32.18183,231.99193,-0.00055555557,9.057316,2,1
953,2247,673395.0,3019515.0,1900,30.985683,182.38594,0.0033333334,8.6986475,1,1
621,1921,663615.0,3029475.0,2643,34.801113,333.28134,-0.012777777,8.552465,1,0
409,647,625395.0,3035835.0,2463,18.394606,164.74487,0.01,18.527533,1,1
761,671,626115.0,3025275.0,1385,27.227877,264.8896,0.00055555557,10.602361,1,1
968,1943,664275.0,3019065.0,1809,36.49199,284.34933,0.0069444445,10.932487,1,0
460,853,631575.0,3034305.0,2468,33.665257,148.29857,0.004166667,9.606693,1,0
1084,2397,677895.0,3015585.0,2892,41.659424,184.02826,-0.0013888889,9.752481,1,1
373,2318,675525.0,3036915.0,4657,18.232086,272.17474,-0.0125,8.606012,1,0
575,872,632145.0,3030855.0,1737,33.48425,199.11972,0.008611111,9.295096,2,0
406,644,625305.0,3035925.0,2535,40.840797,123.99646,0.0027777778,12.782902,1,1
612,848,631425.0,3029745.0,1215,37.542233,187.16354,0.008333334,9.145153,2,1
1234,280,614385.0,3011085.0,2763,30.917368,328.07913,0.0027777778,9.106816,1,0
321,1894,662805.0,3038475.0,2072,54.10453,143.33745,0.016666668,8.676322,1,1
764,677,626295.0,3025185.0,1479,26.127953,286.27966,-0.00055555557,9.124163,1,1
739,663,625875.0,3025935.0,1499,27.692045,163.86716,0.0075,10.49159,1,1
1261,1389,647655.0,3010275.0,389,35.942112,313.6028,0.0069444445,9.426563,2,1
1152,358,616725.0,3013545.0,1676,32.990482,323.35077,0.0030555555,9.537038,1,0
654,562,622845.0,3028485.0,2129,31.226189,287.18958,0.007777778,7.996011,1,0
1200,1425,648735.0,3012105.0,944,32.464725,299.41907,0.0013888889,9.046389,2,0
393,1656,655665.0,3036315.0,2446,40.491734,108.78862,-0.0055555557,6.9604163,1,0
1212,1839,661155.0,3011745.0,944,27.80607,174.55966,-0.00083333335,8.828531,1,0
371,206,612165.0,3036975.0,3540,9.583437,15.751175,0.0027777778,10.527108,1,0
591,853,631575.0,3030375.0,1499,33.90047,161.56505,0.011388889,13.105277,2,1
953,707,627195.0,3019515.0,855,38.916237,134.16362,-0.008055556,8.114985,1,1
797,668,626025.0,3024195.0,1364,31.369541,204.6384,0.00027777778,9.5998125,1,1
916,865,631935.0,3020625.0,1171,34.672264,216.17963,0.004166667,8.557268,1,1
96,464,619905.0,3045225.0,5179,28.810793,270.0,-0.006666667,8.498844,1,0
1270,1391,647715.0,3010005.0,594,47.664383,323.95663,-0.003611111,7.807868,2,1
62,1575,653235.0,3046245.0,1101,32.863873,186.66666,0.0016666667,8.625591,1,0
565,450,619485.0,3031155.0,2059,30.170973,34.487373,-0.008888889,7.3448215,1,0
1133,1948,664425.0,3014115.0,1221,13.585991,226.39719,0.004166667,13.259543,1,0
286,1534,652005.0,3039525.0,1143,20.404123,355.50284,-0.0030555555,10.563903,1,0
655,1635,655035.0,3028455.0,1853,10.477682,337.47943,-0.0022222223,8.490139,1,0
732,660,625785.0,3026145.0,1677,51.821503,142.4543,0.004722222,7.6606092,1,1
844,2178,671325.0,3022785.0,2243,50.523136,223.8876,0.012222222,8.687837,3,1
835,1417,648495.0,3023055.0,1009,26.899033,317.663,0.024722222,17.023766,1,1
1074,2139,670155.0,3015885.0,1492,26.167137,247.56702,-0.009166666,7.5129957,1,0
758,667,625995.0,3025365.0,1329,28.27023,259.73486,0.005,11.71317,1,1
20,1407,648195.0,3047505.0,1591,43.417385,199.552,-0.003888889,6.8576665,1,1
218,1435,649035.0,3041565.0,937,49.773544,145.91788,-0.0052777776,9.468204,1,1
912,1008,636225.0,3020745.0,1602,36.006733,63.434948,0.004166667,7.121606,2,1
468,513,621375.0,3034065.0,3274,40.234905,107.18571,0.023611112,10.580419,1,0
1168,616,624465.0,3013065.0,1476,22.367643,15.865707,0.00027777778,9.769759,1,0
641,1555,652635.0,3028875.0,1747,41.89964,101.51866,-0.0019444445,9.395737,1,1
476,380,617385.0,3033825.0,2221,40.060585,163.00163,0.008888889,9.683723,1,0
515,136,610065.0,3032655.0,3879,44.14448,246.73682,0.006666667,9.604851,1,0
876,2246,673365.0,3021825.0,2898,36.380356,217.64761,0.007777778,9.053833,3,1
953,2246,673365.0,3019515.0,1902,40.071667,159.41074,0.012222222,10.110775,1,1
387,1164,640905.0,3036495.0,3253,40.124203,144.6599,-0.006666667,8.3597145,1,0
580,422,618645.0,3030705.0,2617,27.470636,189.68878,-0.004166667,8.149631,1,0
799,1821,660615.0,3024135.0,1437,19.662542,148.34872,0.0025,10.028758,1,1
329,896,632865.0,3038235.0,3327,31.90436,117.93714,-0.008333334,7.2763247,1,0
801,664,625905.0,3024075.0,1266,34.464745,209.0546,0.0033333334,10.816312,1,1
1163,925,633735.0,3013215.0,1856,31.550531,341.81094,-0.0022222223,10.953693,1,0
176,786,629565.0,3042825.0,4184,38.69086,56.888657,0.008611111,9.509335,1,0
1245,916,633465.0,3010755.0,1070,35.388645,294.61084,-0.00083333335,9.446957,1,0
41,1396,647865.0,3046875.0,928,42.96342,186.67989,0.00027777778,10.2057495,1,1
452,1055,637635.0,3034545.0,2806,40.308044,204.67686,0.0075,8.758672,1,0
28,1392,647745.0,3047265.0,1236,48.31289,190.47598,0.009722223,9.459084,1,1
1176,1449,649455.0,3012825.0,632,29.24926,306.52887,0.006666667,13.574558,2,0
1059,481,620415.0,3016335.0,1072,11.630105,338.6294,-0.006666667,8.383157,1,0
443,1923,663675.0,3034815.0,2037,46.826656,170.09583,0.008055556,8.124884,1,1
378,687,626595.0,3036765.0,3380,41.402008,262.94214,0.011388889,10.898612,1,0
1145,200,611985.0,3013755.0,2149,40.528076,100.105034,-0.0033333334,8.057745,1,0
193,818,630525.0,3042315.0,3884,29.79849,41.46044,-0.0011111111,9.924789,1,0
44,1396,647865.0,3046785.0,857,21.086199,186.20345,0.015833333,12.2879715,1,1
19,1402,648045.0,3047535.0,1662,51.00537,183.09406,-0.014444444,7.689828,1,1
570,1856,661665.0,3031005.0,1549,40.035618,167.68694,0.00055555557,8.768318,1,1
915,1004,636105.0,3020655.0,1723,29.933968,62.878696,-0.0044444446,7.3543644,2,1
932,2137,670095.0,3020145.0,1780,67.44126,123.27748,-0.014722222,8.121142,3,1
914,878,632325.0,3020685.0,1270,22.654408,255.54758,0.019166667,15.894414,1,1
643,710,627285.0,3028815.0,2260,35.77033,150.17291,0.006666667,9.695243,1,0
21,1402,648045.0,3047475.0,1583,57.678577,190.48047,-0.026666667,6.3446317,1,1
1059,270,614085.0,3016335.0,1169,33.38247,186.90033,0.016666668,9.011278,1,1
380,1955,664635.0,3036705.0,1986,21.014164,347.4712,0.009444444,14.476928,1,0
1237,995,635835.0,3010995.0,1587,54.20139,150.27647,0.003888889,8.084974,1,1
159,2252,673545.0,3043335.0,4440,50.87105,180.58264,0.010277778,8.387766,1,0
18,1402,648045.0,3047565.0,1695,41.06634,181.91827,-0.023333333,7.633286,1,1
605,841,631215.0,3029955.0,1507,54.233746,153.05042,-0.01,7.167493,2,1
851,2190,671685.0,3022575.0,2369,45.94012,269.53796,0.018055556,9.072158,3,1
926,2286,674565.0,3020325.0,2285,46.283623,179.77173,0.018055556,9.848616,3,1
1087,2396,677865.0,3015495.0,2813,31.456144,204.12097,0.003611111,10.3848715,1,1
662,770,629085.0,3028245.0,1648,49.537357,166.85275,-0.00083333335,7.741957,2,0
579,1962,664845.0,3030735.0,2316,34.623558,240.3409,0.0055555557,8.559085,1,1
326,950,634485.0,3038325.0,2620,31.578743,105.732,0.0025,11.0026,1,0
1226,1774,659205.0,3011325.0,858,15.369524,104.03624,-0.005,8.093839,1,1
562,1934,664005.0,3031245.0,1906,49.202248,178.7636,0.020277778,8.957765,1,1
1129,711,627315.0,3014235.0,1008,50.678825,180.19556,0.008055556,8.548765,1,1
1235,993,635775.0,3011055.0,1712,52.273666,150.87364,-0.015555556,7.6443357,1,1
414,1013,636375.0,3035685.0,2400,42.416393,226.47827,-0.008611111,7.9913144,1,0
710,1536,652065.0,3026805.0,2489,32.427956,4.5139847,-0.0025,9.201957,1,0
471,2025,666735.0,3033975.0,3147,31.502226,358.0519,0.0025,9.237933,1,1
736,1274,644205.0,3026025.0,839,47.026608,159.3138,0.009722223,9.129489,1,1
1098,1900,662985.0,3015165.0,1588,18.100721,162.95096,0.0022222223,11.558191,1,1
1219,294,614805.0,3011535.0,2690,31.369541,65.3616,-0.012222222,7.297227,1,0
535,1980,665385.0,3032055.0,2338,29.394655,172.34935,0.00083333335,9.941201,1,1
653,1005,636135.0,3028515.0,2036,39.127377,209.45367,0.007777778,10.304676,2,0
1221,2184,671505.0,3011475.0,1354,40.95693,259.76895,0.003611111,8.553433,1,0
712,1117,639495.0,3026745.0,2954,27.098976,279.84583,0.0063888887,9.5518465,1,0
1136,142,610245.0,3014025.0,2233,15.877562,31.827446,-0.00055555557,10.13909,1,0
1037,1966,664965.0,3016995.0,2058,30.414715,170.60452,-0.00027777778,10.890402,1,1
792,670,626085.0,3024345.0,1451,21.771368,203.35556,-0.003888889,7.7202067,1,1
332,1633,654975.0,3038145.0,2012,20.0908,317.7702,-0.0030555555,9.887598,1,0
505,394,617805.0,3032955.0,2094,29.656618,231.53664,0.0027777778,9.311501,1,1
704,1968,665025.0,3026985.0,1719,30.22205,173.84084,0.012777777,10.050821,1,1
1077,1119,639555.0,3015795.0,1214,33.859627,142.0626,-0.00083333335,8.300068,2,0
70,727,627795.0,3046005.0,4576,20.699547,318.57635,-0.003611111,9.385065,1,0
508,398,617925.0,3032865.0,2105,39.919273,213.21524,-0.003611111,9.6197405,1,1
569,1579,653355.0,3031035.0,858,44.679123,192.1622,-0.0013888889,9.116181,1,1
832,820,630585.0,3023145.0,1693,8.898507,244.79887,-0.0011111111,8.656652,1,0
462,41,607215.0,3034245.0,4387,19.603174,241.33604,0.0016666667,9.780718,1,0
793,1818,660525.0,3024315.0,1551,38.951252,142.53944,0.0058333334,9.094564,1,1
798,668,626025.0,3024165.0,1347,31.456144,204.12097,0.00055555557,7.986976,1,1
622,1411,648315.0,3029445.0,809,32.451366,335.6182,0.0013888889,12.4755,1,0
38,1493,650775.0,3046965.0,1411,40.197865,126.98291,0.0125,8.357106,1,0
700,1969,665055.0,3027105.0,1811,33.89537,172.87498,-0.0058333334,9.502693,1,1
624,755,628635.0,3029385.0,1793,36.13076,17.607628,0.003888889,9.889646,2,0
694,1171,641115.0,3027285.0,2547,25.411135,111.61478,-0.0013888889,9.492592,1,0
365,449,619455.0,3037155.0,3807,30.618858,260.2724,-0.0058333334,9.2728195,1,0
973,715,627435.0,3018915.0,808,26.819307,293.81866,0.0025,10.317698,1,0
770,462,619845.0,3025005.0,1455,18.053904,32.47119,-0.0011111111,10.002816,1,0
1144,1863,661875.0,3013785.0,1760,43.25397,175.17314,-0.0030555555,8.472818,1,0
441,333,615975.0,3034875.0,2674,44.491768,235.36632,0.004166667,9.815868,1,1
407,1384,647505.0,3035895.0,1303,41.32373,127.68448,-0.015833333,7.624222,1,0
892,1631,654915.0,3021345.0,1369,15.731152,60.780754,0.0013888889,11.535135,1,0
994,876,632265.0,3018285.0,1712,7.4540095,279.16235,0.00083333335,12.301942,1,0
915,1001,636015.0,3020655.0,1766,24.36138,63.199165,-0.004722222,12.815039,2,1
675,672,626145.0,3027855.0,1907,17.03871,133.89828,0.010555555,15.563688,1,1
673,614,624405.0,3027915.0,2520,20.923637,343.53998,0.008055556,11.374769,1,0
422,1950,664485.0,3035445.0,2472,26.863125,105.751175,0.00083333335,8.175734,1,0
1181,80,608385.0,3012675.0,2827,18.27289,227.04541,-0.009722223,8.603619,1,0
567,1445,649335.0,3031095.0,702,38.70901,134.57872,-0.010277778,8.122391,1,1
1179,1482,650445.0,3012735.0,1067,36.30404,309.01505,-0.0075,7.80386,2,0
278,349,616455.0,3039765.0,3686,24.729036,118.651825,0.0055555557,7.577701,1,0
81,986,635565.0,3045675.0,3918,22.75355,49.028263,0.0016666667,9.463066,1,0
538,1179,641355.0,3031965.0,1798,28.378912,58.884666,0.00055555557,9.364079,1,0
332,2093,668775.0,3038145.0,2785,34.03554,279.2299,0.00027777778,10.028041,1,0
923,2285,674535.0,3020415.0,2380,29.707989,186.70984,-0.015555556,7.363506,3,1
1067,1128,639825.0,3016095.0,1176,31.502226,1.948082,-0.007777778,7.9851704,2,0
608,845,631335.0,3029865.0,1346,51.98449,179.44012,-0.00027777778,8.5020485,2,1
1011,1272,644145.0,3017775.0,1186,20.782251,278.8418,0.0019444445,13.932477,2,0
760,667,625995.0,3025305.0,1329,27.887035,269.54886,-0.0011111111,12.336656,1,1
835,1418,648525.0,3023055.0,1022,25.275618,285.87595,0.022222223,17.092512,1,1
574,1857,661695.0,3030885.0,1468,26.585728,147.23611,0.0044444446,10.585683,1,1
27,1397,647895.0,3047295.0,1275,35.67369,176.67259,-0.00027777778,10.269346,1,1
704,1960,664785.0,3026985.0,1814,39.304447,157.87366,-0.0058333334,7.6956773,1,1
900,2214,672405.0,3021105.0,2539,40.741684,257.71167,0.007222222,8.897499,3,0
531,1979,665355.0,3032175.0,2421,38.67345,181.78992,-0.0025,9.104492,1,1
1044,268,614025.0,3016785.0,1439,31.230988,100.692215,0.008055556,9.382116,1,1
523,1633,654975.0,3032415.0,1547,14.854567,223.72697,-0.0013888889,10.837601,1,0
536,332,615945.0,3032025.0,3108,22.259779,38.38654,0.0013888889,10.468266,1,0
194,334,616005.0,3042285.0,3773,27.791306,55.304848,0.004722222,9.840757,1,0
403,1411,648315.0,3036015.0,951,23.195068,13.495735,0.009722223,12.712458,1,0
609,846,631365.0,3029835.0,1311,49.319386,182.25781,-0.0016666667,8.848269,2,1
913,2117,669495.0,3020715.0,2382,35.432327,161.56505,-0.0130555555,7.142757,3,0
501,2215,672435.0,3033075.0,3893,40.754276,287.73413,0.0025,7.6442914,1,0
585,1633,654975.0,3030555.0,1143,20.597847,3.8140717,0.0022222223,13.2944355,1,0
779,895,632835.0,3024735.0,1758,31.913568,24.507408,-0.00055555557,7.2759666,2,0
611,1984,665505.0,3029775.0,2996,30.88678,259.1597,-0.0058333334,8.41488,1,1
909,879,632355.0,3020835.0,1380,43.07794,190.00798,0.006111111,8.661297,1,1
993,1796,659865.0,3018315.0,1300,45.022366,189.34467,0.00083333335,8.187908,1,1
35,1400,647985.0,3047055.0,1065,38.91549,191.30994,0.003611111,10.235275,1,1
581,1960,664785.0,3030675.0,2271,26.720285,250.66519,0.0027777778,11.531834,1,1
611,842,631245.0,3029775.0,1252,46.64548,169.57419,0.004722222,8.690835,2,1
571,1857,661695.0,3030975.0,1519,37.544674,170.6398,0.006111111,9.262848,1,1
1252,349,616455.0,3010545.0,2634,24.280966,338.8865,-0.0011111111,7.5984225,1,0
930,2141,670215.0,3020205.0,1628,39.68393,146.46953,0.017222222,6.989035,3,1
1041,600,623985.0,3016875.0,622,17.493961,155.8068,0.008055556,9.566435,1,0
589,1698,656925.0,3030435.0,1303,22.709114,102.65256,-0.008055556,7.673483,1,1
559,439,619155.0,3031335.0,2122,45.248985,42.32145,-0.0052777776,8.873145,1,0
36,1388,647625.0,3047025.0,1061,37.59504,170.02794,-0.00027777778,9.771854,1,1
585,856,631665.0,3030555.0,1616,36.624413,237.8244,0.00055555557,8.197626,2,1
672,673,626175.0,3027945.0,1955,34.97007,174.18752,0.0030555555,9.724834,1,1
564,1449,649455.0,3031185.0,698,47.910015,160.20113,0.0027777778,7.3937883,1,1
913,2140,670185.0,3020715.0,1832,68.630005,111.92284,0.019444445,8.999587,3,1
779,1318,645525.0,3024735.0,835,25.048368,93.06648,0.005,10.3356905,1,0
851,2175,671235.0,3022575.0,2079,37.2805,228.10603,0.0069444445,10.371015,3,1
652,1079,638355.0,3028545.0,2667,16.506227,207.64597,0.0013888889,8.01867,1,0
620,1315,645435.0,3029505.0,716,29.79849,175.40945,0.0011111111,8.969277,1,1
405,640,625185.0,3035955.0,2625,27.512754,113.078224,-0.0052777776,10.45042,1,1
960,1670,656085.0,3019305.0,1237,16.48461,9.727577,0.0022222223,11.757726,1,0
818,651,625515.0,3023565.0,841,38.248085,193.44861,0.0033333334,8.986204,1,1
709,1963,664875.0,3026835.0,1677,5.9610157,151.38954,0.015,19.10662,1,1
165,215,612435.0,3043155.0,3886,24.821426,259.09497,0.0044444446,12.486117,1,0
763,677,626295.0,3025215.0,1475,25.688904,284.03625,0.0013888889,9.613664,1,1
796,670,626085.0,3024225.0,1394,28.88837,205.01689,0.0,9.699614,1,1
380,2027,666795.0,3036705.0,2751,34.64598,339.16092,-0.013888889,7.171954,1,0
912,880,632385.0,3020745.0,1315,33.39825,200.72556,0.009444444,10.10929,1,1
894,2204,672105.0,3021285.0,2536,40.77347,185.54532,-0.0052777776,8.742226,3,1
816,1986,665565.0,3023625.0,2432,32.536915,336.1135,-0.00027777778,7.2518487,1,0
347,1941,664215.0,3037695.0,2227,36.52151,129.06259,0.0033333334,8.712206,1,0
1256,1099,638955.0,3010425.0,2269,10.014069,289.29004,-0.00027777778,12.487618,2,0
670,676,626265.0,3028005.0,1998,32.804016,202.42043,0.0044444446,10.573794,1,1
389,1322,645645.0,3036435.0,2218,32.95703,142.83553,0.003611111,8.622026,1,1
912,2139,670155.0,3020745.0,1955,68.89417,107.50244,-0.031944446,6.9490495,3,1
640,1556,652665.0,3028905.0,1727,44.45514,123.217674,0.008611111,8.207709,1,1
10,2062,667845.0,3047805.0,2953,37.536533,323.37866,0.005,11.01716,1,0
844,1483,650475.0,3022785.0,1782,23.833218,215.78897,0.003888889,9.005711,1,0
854,2162,670845.0,3022485.0,1868,41.699314,127.780975,0.017222222,7.6110134,3,1
953,2249,673455.0,3019515.0,1888,20.488453,97.04577,0.0075,10.78255,1,1
35,1394,647805.0,3047055.0,1074,36.19817,175.1009,-0.003611111,10.20563,1,1
406,643,625275.0,3035925.0,2556,38.17085,120.23457,0.00027777778,10.178562,1,1
745,239,613155.0,3025755.0,2391,44.683193,163.85565,-0.006111111,7.506601,1,0
1267,1394,647805.0,3010095.0,592,38.48905,326.97614,-0.011388889,7.031652,2,1
197,1277,644295.0,3042195.0,1823,40.43841,195.59909,0.00055555557,8.348596,1,0
392,1562,652845.0,3036345.0,2103,21.809982,301.373,-0.0016666667,8.816864,1,0
261,267,613995.0,3040275.0,4013,3.1818128,192.99461,-0.00055555557,10.790754,1,0
527,2092,668745.0,3032295.0,3326,21.251493,315.0,0.01861111,14.182956,1,0
861,1185,641535.0,3022275.0,951,55.7897,180.48692,0.0027777778,8.36244,2,1
558,1313,645375.0,3031365.0,2107,41.614426,230.71059,0.008333334,9.000291,1,0
38,758,628725.0,3046965.0,4165,41.801662,94.27584,-0.004166667,8.860181,1,0
872,2248,673425.0,3021945.0,3010,40.522026,223.41983,0.015277778,9.667397,3,1
20,1399,647955.0,3047505.0,1592,62.00042,193.4513,-0.01861111,7.5570135,1,1
860,1186,641565.0,3022305.0,997,54.022575,176.53177,-0.0075,8.091546,2,1
846,972,635145.0,3022725.0,2200,30.449963,267.9691,0.0025,9.818552,2,0
997,355,616635.0,3018195.0,2096,10.769683,208.81079,0.00055555557,10.764597,1,0
102,2163,670875.0,3045045.0,3507,39.00771,233.36589,0.003888889,9.957546,1,0
361,948,634425.0,3037275.0,2651,19.78057,116.861916,-0.003611111,7.825049,1,0
27,1398,647925.0,3047295.0,1274,38.66739,188.38324,0.0055555557,10.021,1,1
1057,89,608655.0,3016395.0,2079,8.710355,67.619865,-0.00027777778,9.3715105,1,0
542,467,619995.0,3031845.0,2206,49.61147,189.7962,0.0027777778,8.432484,1,0
18,1404,648105.0,3047565.0,1684,36.84016,142.68399,-0.0325,7.0911584,1,1
525,967,634995.0,3032355.0,1786,20.45103,309.55966,0.0022222223,10.186706,1,0
760,674,626205.0,3025305.0,1428,24.319395,264.7099,0.003611111,12.440821,1,1
913,866,631965.0,3020715.0,1241,35.621487,219.33629,-0.004166667,10.569763,1,1
1263,1390,647685.0,3010215.0,444,39.724346,314.18735,-0.00083333335,6.9875994,2,1
465,858,631725.0,3034155.0,2369,23.086828,50.55297,0.005,9.601,1,0
911,1008,636225.0,3020775.0,1593,36.006733,63.434948,0.00027777778,9.3188305,2,1
41,1398,647925.0,3046875.0,939,38.75806,189.56009,-0.0055555557,10.548385,1,1
618,408,618225.0,3029565.0,2291,30.473837,102.26477,-0.0075,8.025839,1,0
134,2216,672465.0,3044085.0,4054,21.650612,230.9645,0.005,8.419486,1,0
537,1983,665475.0,3031995.0,2341,29.79849,311.46045,0.011111111,8.969277,1,1
821,297,614895.0,3023475.0,1997,32.82907,234.46233,0.0027777778,9.725536,1,0
878,831,630915.0,3021765.0,958,49.28592,168.20657,0.0125,7.345374,1,1
823,1374,647205.0,3023415.0,766,25.048368,356.93353,0.00083333335,8.949396,1,0
357,1299,644955.0,3037395.0,2459,31.558764,355.72052,4.3368087e-19,9.23572,1,0
1200,1408,648225.0,3012105.0,676,43.842674,329.20676,-0.004166667,8.922246,2,0
873,1847,661395.0,3021915.0,1533,14.481123,349.77783,-0.00055555557,9.947919,1,0
353,54,607605.0,3037515.0,4035,34.33518,235.43747,0.00083333335,8.282188,1,1
845,1547,652395.0,3022755.0,1728,27.166622,113.44292,0.0016666667,10.514019,1,0
618,1316,645465.0,3029565.0,749,29.85464,154.17902,-0.007777778,7.3575687,1,1
812,585,623535.0,3023745.0,845,25.892502,348.11133,0.014722222,10.233202,1,0
716,1941,664215.0,3026625.0,1591,30.418495,173.4802,0.014722222,14.70198,1,1
631,883,632475.0,3029175.0,1448,21.458923,302.00537,0.00055555557,9.345569,2,0
1178,523,621675.0,3012765.0,1892,27.910515,197.86487,0.0019444445,10.002774,1,0
835,1416,648465.0,3023055.0,1002,30.684698,347.42755,0.021944445,9.9633465,1,1
1225,1770,659085.0,3011355.0,903,24.412342,105.439644,-0.0019444445,7.5923176,1,1
736,1275,644235.0,3026025.0,830,43.208473,158.67053,0.004722222,9.062197,1,1
729,1128,639825.0,3026235.0,2900,39.14429,102.11524,0.0022222223,8.39453,2,0
584,464,619905.0,3030585.0,1764,27.355772,82.13092,0.0019444445,10.35176,1,0
710,1956,664665.0,3026805.0,1653,35.948406,173.73251,0.011944445,9.762805,1,0
619,1316,645465.0,3029535.0,732,31.444307,162.55281,-0.0058333334,7.98744,1,1
809,661,625815.0,3023835.0,1060,29.093021,200.60626,0.0130555555,12.032993,1,1
554,1914,663405.0,3031485.0,2118,46.862,191.48541,0.010555555,9.627725,1,1
313,2264,673905.0,3038715.0,4205,22.476822,304.3302,0.003888889,8.783525,1,0
1174,763,628875.0,3012885.0,485,1.4320962,0.0,0.008611111,24.462946,1,0
917,1081,638415.0,3020595.0,2091,37.03877,186.3402,-0.003888889,9.1633835,2,0
43,1403,648075.0,3046815.0,892,42.157825,191.41336,0.009722223,9.386675,1,1
869,2158,670725.0,3022035.0,1782,31.03431,126.552475,0.010555555,10.606268,3,1
813,1396,647865.0,3023715.0,967,17.766874,257.22876,0.00027777778,13.493454,1,0
853,2172,671145.0,3022515.0,2002,35.311214,295.05762,0.021388888,10.366111,3,1
29,1393,647775.0,3047235.0,1213,45.790367,191.21884,0.003888889,9.482853,1,1
667,1340,646185.0,3028095.0,558,27.746935,93.63295,-0.0025,11.000088,1,0
533,1981,665415.0,3032115.0,2372,37.477814,179.37724,0.006111111,10.918186,1,1
40,1391,647715.0,3046905.0,962,48.07253,182.35916,-0.011111111,9.73946,1,1
1015,1133,639975.0,3017655.0,874,32.760345,150.9454,0.00027777778,10.88085,2,0
475,2026,666765.0,3033855.0,3252,47.605064,336.45798,-0.006111111,7.4044824,1,1
1193,1963,664875.0,3012315.0,914,40.90455,167.50108,0.011111111,8.044455,1,1
130,114,609405.0,3044205.0,4706,5.5202127,172.56859,0.0,9.832252,1,0
1143,1793,659775.0,3013815.0,1033,24.714777,153.66692,0.0069444445,11.797864,1,1
37,1400,647985.0,3046995.0,1017,36.317223,183.9005,0.0052777776,10.406068,1,1
434,335,616035.0,3035085.0,2831,46.044937,225.65106,-0.00083333335,9.761643,1,1
853,2192,671745.0,3022515.0,2432,45.98474,273.23102,0.014444444,8.965239,3,1
1147,1577,653295.0,3013695.0,1465,28.924263,293.08514,-0.0013888889,9.793443,1,0
37,1395,647835.0,3046995.0,1025,38.681778,173.72566,-0.00055555557,10.202806,1,1
911,1003,636075.0,3020775.0,1689,38.055458,62.071022,0.0011111111,9.3498,2,1
912,1005,636135.0,3020745.0,1665,38.40606,50.117313,-0.00083333335,8.644064,2,1
1137,1794,659805.0,3013995.0,1096,23.859573,137.29062,0.0025,11.402362,1,0
1112,1867,661995.0,3014745.0,1935,32.245117,216.94559,-0.009444444,7.956255,1,0
850,2184,671505.0,3022605.0,2249,43.46777,258.59128,0.009444444,14.390134,3,1
132,1401,648015.0,3044145.0,1801,17.03871,43.898293,-4.3368087e-19,11.076074,1,0
474,2025,666735.0,3033885.0,3207,43.09156,341.56506,0.007777778,8.255356,1,1
160,2009,666255.0,3043305.0,3695,40.195805,32.514534,0.0019444445,8.762644,1,0
680,490,620685.0,3027705.0,1732,27.307167,353.04706,-0.00027777778,8.849762,1,0
618,1313,645375.0,3029565.0,738,30.793438,210.68896,0.005,8.013116,1,1
1128,226,612765.0,3014265.0,1606,29.219484,65.3441,0.003888889,10.784613,1,0
118,539,622155.0,3044565.0,5584,18.850546,336.2505,0.0011111111,7.8770585,1,0
420,1818,660525.0,3035505.0,1973,28.405972,303.69006,0.0013888889,9.36295,1,0
875,2247,673395.0,3021855.0,2934,43.845367,225.0,0.008055556,8.634469,3,1
696,1395,647835.0,3027225.0,1314,14.581811,301.9081,-0.00055555557,8.842072,1,0
350,55,607635.0,3037605.0,4089,21.306934,229.33232,-0.011944445,7.743944,1,1
68,906,633165.0,3046065.0,4860,15.318955,26.17529,-0.023611112,8.097297,1,0
44,1399,647955.0,3046785.0,865,31.53523,176.49646,0.008333334,10.286463,1,1
534,1150,640485.0,3032085.0,2340,29.200508,110.05609,-0.010833333,7.3841925,1,0
501,1385,647535.0,3033075.0,1490,18.009697,91.4688,0.0025,9.31229,1,0
236,1760,658785.0,3041025.0,3307,29.79849,355.40945,0.009166666,9.151599,1,0
931,1746,658365.0,3020175.0,1056,18.394606,127.874985,-0.0022222223,10.100581,1,0
31,1406,648165.0,3047175.0,1216,35.666374,192.7453,0.0025,11.025942,1,1
222,1225,642735.0,3041445.0,1925,38.884132,103.74905,0.01,9.096961,1,1
862,1935,664035.0,3022245.0,2154,38.42223,341.94574,-0.0011111111,7.727194,1,1
916,2143,670275.0,3020625.0,1684,31.66192,107.700424,0.009444444,10.653071,3,1
34,1394,647805.0,3047085.0,1095,35.573715,174.98688,-0.0016666667,10.18206,1,1
725,1005,636135.0,3026355.0,2527,20.3075,324.16235,-0.0027777778,8.895097,2,0
594,872,632145.0,3030285.0,1496,35.115532,220.67494,0.004166667,9.987699,2,1
825,103,609075.0,3023355.0,3499,35.632492,341.3544,0.0019444445,9.081281,1,0
811,661,625815.0,3023775.0,1034,32.29917,213.16635,-0.0033333334,9.052777,1,1
131,412,618345.0,3044175.0,4299,18.158342,242.78389,0.004166667,12.449803,1,0
443,1924,663705.0,3034815.0,2035,43.883564,188.97263,0.011111111,11.559875,1,1
381,1372,647145.0,3036675.0,1590,51.683273,139.80795,0.009444444,8.764184,1,1
736,1273,644175.0,3026025.0,854,51.318436,155.14476,0.009166666,7.966324,1,1
907,1009,636255.0,3020895.0,1527,22.349028,72.299576,0.015,13.188409,2,1
1177,1648,655425.0,3012795.0,1748,32.36201,194.85861,-0.0030555555,7.951738,1,0
970,1743,658275.0,3019005.0,830,9.191033,304.50854,0.0011111111,9.316912,1,0
850,2182,671445.0,3022605.0,2195,42.451363,263.19867,0.014166667,14.426773,3,1
407,641,625215.0,3035895.0,2589,40.093807,119.99109,-0.0030555555,10.232594,1,1
37,1405,648135.0,3046995.0,1049,44.83241,196.30823,9.215718e-19,8.194539,1,1
151,2107,669195.0,3043575.0,3273,16.057508,292.10944,0.0022222223,12.989416,1,0
46,1400,647985.0,3046725.0,855,14.75254,355.46222,0.009444444,12.864147,1,1
458,1749,658455.0,3034365.0,1327,17.528368,306.41638,-0.0033333334,8.648051,1,0
25,1407,648195.0,3047355.0,1412,55.134254,182.9953,-0.0011111111,8.232784,1,1
1262,1385,647535.0,3010245.0,356,28.791342,310.69553,0.0016666667,10.109086,2,1
1221,2055,667635.0,3011475.0,1072,26.41315,310.23636,-0.0030555555,9.111621,1,0
881,801,630015.0,3021675.0,971,39.31463,167.66092,-0.02861111,7.002167,1,1
807,1823,660675.0,3023895.0,1373,30.475092,79.80401,0.0022222223,9.412084,1,1
24,1407,648195.0,3047385.0,1451,52.255505,179.26074,0.004722222,8.155816,1,1
905,1006,636165.0,3020955.0,1568,40.491734,65.18581,0.008055556,8.346711,2,1
864,498,620925.0,3022185.0,1214,31.511662,297.0875,-0.0055555557,7.2916536,1,0
68,1991,665715.0,3046065.0,2078,32.322765,347.06195,0.0,9.051866,1,0
852,2169,671055.0,3022545.0,1967,27.42237,226.95251,0.006666667,9.404452,3,1
745,222,612645.0,3025755.0,2230,44.44687,217.40536,0.0044444446,8.431142,1,0
1083,2397,677895.0,3015615.0,2917,42.26071,181.57655,0.00083333335,9.670749,1,1
16,1400,647985.0,3047625.0,1725,32.811646,194.21585,-0.018055556,7.2412972,1,1
859,1773,659175.0,3022335.0,1354,20.957647,81.869896,-0.0016666667,10.24698,1,0
537,1979,665355.0,3031995.0,2301,29.239792,225.0,0.0125,10.090633,1,1
1041,42,607245.0,3016875.0,1887,15.731152,150.78076,-0.00027777778,8.0694,1,0
980,476,620265.0,3018705.0,1262,38.699184,161.18811,-0.0033333334,7.02413,1,1
394,1390,647685.0,3036285.0,1179,47.502712,132.21483,0.0075,7.8135347,1,1
522,2310,675285.0,3032445.0,4075,16.028753,250.51387,0.00027777778,11.605011,1,0
1151,2050,667485.0,3013575.0,1513,53.891006,200.08725,0.00055555557,8.8848295,1,1
917,2315,675435.0,3020595.0,2868,36.724087,211.29303,0.008333334,11.584019,3,1
762,1972,665145.0,3025245.0,1673,49.608273,214.30975,0.010833333,7.73945,1,1
40,1740,658185.0,3046905.0,1093,38.038906,326.7331,-0.00055555557,7.7409573,1,0
32,1394,647805.0,3047145.0,1139,37.37535,176.56012,0.0013888889,10.016183,1,1
498,389,617655.0,3033165.0,2120,11.309933,90.0,0.0044444446,12.022751,1,1
126,1267,643995.0,3044325.0,2230,49.83411,313.575,0.0055555557,7.731458,1,0
446,769,629055.0,3034725.0,2559,8.104436,200.55605,0.02388889,15.184449,1,0
861,382,617445.0,3022275.0,1447,37.581245,153.29622,0.0013888889,12.279238,1,1
860,1539,652155.0,3022305.0,1752,28.131914,76.938446,0.016666668,12.654254,1,0
762,671,626115.0,3025245.0,1383,29.147533,263.56525,0.0016666667,12.747657,1,1
29,1400,647985.0,3047235.0,1232,48.546333,195.36609,0.0013888889,9.622726,1,1
555,1974,665205.0,3031455.0,2288,20.042747,283.87753,-0.005,7.8107586,1,0
622,1317,645495.0,3029445.0,682,13.15422,101.30994,0.012222222,18.8252,1,0
896,2218,672525.0,3021225.0,2701,46.197964,264.26663,-0.023611112,6.7605658,3,0
855,2181,671415.0,3022455.0,2207,39.374134,302.56042,0.008888889,8.386344,3,1
35,1398,647925.0,3047055.0,1062,37.0228,180.31656,0.0030555555,10.416726,1,1
597,918,633525.0,3030195.0,1850,37.032887,68.96249,-0.010833333,7.084155,2,0
1118,1428,648825.0,3014565.0,1146,33.847355,171.06439,-0.006666667,8.300531,1,0
795,1756,658665.0,3024255.0,1286,24.412342,316.48785,0.003888889,9.201756,1,0
938,1261,643815.0,3019965.0,872,23.509655,290.17065,-0.0016666667,7.6347747,2,0
43,1394,647805.0,3046815.0,884,33.30968,167.55,-0.0022222223,7.222285,1,1
392,1390,647685.0,3036345.0,1230,49.37449,140.22064,0.0011111111,7.7477117,1,1
1262,1446,649365.0,3010245.0,804,22.623932,178.85425,0.003611111,9.757105,2,0
153,1329,645855.0,3043515.0,2398,38.778393,104.108315,-0.0052777776,9.323883,1,0
406,1902,663045.0,3035925.0,1745,32.225933,294.1932,-0.0013888889,9.461074,1,0
352,51,607515.0,3037545.0,3999,30.31993,229.04448,0.004166667,8.948285,1,1
823,655,625635.0,3023415.0,789,24.168814,211.32869,0.007777778,11.947459,1,1
847,2177,671295.0,3022695.0,2173,31.558764,228.85063,0.004722222,10.3343315,3,1
1254,1924,663705.0,3010485.0,568,5.6412196,242.35402,0.0055555557,14.626671,1,0
576,2258,673725.0,3030825.0,3713,29.176079,180.0,-0.0016666667,9.687779,3,0
906,1005,636135.0,3020925.0,1608,41.305855,66.23061,-0.006666667,6.9317036,2,1
1117,54,607605.0,3014595.0,2490,35.13067,71.350464,0.0022222223,7.8470707,1,0
353,51,607515.0,3037515.0,3989,28.957327,232.95752,0.0022222223,9.003623,1,1
1159,1221,642615.0,3013335.0,896,41.009777,129.94617,0.010277778,8.040745,2,1
1190,1403,648075.0,3012405.0,518,27.404234,283.47784,-0.010555555,7.459317,2,0
291,284,614505.0,3039375.0,3873,33.781746,207.04384,-0.008888889,7.2043953,1,0
440,329,615855.0,3034905.0,2605,42.473843,235.00798,0.00083333335,10.148786,1,1
1074,1716,657465.0,3015885.0,1232,16.895544,26.916553,-0.0016666667,7.9939837,1,0
1049,1274,644205.0,3016635.0,967,28.496794,197.8787,-0.00027777778,10.54875,2,0
943,1671,656115.0,3019815.0,1109,27.227877,121.759476,0.020277778,10.105924,1,0
586,856,631665.0,3030525.0,1605,35.717525,237.78345,-0.0022222223,8.23085,2,1
393,1394,647805.0,3036315.0,1130,38.973564,155.01877,0.0055555557,11.318391,1,1
351,56,607665.0,3037575.0,4090,15.332459,216.34746,-0.015277778,8.096373,1,1
706,1747,658395.0,3026925.0,1484,20.3075,172.23483,0.0013888889,12.153193,1,0
1054,172,611145.0,3016485.0,1442,30.98812,60.945396,-0.007222222,9.104016,1,0
609,775,629235.0,3029835.0,1499,21.335686,11.070206,-0.0033333334,8.43561,2,0
768,662,625845.0,3025065.0,1270,31.028238,282.39966,-0.0013888889,10.711868,1,1
1014,1371,647115.0,3017685.0,1517,37.180916,178.74095,0.006666667,10.446081,1,0
251,2105,669135.0,3040575.0,4191,31.226189,162.81042,0.0069444445,8.401476,1,0
837,1418,648525.0,3022995.0,1066,49.88431,355.57043,0.015277778,8.240506,1,1
500,392,617745.0,3033105.0,2121,34.11927,240.12401,0.006666667,7.8848267,1,1
500,393,617775.0,3033105.0,2142,37.877197,237.24634,-0.0033333334,7.7467766,1,1
309,246,613365.0,3038835.0,3276,30.5052,216.95093,0.014444444,9.528665,1,0
845,2183,671475.0,3022755.0,2319,43.026207,217.38145,0.006111111,8.480785,3,1
853,2175,671235.0,3022515.0,2058,42.666477,284.66446,0.028333334,9.368847,3,1
1101,1941,664215.0,3015075.0,1401,22.662525,233.93059,-0.012222222,8.368916,1,0
503,1884,662505.0,3033015.0,1944,36.19817,355.1009,0.013333334,9.947802,1,0
537,1977,665295.0,3031995.0,2285,32.934334,193.7681,0.0069444445,9.801549,1,1
1150,1912,663345.0,3013605.0,1399,25.744226,102.47511,0.0027777778,8.630365,1,0
1104,343,616275.0,3014985.0,1425,25.651917,51.34019,0.003611111,10.531609,1,0
967,1879,662355.0,3019095.0,1247,27.568243,278.25946,0.0033333334,9.061764,1,0
357,1010,636285.0,3037395.0,2482,30.950342,202.46675,-0.009166666,7.313751,1,0
618,519,621555.0,3029565.0,2302,40.828278,194.23727,0.0069444445,9.027974,1,0
567,1447,649395.0,3031095.0,651,35.45088,122.57406,0.015555556,10.233114,1,1
578,852,631545.0,3030765.0,1684,39.07652,200.1087,0.011111111,10.980945,2,0
262,1936,664065.0,3040245.0,2625,36.716373,256.42957,-0.0130555555,7.0956635,1,0
358,962,634845.0,3037365.0,2557,27.755817,169.04593,-0.0175,7.444364,1,0
345,1669,656055.0,3037755.0,2527,22.684824,293.49857,0.0027777778,11.006878,1,0
1032,2136,670065.0,3017145.0,1376,25.663694,258.49518,0.00055555557,12.189309,1,0
1269,1391,647715.0,3010035.0,561,51.000267,328.2405,0.009444444,8.383157,2,1
1279,251,613515.0,3009735.0,2483,37.38768,154.83212,-0.0027777778,7.7644453,1,0
1246,877,632295.0,3010725.0,701,37.717037,131.50536,-0.0016666667,10.103924,1,0
650,565,622935.0,3028605.0,2140,10.246059,244.0256,0.011944445,17.204807,1,0
593,877,632295.0,3030315.0,1593,33.255672,229.1223,0.0019444445,10.835258,2,1
597,388,617625.0,3030195.0,2689,26.204601,28.300755,-0.0019444445,9.457254,1,0
1070,1881,662415.0,3016005.0,1989,29.772308,123.11134,-0.0063888887,8.459512,1,1
527,1680,656385.0,3032295.0,1375,37.601524,144.24611,0.0069444445,9.00948,1,1
1270,625,624735.0,3010005.0,1023,28.20698,46.259045,-0.0016666667,8.523972,1,0
751,916,633465.0,3025575.0,2013,22.480928,295.0169,0.0025,7.68471,2,0
350,56,607665.0,3037605.0,4093,4.5327144,183.01279,-0.011666667,9.337212,1,1
536,2164,670905.0,3032025.0,3940,21.68305,128.19095,0.005,10.027274,1,0
737,1275,644235.0,3025995.0,806,29.538782,151.92752,0.012777777,9.672964,1,1
1061,1403,648075.0,3016275.0,1214,24.412342,254.56035,0.0022222223,8.690929,1,0
464,246,613365.0,3034185.0,3583,35.061493,201.2329,0.00055555557,9.929079,1,0
927,2284,674505.0,3020295.0,2264,31.20578,187.90717,0.0075,8.913105,3,1
1227,1768,659025.0,3011295.0,919,23.95335,113.19859,0.00027777778,10.252812,1,1
690,2351,676515.0,3027405.0,3529,32.964592,163.19498,-0.00055555557,9.633338,3,0
427,1193,641775.0,3035295.0,2893,25.239403,81.869896,0.006666667,9.500343,1,0
534,1978,665325.0,3032085.0,2360,37.64929,192.1596,-0.01,7.061846,1,1
20,1400,647985.0,3047505.0,1603,61.4592,191.76828,-0.01861111,6.886512,1,1
927,2285,674535.0,3020295.0,2262,30.155619,175.47523,0.016666668,8.731732,3,1
916,2141,670215.0,3020625.0,1728,38.67345,104.47029,0.011388889,9.858264,3,1
495,389,617655.0,3033255.0,2125,20.481443,231.3402,0.014166667,10.185085,1,1
930,904,633105.0,3020205.0,1658,15.104355,278.88068,-0.003611111,11.6674385,2,0
36,1391,647715.0,3047025.0,1056,34.07897,172.56859,0.0011111111,10.026407,1,1
439,330,615885.0,3034935.0,2641,40.255447,233.8068,0.0019444445,10.187649,1,1
912,1002,636045.0,3020745.0,1720,35.332706,58.458687,-0.00083333335,9.343665,2,1
507,232,612945.0,3032895.0,3597,53.62083,107.32255,0.012777777,7.595436,1,0
308,631,624915.0,3038865.0,3207,22.84806,87.165886,0.0063888887,9.863914,1,0
19,1403,648075.0,3047535.0,1658,52.62696,169.54837,-0.016666668,7.226109,1,1
1032,343,616275.0,3017145.0,1548,55.157784,191.37512,-0.00083333335,7.1332965,1,1
526,1682,656445.0,3032325.0,1390,43.276386,185.33215,0.0011111111,8.248891,1,1
535,1981,665415.0,3032055.0,2333,22.546463,169.59229,0.010833333,11.573297,1,1
585,853,631575.0,3030555.0,1570,29.261425,222.58897,0.008611111,9.327608,2,1
618,1312,645345.0,3029565.0,730,24.899193,204.95474,0.008888889,10.747958,1,1
968,2245,673335.0,3019065.0,1775,19.868475,200.94266,0.005,18.4898,1,0
1197,988,635625.0,3012195.0,2087,41.551704,240.42216,-0.004722222,9.002497,1,0
35,1402,648045.0,3047055.0,1079,42.47975,193.15094,0.0013888889,7.9890943,1,1
870,2245,673335.0,3022005.0,3075,61.655125,174.7123,-0.00083333335,7.5714936,3,1
612,844,631305.0,3029745.0,1213,36.112972,171.12946,0.010277778,9.197151,2,1
913,2144,670305.0,3020715.0,1696,38.366714,124.27555,0.01,9.926409,3,1
387,1321,645615.0,3036495.0,2278,47.1146,142.86403,-0.0013888889,7.8271265,1,1
736,1269,644055.0,3026025.0,935,29.65002,162.09555,-0.008611111,7.3658576,1,1
970,551,622515.0,3019005.0,1367,32.013393,146.41583,-0.0013888889,8.3707,1,0
612,846,631365.0,3029745.0,1212,38.22082,180.30315,0.010555555,9.526179,2,1
956,1880,662385.0,3019425.0,1161,24.49391,309.80557,0.011111111,10.724033,1,0
928,2141,670215.0,3020265.0,1667,46.2527,120.96376,0.020833334,6.758653,3,1
571,1856,661665.0,3030975.0,1524,37.26974,165.73549,0.006111111,9.021478,1,1
309,901,633015.0,3038835.0,3353,40.708504,158.4047,0.0044444446,8.744519,1,0
334,1377,647295.0,3038085.0,1420,33.825855,10.750969,0.0025,9.600625,1,0
868,2245,673335.0,3022065.0,3185,60.011047,183.72243,-0.016666668,6.9457903,3,1
858,1348,646425.0,3022365.0,1068,27.745453,324.67334,-0.0025,9.642028,1,0
800,1822,660645.0,3024105.0,1421,22.373844,148.24052,0.0027777778,9.992595,1,1
20,1833,660975.0,3047505.0,1380,26.350382,282.63336,0.0025,8.603547,1,0
853,2180,671385.0,3022515.0,2155,37.877197,299.17383,0.019722221,10.742509,3,1
36,1401,648015.0,3047025.0,1045,41.692463,190.7843,0.005,10.63168,1,1
761,672,626145.0,3025275.0,1401,28.07539,270.89517,-0.0011111111,10.521924,1,1
855,2166,670965.0,3022455.0,1898,40.302586,265.774,0.004166667,9.452012,3,1
393,1392,647745.0,3036315.0,1158,46.7412,144.2534,0.009444444,8.687489,1,1
960,306,615165.0,3019305.0,2376,7.5061426,341.56506,-0.0069444445,8.829156,1,0
915,863,631875.0,3020655.0,1167,32.281174,207.07208,0.0011111111,9.564299,1,1
874,2247,673395.0,3021885.0,2956,44.898678,222.96669,0.0030555555,8.597692,3,1
469,1791,659715.0,3034035.0,1499,37.39179,199.4227,0.007222222,9.150591,1,0
813,1801,660015.0,3023715.0,1666,24.395979,110.43283,-0.00055555557,7.5930767,1,0
1010,872,632145.0,3017805.0,1859,26.009829,2.447052,-0.0019444445,11.810407,1,0
257,322,615645.0,3040395.0,3998,3.0169613,71.56505,-0.003611111,9.745447,1,0
980,475,620235.0,3018705.0,1268,40.83882,161.73973,0.0019444445,8.3344555,1,1
327,702,627045.0,3038295.0,3952,35.039635,86.59356,-0.0063888887,8.766739,1,0
1039,536,622065.0,3016935.0,684,7.4315495,26.565052,0.0075,11.83499,1,0
1117,2341,676215.0,3014595.0,2267,42.572235,280.18863,-0.003611111,6.8872414,1,0
382,1374,647205.0,3036645.0,1528,38.37212,149.65675,0.013333334,8.981753,1,1
923,1077,638295.0,3020415.0,1906,55.83727,194.74356,-0.0052777776,8.206503,2,1
886,1462,649845.0,3021525.0,1660,19.180769,304.2611,0.0019444445,9.467786,1,0
386,833,630975.0,3036525.0,2905,38.51968,70.42687,0.0033333334,8.976465,1,0
72,1873,662175.0,3045945.0,2297,30.21695,287.91644,0.0016666667,9.827882,1,0
812,1187,641595.0,3023745.0,1542,36.724087,148.70697,0.00055555557,7.0953827,2,1
950,2246,673365.0,3019605.0,1977,37.848488,153.57236,-0.008333334,7.0546637,1,1
460,223,612675.0,3034305.0,3805,46.608696,147.875,-0.003888889,8.132505,1,0
806,1822,660645.0,3023925.0,1387,30.279324,87.54597,0.004166667,11.232294,1,1
877,831,630915.0,3021795.0,1000,54.75365,161.99182,-0.0016666667,6.455153,1,1
846,401,618015.0,3022725.0,1695,35.04249,187.16724,-0.011111111,7.8503428,1,0
913,2313,675375.0,3020715.0,2964,50.30875,192.78671,0.0022222223,7.3091617,3,1
442,2152,670545.0,3034845.0,3884,38.931892,222.90984,-0.010833333,7.708961,1,0
641,1554,652605.0,3028875.0,1769,33.634193,102.295265,-0.00083333335,9.607869,1,1
528,482,620445.0,3032265.0,2625,30.160738,231.40436,-0.004166667,8.03838,1,0
459,1238,643125.0,3034335.0,2434,25.943832,326.17383,0.00083333335,8.909167,1,0
191,899,632955.0,3042375.0,3275,40.318268,305.40686,-0.0044444446,10.102045,1,0
329,376,617265.0,3038235.0,3124,38.23952,51.009007,-0.0030555555,8.65004,1,0
765,1461,649815.0,3025155.0,1797,34.327232,196.66576,0.0013888889,9.381099,1,1
187,1502,651045.0,3042495.0,1027,23.880253,324.9638,-0.0052777776,9.696639,1,0
880,804,630105.0,3021705.0,940,59.939083,154.7327,0.0016666667,6.9486895,1,1
914,2129,669855.0,3020685.0,2147,39.408863,126.75368,0.0016666667,8.790573,3,1
38,1389,647655.0,3046965.0,1009,42.568123,183.64117,-0.0016666667,10.106261,1,1
60,1383,647475.0,3046305.0,1192,24.03728,358.39398,-0.007222222,8.302959,1,0
766,1007,636195.0,3025125.0,2925,17.026836,284.98163,-0.0016666667,8.678919,2,0
821,697,626895.0,3023475.0,1155,25.074553,261.29263,-0.00083333335,9.641353,1,0
305,72,608145.0,3038955.0,4030,7.832626,125.13419,0.0025,8.786067,1,0
500,399,617955.0,3033105.0,2232,38.572376,210.45038,-0.00027777778,7.7218146,1,1
1237,993,635775.0,3010995.0,1629,58.589695,159.44395,-0.008055556,6.3091626,1,1
808,662,625845.0,3023865.0,1089,40.474205,211.82745,0.011111111,8.34733,1,1
208,2097,668895.0,3041865.0,3706,13.934707,49.085617,0.015,15.5525255,1,0
21,1396,647865.0,3047475.0,1527,60.51061,177.56909,-0.019444445,8.311842,1,1
1109,1973,665175.0,3014835.0,1547,6.8040895,294.77515,-0.004166667,8.928382,1,0
535,1977,665295.0,3032055.0,2321,39.752647,202.0679,0.009722223,9.38449,1,1
1132,304,615105.0,3014145.0,2174,16.823395,11.929321,-0.0052777776,7.9985204,1,0
35,1285,644535.0,3047055.0,1190,19.652664,82.626236,0.004166667,10.471135,1,0
565,1448,649425.0,3031155.0,673,42.689217,160.7466,0.018888889,9.448093,1,1
566,1448,649425.0,3031125.0,652,32.96567,152.44719,0.01638889,10.00799,1,1
754,1552,652545.0,3025485.0,1776,22.75355,139.02826,0.015,14.6950655,1,0
734,662,625845.0,3026085.0,1604,37.424614,164.52599,-0.0027777778,9.554869,1,1
761,1973,665175.0,3025275.0,1728,49.76793,210.27097,-0.006111111,7.3283362,1,1
839,2302,675045.0,3022935.0,3680,23.91028,139.57391,-0.0075,8.308929,3,0
149,301,615015.0,3043635.0,3952,18.66144,141.009,0.0052777776,9.679659,1,0
260,176,611265.0,3040305.0,3874,24.652235,209.35776,0.0069444445,11.365422,1,0
702,1971,665115.0,3027045.0,1760,34.855064,177.5998,0.0027777778,10.299657,1,1
485,310,615285.0,3033555.0,2752,40.66193,14.036247,-0.008611111,7.647551,1,0
567,1446,649365.0,3031095.0,677,43.71768,121.82013,0.003888889,8.926613,1,1
971,2111,669315.0,3018975.0,1625,38.50897,133.72697,0.004722222,8.640376,1,1
794,670,626085.0,3024285.0,1424,28.155048,204.37012,0.00055555557,9.2192955,1,1
642,1557,652695.0,3028845.0,1684,39.310993,100.85249,0.007777778,9.567246,1,1
507,664,625905.0,3032895.0,1865,23.676064,183.81407,0.0052777776,8.725469,1,0
706,1961,664815.0,3026925.0,1746,48.63843,161.16624,-0.0016666667,6.675047,1,1
851,1177,641295.0,3022575.0,1166,52.790745,221.15182,0.009722223,7.6256433,2,1
934,454,619605.0,3020085.0,2037,17.56269,20.820892,0.0033333334,10.51777,1,0
1224,1936,664065.0,3011385.0,925,33.51247,164.30222,0.004166667,8.313197,1,0
1119,1391,647715.0,3014535.0,860,39.029198,242.77641,0.0022222223,8.398635,2,0
858,1185,641535.0,3022365.0,1077,55.19186,173.51318,-0.0019444445,7.825175,2,1
532,1976,665265.0,3032145.0,2382,36.83931,205.70996,0.0025,8.882949,1,1
610,1186,641565.0,3029805.0,1714,25.870928,72.49914,0.0011111111,9.47202,1,0
112,2102,669045.0,3044745.0,3181,40.66193,230.90614,0.0019444445,9.033846,1,0
16,1401,648015.0,3047625.0,1728,15.196769,147.52881,-0.028888889,8.105697,1,1
872,2244,673305.0,3021945.0,2972,50.896805,177.47673,0.022777777,8.792313,3,1
508,397,617895.0,3032865.0,2090,39.46945,215.94211,-0.00055555557,9.704708,1,1
992,1795,659835.0,3018345.0,1325,44.065636,189.66507,-0.00083333335,8.221311,1,1
922,2277,674295.0,3020445.0,2407,57.14729,171.9571,0.009444444,7.9745035,3,1
850,2171,671115.0,3022605.0,2047,50.059536,217.62953,-0.010555555,8.570768,3,1
767,658,625725.0,3025095.0,1204,24.18541,276.92722,0.0033333334,13.398936,1,1
850,1177,641295.0,3022605.0,1198,55.19524,223.12212,0.005,7.537367,2,1
928,1750,658485.0,3020265.0,1029,28.407394,127.487854,0.0063888887,9.719566,1,0
991,1818,660525.0,3018375.0,1372,40.899956,187.74034,-0.007222222,7.6391516,1,1
467,2026,666765.0,3034095.0,3078,22.801882,309.36932,0.007222222,13.52973,1,1
22,1400,647985.0,3047445.0,1476,62.34052,198.98889,0.021944445,8.641248,1,1
834,1418,648525.0,3023085.0,1027,37.45083,242.4592,0.015555556,10.160057,1,1
40,468,620025.0,3046905.0,5461,35.970863,304.23746,0.0027777778,9.607829,1,0
932,2145,670335.0,3020145.0,1549,25.895819,129.4278,0.0030555555,9.134442,3,1
1045,270,614085.0,3016755.0,1408,26.948858,89.06081,0.006666667,10.043828,1,1
537,1980,665385.0,3031995.0,2314,22.441887,239.03624,0.005,11.764177,1,1
141,2283,674475.0,3043875.0,4669,33.12896,5.128189,-0.0075,8.32778,1,0
505,397,617895.0,3032955.0,2142,33.105427,231.22583,-0.005,10.002653,1,1
650,1311,645315.0,3028605.0,1028,22.654408,58.055244,-0.0033333334,11.895674,1,0
1226,104,609105.0,3011325.0,2873,12.958842,312.06433,-4.3368087e-19,9.65788,1,0
708,1966,664965.0,3026865.0,1682,18.682575,292.45694,0.024444444,17.88539,1,1
1267,142,610245.0,3010095.0,3057,14.763133,325.30484,0.0022222223,9.234621,1,0
526,1681,656415.0,3032325.0,1386,39.044743,175.28525,0.012777777,8.621224,1,1
846,2183,671475.0,3022725.0,2299,42.982285,222.46324,0.0033333334,9.437834,3,1
18,1401,648015.0,3047565.0,1687,43.81301,199.53665,-0.015,6.8438406,1,1
255,1147,640395.0,3040455.0,2587,37.79011,110.772255,-0.00083333335,9.947139,1,0
739,664,625905.0,3025935.0,1498,26.438833,184.32506,0.005,9.446968,1,1
502,398,617925.0,3033045.0,2186,28.20698,226.25905,0.005,9.034797,1,1
563,226,612765.0,3031215.0,3902,33.70865,159.52771,-0.00055555557,7.9003043,1,0
1043,187,611595.0,3016815.0,1500,38.294712,135.0,-0.0033333334,8.137233,1,0
872,2243,673275.0,3021945.0,2976,50.27098,172.03824,0.019166667,8.814581,3,1
449,1904,663105.0,3034635.0,1802,44.116486,213.07547,0.014444444,7.526387,1,0
498,1555,652635.0,3033165.0,1811,32.853004,197.26581,-0.00083333335,9.542297,1,0
905,880,632385.0,3020955.0,1493,38.533443,193.30917,-0.004166667,8.416356,1,1
563,1448,649425.0,3031215.0,746,53.843536,163.55139,-0.0055555557,7.1818213,1,1
193,943,634275.0,3042315.0,3971,41.816494,279.11136,0.010277778,8.85966,1,0
953,873,632175.0,3019515.0,1420,37.292904,228.54868,0.007777778,9.377314,1,1
442,328,615825.0,3034845.0,2549,35.26814,224.04517,0.015555556,10.367705,1,1
46,1404,648105.0,3046725.0,863,7.804185,19.536652,0.005,8.78975,1,1
1212,458,619725.0,3011745.0,1969,22.007975,179.40933,0.0055555557,9.500029,1,0
28,1397,647895.0,3047265.0,1253,40.530094,177.48619,-0.004722222,10.137115,1,1
858,2184,671505.0,3022365.0,2318,39.681797,294.63446,-0.007222222,6.9891105,3,1
983,2147,670395.0,3018615.0,1434,37.30282,327.9614,-0.00083333335,7.7675166,1,0
599,882,632445.0,3030135.0,1588,39.058792,219.1652,-0.0027777778,8.109898,2,1
674,525,621735.0,3027885.0,1986,13.721326,244.74684,-0.0075,8.212294,1,0
862,383,617475.0,3022245.0,1414,35.53318,161.98788,0.013333334,12.632094,1,1
599,520,621585.0,3030135.0,2285,16.723558,273.1798,0.015,14.832456,1,0
952,2243,673275.0,3019545.0,1970,32.977543,137.60257,-0.0013888889,9.432173,1,1
121,657,625695.0,3044475.0,5265,33.332924,337.65936,0.0063888887,9.167311,1,0
116,1647,655395.0,3044625.0,1383,15.896959,20.556046,-0.0011111111,9.444656,1,0
1113,1395,647835.0,3014715.0,983,27.791306,251.56505,0.0013888889,9.522304,2,0
1224,2028,666825.0,3011385.0,978,19.836792,353.3675,-0.003611111,8.515119,1,0
613,1822,660645.0,3029715.0,1592,24.49391,309.80557,0.0027777778,9.197977,1,0
916,864,631905.0,3020625.0,1160,32.81818,212.86868,0.0033333334,9.032806,1,1
617,1314,645405.0,3029595.0,768,33.905567,199.55826,-0.007222222,7.1997232,1,1
831,879,632355.0,3023175.0,1959,34.308346,151.55707,-0.010555555,7.184582,2,1
1116,675,626235.0,3014625.0,1608,12.225122,22.619865,-0.008055556,8.33179,1,0
35,1396,647865.0,3047055.0,1065,36.090714,169.46082,0.0027777778,10.209568,1,1
33,1406,648165.0,3047115.0,1172,41.97866,195.58093,-0.0052777776,10.839881,1,1
757,1439,649155.0,3025395.0,1634,24.007488,207.28421,0.0025,10.17616,1,0
244,625,624735.0,3040785.0,3994,22.073416,170.53769,-0.00083333335,8.398133,1,0
858,2163,670875.0,3022365.0,1827,22.850065,245.46227,0.008888889,10.757634,3,1
423,2064,667905.0,3035415.0,3178,32.800743,220.27986,0.0013888889,9.187625,1,0
504,393,617775.0,3032985.0,2091,26.068996,226.38036,0.007222222,10.002236,1,1
574,820,630585.0,3030885.0,1641,12.814237,298.44293,-0.0019444445,8.283195,2,0
88,2269,674055.0,3045465.0,3879,32.1603,55.25682,0.0027777778,10.099604,1,0
836,1418,648525.0,3023025.0,1035,37.21667,343.75238,0.0225,8.869249,1,1
923,406,618165.0,3020415.0,1773,20.848547,306.99527,-0.004722222,10.712225,1,0
919,866,631965.0,3020535.0,1148,19.61061,259.2157,0.0069444445,16.10748,1,1
378,1372,647145.0,3036765.0,1703,56.091095,155.15761,-0.0016666667,10.042778,1,1
847,2336,676065.0,3022695.0,3413,24.862123,142.30576,-0.0019444445,8.264747,3,0
471,2028,666825.0,3033975.0,3179,48.734077,330.9047,-0.0033333334,7.7702928,1,1
37,1399,647955.0,3046995.0,1017,35.789406,180.99347,0.003888889,9.694541,1,1
290,282,614445.0,3039405.0,3859,35.19296,234.61972,-0.006111111,8.761052,1,0
596,868,632025.0,3030225.0,1409,34.021374,208.77982,0.009722223,12.115342,2,1
1163,666,625965.0,3013215.0,1701,14.397797,76.865974,0.003888889,9.260795,1,0
984,1438,649125.0,3018585.0,1681,24.771744,129.87181,0.0016666667,10.620263,1,0
1036,1966,664965.0,3017025.0,2075,30.465046,177.15787,0.0030555555,10.859404,1,1
535,1984,665505.0,3032055.0,2346,18.445688,257.00537,0.015833333,18.76857,1,1
538,2340,676185.0,3031965.0,4185,17.66232,186.009,0.0016666667,10.144015,1,0
349,480,620385.0,3037635.0,4248,32.570126,262.50415,0.0025,9.196481,1,0
21,1398,647925.0,3047475.0,1517,62.736588,184.92711,0.004722222,7.9312067,1,1
800,2300,674985.0,3024105.0,3884,5.5507183,59.036243,0.00027777778,9.826706,3,0
1278,579,623355.0,3009765.0,1583,31.576393,347.4712,0.0013888889,9.368561,1,0
1226,1768,659025.0,3011325.0,924,22.228525,106.58734,-0.0025,7.697234,1,1
742,200,611985.0,3025845.0,1942,19.858734,219.38242,-0.0055555557,16.089247,1,0
956,708,627225.0,3019425.0,671,70.57379,130.94832,0.041388888,7.1464663,1,1
228,1346,646365.0,3041265.0,1128,19.78057,116.861916,0.011388889,8.518196,1,0
606,843,631275.0,3029925.0,1439,54.545082,170.0905,-0.0044444446,8.072305,2,1
404,643,625275.0,3035985.0,2580,31.027023,132.75426,0.00027777778,11.667428,1,1
46,576,623265.0,3046725.0,4538,42.981712,347.08218,-0.0052777776,8.664664,1,0
740,663,625875.0,3025905.0,1485,23.885887,160.20113,0.007777778,13.041882,1,1
753,1558,652725.0,3025515.0,1812,27.711351,178.1817,-0.0022222223,8.544861,1,0
1262,1386,647565.0,3010245.0,368,30.00646,315.58463,0.0016666667,9.990498,2,1
537,1978,665325.0,3031995.0,2289,32.105793,210.31122,0.015,10.041091,1,1
915,2313,675375.0,3020655.0,2902,41.58686,191.0989,0.0033333334,8.308113,3,1
986,103,609075.0,3018525.0,1659,36.65541,216.80574,-0.00055555557,8.196497,1,0
515,1867,661995.0,3032655.0,2011,38.1058,284.77454,0.00083333335,10.571765,1,0
223,584,623505.0,3041415.0,4564,45.316765,184.25385,-0.006111111,9.093923,1,0
506,392,617745.0,3032925.0,2073,14.054953,108.43495,0.0130555555,15.625097,1,1
760,670,626085.0,3025305.0,1373,24.686216,261.13538,-0.00055555557,12.454866,1,1
1150,1234,643005.0,3013605.0,788,34.003143,152.80188,-0.0019444445,9.835105,2,1
107,2156,670665.0,3044895.0,3335,19.652664,262.62622,0.0013888889,9.441516,1,0
406,642,625245.0,3035925.0,2578,39.044003,114.59012,-0.003611111,7.0118127,1,1
668,1775,659235.0,3028065.0,1828,13.121887,155.72556,-0.00055555557,8.258639,1,0
888,67,607995.0,3021465.0,2316,44.494858,257.26038,0.008055556,8.89947,1,0
42,1401,648015.0,3046845.0,923,42.12156,179.20795,-0.01,10.753188,1,1
108,1876,662265.0,3044865.0,2389,35.403526,236.96205,-0.0011111111,7.8369684,1,0
283,207,612195.0,3039615.0,3609,22.109186,68.96249,0.0125,10.593566,1,0
1146,1888,662625.0,3013725.0,1638,31.99966,150.87119,-0.008055556,9.757527,1,0
43,1400,647985.0,3046815.0,891,45.125282,178.81146,0.00027777778,10.294529,1,1
1032,990,635685.0,3017145.0,1550,37.483532,198.04117,0.0016666667,8.67727,2,0
1047,256,613665.0,3016695.0,1387,31.119059,186.3402,0.008333334,10.970647,1,0
21,1406,648165.0,3047475.0,1556,44.316036,186.12418,0.008611111,8.43571,1,1
959,475,620235.0,3019335.0,1803,40.052265,161.20584,0.0025,9.684019,1,0
1162,123,609675.0,3013245.0,2461,29.614346,115.62586,-0.0025,9.159066,1,0
464,160,610785.0,3034185.0,4224,23.738733,350.1807,0.003888889,9.0101795,1,0
387,1946,664365.0,3036495.0,2221,28.442928,0.0,-0.006666667,8.5141115,1,0
768,2242,673245.0,3025065.0,3251,34.09208,355.7636,-0.0011111111,8.984461,3,0
915,2315,675435.0,3020655.0,2913,39.579918,194.59657,0.0069444445,8.3790245,3,1
820,653,625575.0,3023505.0,816,37.717037,212.23444,0.0027777778,7.7525487,1,1
117,536,622065.0,3044595.0,5567,23.55957,315.0,-0.019166667,7.632395,1,0
536,1420,648585.0,3032025.0,1376,27.711351,48.215485,-0.0027777778,8.139396,1,0
420,1483,650475.0,3035505.0,1093,23.417093,258.90628,-0.0019444445,8.73781,1,0
39,1393,647775.0,3046935.0,983,43.519085,169.38034,-0.0022222223,10.072988,1,1
32,1396,647865.0,3047145.0,1136,39.524067,179.42126,0.0025,9.939155,1,1
628,295,614835.0,3029265.0,3276,34.87909,152.20956,0.009166666,10.7186165,1,0
695,1967,664995.0,3027255.0,1890,31.708595,167.93222,0.0063888887,9.229863,1,1
435,1436,649065.0,3035055.0,918,36.030006,108.01977,0.00055555557,9.518647,1,0
280,1778,659325.0,3039705.0,3099,29.51751,317.38593,0.007222222,8.469857,1,0
1155,1960,664785.0,3013455.0,1176,27.904648,267.74542,0.004166667,11.101634,1,0
38,1401,648015.0,3046965.0,1000,33.38247,186.90033,0.0027777778,10.980719,1,1
1227,1778,659325.0,3011295.0,804,29.530807,116.18811,-0.0011111111,8.06385,1,1
296,966,634965.0,3039225.0,2816,34.82715,136.94148,0.005,9.111112,1,0
667,1413,648375.0,3028095.0,1371,11.994659,348.69006,0.00083333335,12.428938,1,0
550,594,623805.0,3031605.0,2688,30.806982,153.43495,0.00083333335,7.319432,1,0
910,1009,636255.0,3020805.0,1563,37.18924,51.241913,0.0011111111,9.381069,2,1
1037,838,631125.0,3016995.0,1648,44.94868,188.40068,-0.0030555555,9.443243,1,0
583,273,614175.0,3030615.0,3372,34.96625,28.85566,-8.6736174e-19,8.769465,1,0
738,663,625875.0,3025965.0,1515,29.54144,162.89728,0.006111111,10.366003,1,1
29,1406,648165.0,3047235.0,1260,40.96281,201.39288,0.008611111,10.793936,1,1
1202,1326,645765.0,3012045.0,983,22.406872,104.03624,0.006111111,10.866427,2,0
197,541,622215.0,3042195.0,4634,21.741266,116.029594,0.004722222,9.331171,1,0
536,455,619635.0,3032025.0,2210,34.854103,201.0375,0.011388889,10.99284,1,0
969,2167,670995.0,3019035.0,1548,43.09156,198.43495,-0.003888889,8.478499,1,0
1283,648,625425.0,3009615.0,1041,22.249369,3.5035324,-0.003888889,10.640635,1,0
664,402,618045.0,3028185.0,2161,37.21667,125.17227,0.0027777778,7.770637,1,0
537,1982,665445.0,3031995.0,2330,21.280348,304.5401,0.011666667,10.0479,1,1
22,1407,648195.0,3047445.0,1528,52.62696,190.45163,0.00055555557,7.631574,1,1
612,839,631155.0,3029745.0,1254,45.300217,139.34746,0.010555555,7.8905272,2,1
68,275,614235.0,3046065.0,4545,37.963013,107.08023,0.0175,8.436834,1,0
873,2246,673365.0,3021915.0,2959,42.249916,213.3985,0.008888889,10.976076,3,1
760,673,626175.0,3025305.0,1415,25.020393,268.977,0.0022222223,12.416406,1,1
28,1405,648135.0,3047265.0,1276,42.819736,191.41098,0.014722222,9.363481,1,1
320,1897,662895.0,3038505.0,2036,53.096752,135.0,0.0027777778,8.125363,1,1
598,432,618945.0,3030165.0,2415,32.285675,115.38212,-0.0019444445,8.360151,1,0
106,1440,649185.0,3044925.0,1434,30.31993,57.215717,-0.011111111,9.641432,1,0
823,654,625605.0,3023415.0,782,16.118008,208.41266,0.0130555555,13.79955,1,1
474,2026,666765.0,3033885.0,3218,46.483875,334.95572,0.007777778,8.136869,1,1
833,883,632475.0,3023115.0,1845,39.029198,154.09349,0.0058333334,9.651398,2,1
852,1588,653625.0,3022545.0,1438,36.576935,147.38075,0.0019444445,9.046656,1,0
275,294,614805.0,3039855.0,4039,31.154043,178.02505,0.0027777778,8.915144,1,0
977,475,620235.0,3018795.0,1336,39.289886,146.63364,-0.0013888889,7.6961956,1,1
251,1203,642075.0,3040575.0,1897,44.613365,130.89,0.006666667,8.425329,1,0
154,1563,652875.0,3043485.0,1582,16.723558,289.44003,0.003888889,12.93208,1,0
692,1968,665025.0,3027345.0,1964,53.03871,165.65875,0.003888889,7.616647,1,1
856,55,607635.0,3022425.0,2710,36.426674,107.41192,0.003611111,9.05214,1,0
1084,2399,677955.0,3015585.0,2897,37.08573,194.03625,0.006666667,8.468532,1,1
30,1403,648075.0,3047205.0,1227,39.03438,192.46494,-0.0030555555,8.958066,1,1
596,873,632175.0,3030225.0,1484,36.327763,231.4416,0.0011111111,10.054284,2,1
868,2152,670545.0,3022065.0,2045,47.29061,126.869896,-0.033333335,7.415499,3,1
253,554,622605.0,3040515.0,4732,32.75488,73.44293,-0.019722221,7.2434735,1,0
28,1400,647985.0,3047265.0,1264,44.51082,197.51338,-0.003611111,9.709843,1,1
910,2391,677715.0,3020805.0,3656,18.576591,132.99045,-0.0055555557,8.585941,3,0
292,1561,652815.0,3039345.0,1150,21.965609,19.932533,0.0033333334,9.502159,1,0
1077,2116,669465.0,3015795.0,1097,45.97824,239.51106,-0.0044444446,7.461388,1,0
1007,196,611865.0,3017895.0,1809,36.300518,211.07523,9.75782e-19,9.8834305,1,0
1088,2396,677865.0,3015465.0,2799,35.81934,211.30412,-0.008333334,12.822223,1,1
591,1378,647325.0,3030375.0,940,39.029198,115.90651,0.0052777776,9.57729,1,0
707,1966,664965.0,3026895.0,1686,10.606834,200.85446,0.013888889,15.212199,1,1
1030,1559,652755.0,3017205.0,1317,41.029957,116.44236,-0.008055556,7.634568,1,0
835,220,612585.0,3023055.0,1838,31.572868,349.45193,0.012222222,9.486482,1,0
348,2103,669075.0,3037665.0,2648,42.111874,160.89691,0.0022222223,7.5965276,1,0
1192,1545,652335.0,3012345.0,1343,67.60892,17.688469,0.0013888889,7.0142465,1,0
423,956,634665.0,3035415.0,2098,45.74796,122.39984,-0.003888889,6.7762833,1,0
1239,993,635775.0,3010935.0,1533,55.299515,166.48499,0.009444444,7.533481,1,1
1192,1193,641775.0,3012345.0,1242,42.134262,121.054276,0.003888889,7.595742,2,1
195,554,622605.0,3042255.0,4819,30.012917,206.56505,-0.00027777778,7.3511806,1,0
807,1822,660645.0,3023895.0,1390,29.086195,81.38435,0.00055555557,9.334793,1,1
1179,1191,641715.0,3012735.0,1218,30.973505,88.40886,0.0027777778,13.753781,2,1
221,1223,642675.0,3041475.0,2001,54.451996,109.298096,0.0063888887,9.644358,1,1
404,638,625125.0,3035985.0,2657,31.331436,107.938896,0.003611111,10.243163,1,1
402,2167,670995.0,3036045.0,3285,39.415367,332.52557,-0.0055555557,9.301167,1,0
780,547,622395.0,3024705.0,1015,30.88188,219.34558,0.0075,9.395904,1,0
804,746,628365.0,3023985.0,987,59.22688,148.59738,-0.012777777,9.780521,1,0
869,2246,673365.0,3022035.0,3123,62.988293,175.0039,0.004722222,9.424461,3,1
1170,688,626625.0,3013005.0,1489,21.760624,36.511055,0.0055555557,11.247112,1,0
323,956,634665.0,3038415.0,2526,27.97491,117.57014,0.008611111,12.45239,1,0
771,1983,665475.0,3024975.0,1752,18.568611,29.74488,0.012222222,17.209036,1,1
1190,748,628425.0,3012405.0,712,35.474037,127.874985,-0.00083333335,9.220658,1,0
220,1492,650745.0,3041505.0,905,18.09247,217.7468,-0.0013888889,8.61424,1,0
21,1400,647985.0,3047475.0,1536,64.59051,194.55885,0.009166666,7.8497934,1,1
870,2250,673485.0,3022005.0,3108,49.50122,212.50247,0.010555555,9.209572,3,1
158,1549,652455.0,3043365.0,1486,33.188713,224.48384,-0.016944444,7.9200363,1,0
881,2245,673335.0,3021675.0,2809,34.684902,240.81137,-0.00055555557,7.1705017,3,1
23,1407,648195.0,3047415.0,1487,51.855225,183.56464,0.008888889,7.9470797,1,1
428,467,619995.0,3035265.0,3472,34.434177,310.56354,0.0019444445,8.971628,1,0
743,431,618915.0,3025815.0,1330,20.469753,33.157925,0.0030555555,10.832335,1,0
955,709,627255.0,3019455.0,672,69.00535,133.1858,0.036111113,7.454087,1,1
492,882,632445.0,3033345.0,2467,26.158981,14.743561,0.010277778,9.998262,1,0
869,2248,673425.0,3022035.0,3128,60.07438,188.82974,-4.3368087e-19,9.083302,3,1
217,1438,649125.0,3041595.0,896,48.899727,149.89348,0.017222222,9.710369,1,1
862,1184,641505.0,3022245.0,906,48.26264,179.36104,0.019166667,9.779303,2,1
931,2142,670245.0,3020175.0,1600,30.31993,130.9555,0.0052777776,8.031994,3,1
668,679,626355.0,3028065.0,2069,37.960636,203.27895,-0.006111111,7.050626,1,1
657,2279,674355.0,3028395.0,3876,28.88837,205.01689,0.0175,9.47647,3,0
669,678,626325.0,3028035.0,2035,37.31273,206.9853,0.0025,7.7671576,1,1
33,1398,647925.0,3047115.0,1112,40.919624,181.10172,0.00055555557,10.203407,1,1
1068,2336,676065.0,3016065.0,2744,39.043262,260.53766,0.011388889,9.09128,1,0
949,2246,673365.0,3019635.0,1996,35.927715,149.60127,-0.003888889,8.733945,1,1
1117,2370,677085.0,3014595.0,2282,41.74654,104.87972,-0.007222222,9.113432,1,0
936,737,628095.0,3020025.0,766,49.05111,93.7314,-0.003611111,8.4522705,1,1
1229,1263,643875.0,3011235.0,1683,26.732893,73.663956,0.0044444446,9.434145,2,0
663,2188,671625.0,3028215.0,3670,32.08758,355.4261,0.0052777776,8.655503,3,0
827,2000,665985.0,3023295.0,2725,26.206228,346.78726,-0.003888889,7.511273,1,0
1036,341,616215.0,3017025.0,1401,31.82934,205.01689,0.0125,10.41474,1,1
1274,1570,653085.0,3009885.0,1045,31.463242,150.64224,0.004166667,11.747898,2,0
1272,197,611895.0,3009945.0,2795,34.283463,157.3532,0.00027777778,8.57181,1,0
872,2157,670695.0,3021945.0,1766,35.934917,109.47658,0.018333333,10.62075,3,1
967,2220,672585.0,3019095.0,1767,46.799103,183.81407,-0.010277778,7.8381653,1,1
1034,343,616275.0,3017085.0,1477,45.87293,200.33923,0.0033333334,8.158214,1,1
1206,181,611415.0,3011925.0,2520,30.4399,88.78113,-8.6736174e-19,9.636633,1,0
708,1963,664875.0,3026865.0,1688,23.691278,157.08717,0.004722222,7.6261344,1,1
79,1377,647295.0,3045735.0,1591,38.53268,20.520958,-0.025,7.0300894,1,0
662,383,617475.0,3028245.0,2616,34.027447,155.96571,-0.016111111,7.88828,1,0
640,1555,652635.0,3028905.0,1754,40.909794,115.94899,0.00083333335,9.836029,1,1
762,195,611835.0,3025245.0,1902,16.253918,59.036243,0.0025,11.125989,1,0
761,680,626385.0,3025275.0,1511,23.236202,271.66833,0.004166667,10.286938,1,1
1066,1404,648105.0,3016125.0,1221,22.838034,297.07208,0.003611111,9.969764,1,0
827,1605,654135.0,3023295.0,1415,18.158342,62.78389,-0.006111111,7.917204,1,0
1176,192,611745.0,3012825.0,2382,30.35032,114.376465,0.0030555555,8.030777,1,0
904,427,618795.0,3020985.0,1618,18.373043,289.7989,0.0058333334,11.947665,1,0
729,283,614475.0,3026235.0,2698,30.349054,196.11342,0.010277778,10.864041,1,0
1271,1313,645375.0,3009975.0,700,29.207289,167.51752,0.0016666667,8.993353,2,0
1049,1720,657585.0,3016635.0,921,40.578407,311.0548,0.0011111111,8.566792,1,0
850,2177,671295.0,3022605.0,2122,32.490307,222.8789,0.0075,8.639937,3,1
326,1898,662925.0,3038325.0,1917,11.043444,253.88658,0.011666667,17.769028,1,1
262,577,623295.0,3040245.0,4712,16.91951,36.08507,-0.009444444,7.9924808,1,0
670,677,626295.0,3028005.0,2007,33.191906,207.70755,0.0025,8.32538,1,1
535,1978,665325.0,3032055.0,2335,39.96327,198.25478,-0.0055555557,6.9791226,1,1
557,2385,677535.0,3031395.0,4296,26.800491,298.04468,0.00083333335,8.583913,1,0
61,122,609645.0,3046275.0,4417,9.142973,158.7495,0.0016666667,11.026993,1,0
1065,1229,642855.0,3016155.0,384,10.435986,232.35239,0.00083333335,10.796802,2,0
241,353,616575.0,3040875.0,3705,33.237633,82.694244,-0.012222222,8.323639,1,0
885,803,630075.0,3021555.0,781,46.537952,136.60002,0.023055555,8.358122,1,1
497,390,617685.0,3033195.0,2119,14.251517,221.0091,0.014166667,20.5346,1,1
569,744,628305.0,3031035.0,1470,48.360996,170.18875,0.0052777776,7.7834163,2,0
538,1979,665355.0,3031965.0,2293,28.14493,265.53284,0.011111111,18.29811,1,1
505,395,617835.0,3032955.0,2108,32.1603,235.25682,0.0011111111,9.345832,1,1
692,895,632835.0,3027345.0,1716,25.574306,277.00128,-0.0069444445,8.232498,2,0
29,1399,647955.0,3047235.0,1224,46.431385,187.74472,0.0044444446,8.361847,1,1
890,793,629775.0,3021405.0,700,8.28043,156.37062,0.013611111,21.567156,1,0
590,1665,655935.0,3030405.0,1295,36.2556,306.21884,0.0022222223,9.751543,1,0
931,2139,670155.0,3020175.0,1648,66.24402,115.296196,0.07055555,9.313926,3,1
503,176,611265.0,3033015.0,3899,39.710175,110.25325,-0.009722223,7.68125,1,0
671,673,626175.0,3027975.0,1975,32.37992,168.24707,0.0033333334,9.742806,1,1
1043,2267,673995.0,3016815.0,3011,42.27869,342.39536,0.0063888887,8.976972,1,0
317,1278,644325.0,3038595.0,2415,20.959913,135.88141,-0.0013888889,8.860567,1,0
377,1687,656595.0,3036795.0,2269,30.177366,154.53665,0.0016666667,8.954002,1,0
641,620,624585.0,3028875.0,2736,33.83098,192.56744,-0.01,7.2025366,1,0
362,855,631635.0,3037245.0,2364,56.565083,87.003784,-0.0013888889,7.485875,1,0
38,1399,647955.0,3046965.0,997,31.663088,180.77423,0.0030555555,9.9247875,1,1
925,2285,674535.0,3020355.0,2325,49.2841,184.52477,-0.008055556,7.345438,3,1
542,870,632085.0,3031845.0,2179,26.298698,275.80673,-0.0027777778,8.893499,1,0
767,943,634275.0,3025095.0,2246,20.699547,311.42365,0.0033333334,10.078213,2,0
506,398,617925.0,3032925.0,2141,33.080788,219.28941,-0.004166667,11.637724,1,1
1267,1392,647745.0,3010095.0,534,51.246056,303.2649,0.011388889,7.6812305,2,1
892,2247,673395.0,3021345.0,2711,34.60794,222.55295,8.6736174e-19,10.911043,3,0
800,1188,641625.0,3024105.0,1755,26.568233,89.04516,-0.0030555555,9.441313,2,0
22,1401,648015.0,3047445.0,1505,63.45978,204.85843,-0.0033333334,6.801311,1,1
24,2096,668865.0,3047385.0,2922,40.565674,311.44827,-0.0030555555,8.344098,1,0
752,1845,661335.0,3025545.0,2083,34.731487,162.87195,-0.0063888887,7.8619123,1,0
849,2177,671295.0,3022635.0,2137,37.510464,212.13724,0.006666667,10.285735,3,1
758,674,626205.0,3025365.0,1437,26.917734,246.8014,4.3368087e-19,8.17337,1,1
1170,409,618255.0,3013005.0,2043,11.499466,325.008,-0.003611111,10.004204,1,0
875,1941,664215.0,3021855.0,2190,31.99966,114.00128,0.00083333335,9.670516,1,0
1042,359,616755.0,3016845.0,1273,41.48872,195.01837,0.008888889,9.004711,1,0
1296,197,611895.0,3009225.0,2468,29.721136,146.30994,0.003611111,9.927922,1,0
587,2016,666465.0,3030495.0,3184,35.717525,274.65335,0.006111111,8.23085,1,0
538,1982,665445.0,3031965.0,2343,33.46122,311.93353,0.0013888889,7.9096756,1,1
841,815,630435.0,3022875.0,1544,41.556732,214.66109,-0.004722222,8.532316,1,0
880,803,630075.0,3021705.0,963,55.102276,151.7218,-0.006666667,7.540827,1,1
25,1863,661875.0,3047355.0,1723,33.80638,321.06177,-0.005,7.896612,1,0
1264,1389,647655.0,3010185.0,444,35.265327,315.47745,-0.003611111,11.368442,2,1
496,391,617715.0,3033225.0,2142,35.027267,232.2445,0.007777778,9.237203,1,1
660,1509,651255.0,3028305.0,2009,21.140003,307.11688,-0.0025,9.949802,1,0
623,2184,671505.0,3029415.0,3525,18.541979,296.56506,0.0069444445,11.113671,3,0
36,1392,647745.0,3047025.0,1053,34.118263,175.06079,0.0027777778,10.369771,1,1
924,2362,676845.0,3020385.0,3084,51.838524,212.70142,-0.0063888887,10.274958,1,0
432,1422,648645.0,3035145.0,1136,35.039635,45.481464,0.00055555557,8.766739,1,0
624,178,611325.0,3029385.0,3446,36.042522,203.62938,-0.0030555555,10.757879,1,0
911,879,632355.0,3020775.0,1330,37.000084,190.1915,0.0063888887,9.164788,1,1
979,476,620265.0,3018735.0,1283,37.24737,152.59242,-0.0030555555,9.155819,1,1
870,2152,670545.0,3022005.0,1998,60.56431,116.98678,-0.015555556,9.225944,3,1
306,1261,643815.0,3038925.0,2479,39.89548,336.50143,-0.01,6.9815264,1,0
462,2024,666705.0,3034245.0,2997,24.214872,320.2624,0.010555555,13.793865,1,1
548,1918,663525.0,3031665.0,2283,38.294712,135.0,-0.0013888889,8.424914,1,1
494,1585,653535.0,3033285.0,1913,28.031778,140.0796,-0.0025,9.378626,1,0
907,1001,636015.0,3020895.0,1690,34.180534,60.603947,-0.0022222223,9.135288,2,1
567,1448,649425.0,3031095.0,641,24.969564,136.45021,0.008333334,11.592044,1,1
257,402,618045.0,3040395.0,3666,25.970263,280.3487,0.007777778,9.8242855,1,0
822,654,625605.0,3023445.0,795,27.687586,212.68056,0.003611111,8.140403,1,1
647,1208,642225.0,3028695.0,1754,29.878088,66.03751,-0.008888889,7.356621,1,0
470,2255,673635.0,3034005.0,3674,32.48364,194.40002,-0.00027777778,8.863338,1,0
813,1192,641745.0,3023715.0,1428,43.716053,149.63573,0.007222222,10.739048,2,1
39,1396,647865.0,3046935.0,976,35.807552,182.31706,0.0013888889,10.387021,1,1
959,1562,652845.0,3019335.0,1702,37.08322,216.93307,-0.00055555557,8.874088,1,0
609,933,633975.0,3029835.0,1424,24.892138,297.2553,0.0011111111,9.9681225,2,0
439,332,615945.0,3034935.0,2683,40.537483,236.92932,0.00055555557,10.136853,1,1
47,1133,639975.0,3046695.0,2439,41.390575,40.013668,0.0044444446,8.315017,1,0
85,263,613875.0,3045555.0,4831,42.886005,103.2258,0.013333334,9.073479,1,0
564,1447,649395.0,3031185.0,719,50.069145,154.5968,0.0069444445,8.821742,1,1
995,2207,672195.0,3018255.0,2001,39.05066,33.690067,-0.0013888889,8.621013,1,0
886,803,630075.0,3021525.0,761,33.695232,138.0394,0.027222222,9.404889,1,1
978,475,620235.0,3018765.0,1316,39.46369,148.24052,-0.0030555555,8.942773,1,1
254,334,616005.0,3040485.0,3860,11.179986,34.695152,0.00083333335,9.522304,1,0
165,1527,651795.0,3043155.0,1154,12.368881,321.17017,0.007222222,9.929171,1,0
241,601,624015.0,3040875.0,4197,4.6799126,75.25644,0.0052777776,13.858992,1,0
175,258,613725.0,3042855.0,4523,45.74796,212.39984,-0.009444444,7.8748956,1,0
930,239,613155.0,3020205.0,2199,39.26073,357.6627,0.007777778,8.390381,1,0
853,2193,671775.0,3022515.0,2470,50.422066,272.76385,0.00055555557,8.69143,3,1
312,154,610605.0,3038745.0,3758,30.373075,150.15407,-0.0055555557,9.282629,1,0
718,2025,666735.0,3026565.0,2478,35.78305,280.66034,-0.004166667,7.822973,1,0
696,1999,665955.0,3027225.0,1916,39.03438,167.53506,0.004722222,8.110768,1,0
906,89,608655.0,3020925.0,2752,18.20209,188.74615,-0.0033333334,9.013241,1,0
364,1077,638295.0,3037185.0,3160,29.634174,148.17255,-0.010277778,8.975939,1,0
740,208,612225.0,3025905.0,2049,37.985188,306.31958,-0.003611111,7.7428894,1,0
1200,1837,661095.0,3012105.0,1053,18.354149,205.27773,0.0013888889,10.796088,1,0
664,1922,663645.0,3028185.0,2459,45.722454,218.73251,-0.00055555557,8.856615,1,0
868,1396,647865.0,3022065.0,1496,39.103073,321.66132,-0.00055555557,8.108318,1,0
132,209,612255.0,3044145.0,4046,31.08279,95.55297,-0.003888889,9.611101,1,0
340,266,613965.0,3037905.0,3254,39.544857,244.59882,0.0063888887,10.038499,1,0
42,1396,647865.0,3046845.0,898,42.017105,186.1061,0.010277778,10.274002,1,1
654,1345,646335.0,3028485.0,521,24.922096,122.55,0.008611111,12.241687,1,0
839,2050,667485.0,3022935.0,2530,21.622444,183.01279,0.008888889,10.500362,1,0
375,1371,647115.0,3036855.0,1828,55.505028,165.40674,0.011111111,8.036633,1,1
886,654,625605.0,3021525.0,1193,31.84206,101.61149,0.015,10.414244,1,0
672,398,617925.0,3027945.0,2138,40.706512,135.39243,0.0063888887,8.051442,1,0
219,603,624075.0,3041535.0,4513,47.288074,197.4592,-0.004166667,8.331879,1,0
277,1645,655335.0,3039795.0,2323,34.195564,271.757,-0.008333334,7.8819604,1,0
31,1400,647985.0,3047175.0,1168,42.9153,194.53445,0.008055556,9.919751,1,1
691,1968,665025.0,3027375.0,2008,54.219048,165.92203,-0.014444444,7.168034,1,1
1100,1789,659655.0,3015105.0,1295,21.175768,18.824707,0.0044444446,11.414285,1,0
976,1569,653055.0,3018825.0,1500,33.067917,113.776344,0.0044444446,9.177406,1,1
667,1178,641325.0,3028095.0,2283,21.611595,75.37913,0.0019444445,9.114621,1,0
898,70,608085.0,3021165.0,2363,42.316372,259.71863,0.008611111,10.533794,1,0
421,388,617625.0,3035475.0,2497,14.948818,157.03622,0.0130555555,19.426714,1,0
845,2179,671355.0,3022755.0,2249,48.939045,237.75212,0.004166667,9.554832,3,1
193,1754,658605.0,3042315.0,2671,20.828003,28.810795,-0.0013888889,9.378303,1,0
1092,629,624855.0,3015345.0,880,21.014164,310.6013,0.015833333,14.79615,1,1
1239,995,635835.0,3010935.0,1516,49.608273,165.42184,0.003611111,7.333985,1,1
609,843,631275.0,3029835.0,1309,51.811337,165.96375,0.013333334,9.506801,2,1
794,1818,660525.0,3024285.0,1534,38.388325,139.69287,0.0025,8.827022,1,1
674,2275,674235.0,3027885.0,3867,27.80607,148.57043,-0.0055555557,8.135385,3,0
110,1694,656805.0,3044805.0,1460,13.721326,295.25317,-0.005,8.212294,1,0
1086,2398,677925.0,3015525.0,2846,35.726643,206.86191,0.008055556,12.752303,1,1
834,884,632505.0,3023085.0,1818,35.840168,176.36182,0.006666667,11.116709,2,1
891,1431,648915.0,3021375.0,1750,25.51331,102.09476,-0.0055555557,10.181145,1,0
341,1682,656445.0,3037875.0,2709,41.517097,266.2218,0.006111111,8.022884,1,0
1132,1818,660525.0,3014145.0,1262,20.648783,324.90417,0.0016666667,10.176206,1,0
820,1005,636135.0,3023505.0,2701,20.186438,203.36911,-0.005,7.8029923,2,0
226,1075,638235.0,3041325.0,3002,29.21271,73.99596,0.0016666667,8.076839,1,0
1268,1474,650205.0,3010065.0,1081,16.518566,274.02826,0.0016666667,11.195934,2,0
402,641,625215.0,3036045.0,2628,30.917368,121.920876,0.0013888889,11.64579,1,1
1264,1388,647625.0,3010185.0,429,36.84016,317.7049,-0.0030555555,11.325265,2,1
472,932,633945.0,3033945.0,1919,39.66119,39.289406,0.012222222,9.47475,1,0
27,1395,647835.0,3047295.0,1280,37.991516,176.02327,-0.0058333334,9.688572,1,1
383,1607,654195.0,3036615.0,2112,13.904456,313.63608,0.0013888889,11.19424,1,0
1151,1236,643065.0,3013575.0,748,31.572868,149.43597,0.008888889,9.774164,2,1
525,880,632385.0,3032355.0,2266,42.442482,144.64441,-0.013333334,7.9904003,1,0
218,1869,662055.0,3041565.0,3507,11.34812,4.7636414,0.0022222223,10.200132,1,0
982,1495,650835.0,3018645.0,1513,41.727295,203.69069,0.02,9.40179,1,1
506,393,617775.0,3032925.0,2071,16.518566,204.04422,0.013333334,20.381111,1,1
794,669,626055.0,3024285.0,1418,29.66585,200.55605,-0.00083333335,9.76311,1,1
566,1449,649455.0,3031125.0,647,34.801113,153.28134,0.003888889,7.1661706,1,1
464,1239,643155.0,3034185.0,2527,38.22394,324.0395,-0.0052777776,7.734308,1,0
929,1998,665925.0,3020235.0,2126,18.35955,331.50436,-0.00027777778,9.697161,1,0
884,800,629985.0,3021585.0,893,44.909195,156.8643,-0.015833333,6.8055644,1,1
633,260,613785.0,3029115.0,3348,41.159504,255.36763,0.005,8.035469,1,0
917,866,631965.0,3020595.0,1167,31.558764,216.17026,0.004166667,8.388422,1,1
40,1401,648015.0,3046905.0,961,31.861698,182.68977,0.00083333335,11.084647,1,1
912,868,632025.0,3020745.0,1279,28.578672,209.31,-0.008333334,8.102998,1,1
39,1400,647985.0,3046935.0,980,32.190887,181.89651,9.75782e-19,10.632502,1,1
504,394,617805.0,3032985.0,2104,31.35169,229.99374,0.004166667,10.853276,1,1
10,1892,662745.0,3047805.0,1683,40.087585,0.5672684,0.0016666667,10.471225,1,0
1199,2342,676245.0,3012135.0,1997,32.04539,337.70285,-0.0058333334,7.2708454,1,0
715,2031,666915.0,3026655.0,2504,34.069893,3.5322952,-0.0058333334,8.292148,1,0
384,1821,660615.0,3036585.0,2027,16.665741,278.8068,0.003611111,13.09609,1,0
1051,970,635085.0,3016575.0,1800,25.35295,66.139824,0.009166666,13.066756,1,0
1021,1814,660405.0,3017475.0,1264,25.574306,324.92624,0.0044444446,9.485261,1,0
872,2251,673515.0,3021945.0,3090,47.651634,231.47612,-0.0052777776,9.542916,3,1
842,1421,648615.0,3022845.0,1249,37.93446,358.46838,0.0027777778,8.661006,1,1
500,394,617805.0,3033105.0,2162,37.506386,232.94347,-0.0069444445,10.062738,1,1
43,1004,636105.0,3046815.0,3476,23.116423,38.65981,0.004166667,10.218608,1,0
957,2247,673395.0,3019395.0,1829,22.546463,128.4802,0.022777777,13.102012,1,1
25,1396,647865.0,3047355.0,1317,39.75618,169.02777,0.015833333,9.471376,1,1
1219,554,622605.0,3011535.0,1329,24.600231,193.15094,-0.003888889,8.276776,1,0
910,2114,669405.0,3020805.0,2422,25.453785,193.67131,-0.0027777778,8.931056,3,0
1129,713,627375.0,3014235.0,1009,54.65326,177.2898,-0.00083333335,7.557481,1,1
913,880,632385.0,3020715.0,1300,22.735386,228.22452,0.013611111,15.879325,1,1
74,1318,645525.0,3045885.0,1397,39.377033,12.90741,-0.0022222223,8.945856,1,0
1117,316,615465.0,3014595.0,1963,34.358,350.88214,-0.0025,8.5690155,1,0
524,2334,676005.0,3032385.0,4066,35.832924,17.807648,0.004722222,11.53471,1,0
28,2073,668175.0,3047265.0,3037,39.96048,147.17918,0.005,8.588659,1,0
1084,2398,677925.0,3015585.0,2893,39.482403,187.55634,0.004722222,9.635255,1,1
1134,712,627345.0,3014085.0,853,36.565693,186.12692,0.01638889,9.499051,1,1
846,2180,671385.0,3022725.0,2260,42.686306,214.69516,-0.01861111,9.185831,3,1
269,469,620055.0,3040035.0,3918,31.211784,184.33826,0.0052777776,12.758752,1,0
846,2166,670965.0,3022725.0,1981,51.733032,236.2577,0.010555555,8.174612,3,1
954,876,632265.0,3019485.0,1472,44.308212,238.6168,0.0011111111,8.618304,1,1
905,1008,636225.0,3020955.0,1533,18.100721,72.95097,0.014444444,10.22319,2,1
911,1004,636105.0,3020775.0,1667,37.510464,57.86275,0.006111111,8.676297,2,1
547,1918,663525.0,3031695.0,2300,35.503635,133.10661,-0.004166667,8.526418,1,1
1266,1388,647625.0,3010125.0,456,34.150433,322.98932,0.0052777776,10.409384,2,1
595,871,632115.0,3030255.0,1466,36.327763,218.5584,0.0030555555,10.000217,2,1
949,2244,673305.0,3019635.0,2014,41.81155,158.69421,0.0027777778,8.012535,1,1
886,804,630105.0,3021525.0,757,11.648635,194.03625,0.02388889,17.839659,1,1
45,1400,647985.0,3046755.0,849,7.125016,143.1301,0.018888889,16.853268,1,1
536,1976,665265.0,3032025.0,2300,27.887035,179.54886,0.004722222,12.592107,1,1
615,1314,645405.0,3029655.0,805,30.966194,189.59314,-0.0075,8.922562,1,1
319,1897,662895.0,3038535.0,2066,54.754585,132.85242,0.0011111111,8.757704,1,1
859,1185,641535.0,3022335.0,1035,53.06385,174.96806,0.00083333335,8.126559,2,1
609,840,631185.0,3029835.0,1351,57.530746,166.66379,-0.0016666667,7.7366295,2,1
952,2245,673335.0,3019545.0,1942,41.10523,146.68936,-0.00027777778,9.503718,1,1
405,1864,661905.0,3035955.0,1685,17.965353,205.90651,0.00055555557,9.314925,1,0
853,2164,670905.0,3022515.0,1869,16.118008,222.66269,0.014166667,19.28752,3,1
857,1812,660345.0,3022395.0,1100,21.805696,305.6764,-0.0016666667,9.327907,1,0
272,2174,671205.0,3039945.0,3960,23.446077,351.7142,0.0027777778,9.024106,1,0
878,2245,673335.0,3021765.0,2844,40.283474,211.73666,0.014444444,10.401769,3,1
791,1158,640725.0,3024375.0,2206,37.005135,144.90417,0.009166666,9.570069,2,0
161,1529,651855.0,3043275.0,1164,15.1660385,315.0,-0.0022222223,8.800966,1,0
854,2166,670965.0,3022485.0,1901,42.0372,261.49542,0.0044444446,8.851911,3,1
590,1525,651735.0,3030405.0,1261,25.904106,9.381508,-0.00055555557,10.232686,1,0
93,432,618945.0,3045315.0,4699,35.56359,248.81865,0.0011111111,8.524205,1,0
1264,1386,647565.0,3010185.0,398,36.97565,321.29065,0.0019444445,11.348913,2,1
612,847,631395.0,3029745.0,1212,38.68405,182.38594,0.010833333,9.221895,2,1
884,804,630105.0,3021585.0,784,44.743572,141.82924,0.025,8.890787,1,1
977,476,620265.0,3018795.0,1321,39.68393,146.46953,0.004166667,8.934945,1,1
567,1578,653325.0,3031095.0,915,60.06939,199.47815,0.0069444445,6.943437,1,1
884,802,630045.0,3021585.0,842,56.868893,140.07474,0.004166667,7.761999,1,1
386,1443,649275.0,3036525.0,650,10.850104,180.0,0.0033333334,10.400303,1,0
464,122,609645.0,3034185.0,4401,27.911982,19.290047,-0.0075,7.4377627,1,0
1056,23,606675.0,3016425.0,2026,28.445768,0.88140106,-0.00027777778,9.20714,1,0
1125,499,620955.0,3014355.0,1716,16.48152,359.19305,-0.00055555557,11.683816,1,0
511,1638,655125.0,3032775.0,1711,21.500513,203.03943,0.006111111,10.678439,1,0
672,675,626235.0,3027945.0,1958,32.52694,193.21909,0.0025,9.817183,1,1
846,2178,671325.0,3022725.0,2202,43.772465,244.77235,0.014444444,9.840989,3,1
911,2142,670245.0,3020775.0,1778,51.613583,108.07611,0.012777777,9.342048,3,1
918,861,631815.0,3020565.0,1100,16.231886,260.9421,0.014444444,17.073437,1,1
876,2245,673335.0,3021825.0,2888,34.41739,198.43495,0.0058333334,12.129257,3,1
590,859,631755.0,3030405.0,1530,40.578407,138.94519,-0.0063888887,7.6505013,2,1
786,1921,663615.0,3024525.0,1493,18.232086,235.30484,0.005,11.741507,1,0
263,2059,667755.0,3040215.0,3628,39.975117,232.67448,0.011666667,9.811916,1,0
952,871,632115.0,3019545.0,1409,35.08806,216.80194,0.0013888889,9.101415,1,1
24,1395,647835.0,3047385.0,1351,50.044422,174.18991,0.01638889,9.02329,1,1
1131,712,627345.0,3014175.0,940,43.859905,168.49518,0.0033333334,8.921643,1,1
507,862,631845.0,3032895.0,2177,28.201218,247.61986,0.012222222,9.3715105,1,0
671,676,626265.0,3027975.0,1981,31.666594,206.04578,0.0027777778,10.751329,1,1
988,816,630465.0,3018465.0,1519,30.671055,342.83807,-0.00027777778,8.017979,1,0
511,399,617955.0,3032775.0,2043,37.53002,195.09158,0.0069444445,9.70521,1,1
400,1722,657645.0,3036105.0,1980,11.994659,205.55997,0.004722222,11.962318,1,0
65,1962,664845.0,3046155.0,2219,21.83781,25.232834,0.0016666667,11.811189,1,0
1190,1195,641835.0,3012405.0,1227,36.78223,114.70824,-0.0063888887,7.093266,2,1
780,135,610035.0,3024705.0,2669,34.037563,2.1210938,0.00055555557,8.581046,1,0
933,2142,670245.0,3020115.0,1596,32.20446,87.3458,-0.0030555555,11.484188,3,1
437,2251,673515.0,3034995.0,4029,4.114075,100.00798,0.0044444446,11.832382,1,0
953,2245,673335.0,3019515.0,1920,44.688786,143.56451,0.0025,10.424176,1,1
1017,1007,636195.0,3017595.0,1824,34.96625,155.72556,0.0,8.546322,2,0
41,1399,647955.0,3046875.0,941,35.54793,184.34746,-0.004722222,9.971702,1,1
849,2185,671535.0,3022635.0,2287,41.162083,241.8472,0.00055555557,9.239351,3,1
456,6,606165.0,3034425.0,4441,23.970171,169.74318,-0.0044444446,9.558874,1,0
272,252,613545.0,3039945.0,3698,31.941168,232.05785,0.00083333335,9.913951,1,0
927,1425,648735.0,3020295.0,1943,30.700806,355.1696,0.0025,9.808556,1,0
556,1836,661065.0,3031425.0,1877,29.078,240.36162,-0.009444444,8.082367,1,0
768,659,625755.0,3025065.0,1220,23.538471,291.9032,0.0044444446,13.327132,1,1
595,869,632055.0,3030255.0,1439,37.96856,210.12433,0.0075,9.940712,2,1
689,1000,635985.0,3027435.0,2194,22.09026,340.82098,-0.0033333334,8.397289,2,0
229,789,629655.0,3041235.0,4275,37.335827,91.56507,0.0069444445,8.682612,1,0
426,2176,671265.0,3035325.0,3884,34.70821,336.98242,0.0055555557,9.877683,1,0
1181,1197,641895.0,3012675.0,1123,46.09337,92.98863,0.005,7.862832,2,1
854,2163,670875.0,3022485.0,1858,19.694601,167.90524,0.0175,19.073572,3,1
1238,1359,646755.0,3010965.0,564,29.21271,73.99596,-0.003611111,8.076839,2,0
502,140,610185.0,3033045.0,4079,42.119743,279.54913,0.010555555,9.793476,1,0
913,1006,636165.0,3020715.0,1660,41.775677,53.34389,-0.0011111111,8.013796,2,1
695,1968,665025.0,3027255.0,1886,28.671352,172.11685,0.0075,9.197763,1,1
38,1392,647745.0,3046965.0,1015,37.298687,169.9194,-0.008888889,10.332616,1,1
770,1983,665475.0,3025005.0,1750,14.302915,168.69006,0.0175,12.794051,1,1
129,1584,653505.0,3044235.0,1443,18.63233,320.01312,0.00055555557,14.675164,1,0
868,2154,670605.0,3022065.0,1933,68.35006,108.614746,0.006666667,6.9770284,3,1
897,690,626685.0,3021195.0,747,33.037846,49.677418,0.008611111,8.842082,1,1
799,665,625935.0,3024135.0,1307,29.939156,205.2673,0.003888889,9.145914,1,1
34,1404,648105.0,3047085.0,1120,46.935013,198.8583,0.007222222,10.231306,1,1
440,835,631035.0,3034905.0,2752,29.460201,24.863693,-0.0063888887,7.373579,1,0
860,1185,641535.0,3022305.0,996,54.875668,178.15239,-0.0011111111,8.242391,2,1
1179,1353,646575.0,3012735.0,766,21.092936,100.581635,0.0019444445,11.36594,2,0
533,1980,665385.0,3032115.0,2374,32.95055,171.8699,0.004166667,9.633875,1,1
19,1829,660855.0,3047535.0,1342,35.676434,24.333878,0.018333333,11.045774,1,0
857,2183,671475.0,3022395.0,2277,43.61571,309.67725,0.006111111,7.5438814,3,1
567,1676,656265.0,3031095.0,1109,42.46379,343.87543,0.00055555557,9.088265,1,0
850,2174,671205.0,3022605.0,2084,37.717037,205.87477,0.0030555555,11.048386,3,1
841,1420,648585.0,3022875.0,1226,34.46967,347.73523,-0.003611111,10.510746,1,1
762,1463,649875.0,3025245.0,1861,32.82145,219.75818,0.0063888887,9.032681,1,1
1265,78,608325.0,3010155.0,2752,21.472069,306.38434,-0.006666667,8.428604,1,0
958,1520,651585.0,3019365.0,1560,14.581811,148.09189,0.0022222223,11.284418,1,0
516,809,630255.0,3032625.0,2408,12.052738,174.40067,-0.009444444,8.346425,1,0
1099,747,628395.0,3015135.0,701,41.581215,118.00918,0.00083333335,7.6151643,1,0
898,1260,643785.0,3021165.0,589,30.65119,334.1556,0.00083333335,12.507405,2,0
243,1658,655725.0,3040815.0,2151,26.335861,225.68207,0.0027777778,8.19872,1,0
32,1405,648135.0,3047145.0,1191,40.84672,191.95976,-0.004166667,9.720471,1,1
463,2025,666735.0,3034215.0,3017,32.67705,291.7323,0.015277778,9.731367,1,1
61,921,633615.0,3046275.0,4448,29.75658,46.18119,-0.007222222,8.970975,1,0
596,878,632325.0,3030225.0,1572,35.265327,225.47745,-0.003888889,9.346158,2,1
1034,1967,664995.0,3017085.0,2124,45.943844,212.1523,0.007222222,8.155737,1,1
508,394,617805.0,3032865.0,2055,19.5361,189.46231,0.015277778,20.209084,1,1
669,1383,647475.0,3028035.0,1136,25.275618,254.12405,0.003611111,8.93909,1,0
458,825,630735.0,3034365.0,2928,36.829952,120.41705,-0.0044444446,8.477824,1,0
932,2143,670275.0,3020145.0,1577,31.345736,110.41843,0.005,11.287147,3,1
1149,1234,643005.0,3013635.0,805,31.74468,152.74467,-0.0030555555,9.585131,2,1
26,1403,648075.0,3047325.0,1337,54.666237,190.38052,0.010833333,7.557001,1,1
408,645,625335.0,3035865.0,2490,31.88016,109.163246,0.01,11.127414,1,1
17,1399,647955.0,3047595.0,1685,44.433945,199.359,0.006111111,8.208449,1,1
781,1033,636975.0,3024675.0,3150,6.2010536,265.6013,-0.0058333334,9.021987,2,0
310,5,606135.0,3038805.0,4305,32.464725,209.41907,-0.00083333335,7.9477763,1,1
17,1401,648015.0,3047595.0,1712,34.42233,197.33325,-0.021666666,7.1803126,1,1
535,1983,665475.0,3032055.0,2335,15.288518,232.43141,0.019444445,18.967724,1,1
945,1846,661365.0,3019755.0,1131,36.78991,165.8089,0.0069444445,13.232871,1,1
794,1657,655695.0,3024285.0,1407,11.804834,175.42609,0.00083333335,13.765984,1,0
590,853,631575.0,3030405.0,1517,26.981474,172.00253,0.008888889,13.377367,2,1
939,2089,668655.0,3019935.0,2286,46.221252,161.85443,0.01,9.062337,3,1
33,1404,648105.0,3047115.0,1154,48.05177,194.08829,-0.00055555557,9.403716,1,1
920,2045,667335.0,3020505.0,2469,30.25771,315.0,0.0027777778,8.727634,3,0
598,885,632535.0,3030165.0,1638,29.27358,174.88269,-0.015,7.3812003,2,1
1091,631,624915.0,3015375.0,914,34.731487,252.87195,0.0033333334,7.8619123,1,1
869,2149,670455.0,3022035.0,2092,46.993412,101.659294,0.003611111,9.951632,3,0
914,2139,670155.0,3020685.0,1880,71.56588,120.09033,-0.0075,6.8023467,3,1
1124,1210,642285.0,3014385.0,955,18.923426,69.36246,0.0016666667,15.198054,2,0
356,446,619365.0,3037425.0,3712,29.417425,259.35434,0.0075,11.364307,1,0
933,2145,670335.0,3020115.0,1541,25.256657,125.65533,0.003888889,9.499563,3,1
768,660,625785.0,3025065.0,1233,27.692045,286.13284,0.006666667,10.912803,1,1
959,360,616785.0,3019335.0,1981,30.380655,84.289406,0.003888889,9.734311,1,0
910,2142,670245.0,3020805.0,1783,56.28133,105.81409,0.03277778,9.1706,3,1
976,2187,671595.0,3018825.0,1478,19.295109,181.36392,0.007777778,9.797844,1,1
978,2369,677055.0,3018765.0,3010,47.77573,286.9275,0.0044444446,8.091646,1,0
671,674,626205.0,3027975.0,1973,30.4399,181.21887,0.0044444446,9.731943,1,1
981,395,617835.0,3018675.0,1841,29.54144,143.97263,0.0069444445,9.93522,1,0
571,1852,661545.0,3030975.0,1546,34.971024,164.80475,0.0044444446,12.79464,1,0
73,543,622275.0,3045915.0,4644,41.336483,34.969788,0.0022222223,10.514145,1,0
912,2143,670275.0,3020745.0,1735,46.32309,115.95338,0.0030555555,9.589407,3,1
853,2170,671085.0,3022515.0,1974,24.412342,285.43964,0.0130555555,11.088825,3,1
201,2208,672225.0,3042075.0,3937,36.52151,39.062584,0.0063888887,9.587674,1,0
822,656,625665.0,3023445.0,811,26.284132,207.64597,0.00055555557,11.838578,1,1
993,1795,659835.0,3018315.0,1295,44.64399,187.51477,0.0033333334,8.42426,1,1
306,2129,669855.0,3038925.0,3093,40.18756,130.99982,0.004166667,9.050618,1,0
923,2279,674355.0,3020415.0,2360,53.623924,184.04803,0.0069444445,8.442621,3,1
619,991,635715.0,3029535.0,2207,33.500977,280.88553,0.0025,9.160931,2,0
916,175,611235.0,3020625.0,2728,37.963013,261.091,-0.0027777778,9.448436,1,0
758,689,626655.0,3025365.0,1645,29.260073,247.24902,-0.00055555557,8.0749,1,1
812,557,622695.0,3023745.0,1046,36.69665,40.01064,0.0069444445,9.868971,1,0
879,2244,673305.0,3021735.0,2816,29.54144,179.15747,0.019166667,12.759342,3,1
600,882,632445.0,3030105.0,1569,35.122154,209.4502,-0.0022222223,7.154239,2,1
546,1701,657015.0,3031725.0,989,26.8381,30.154549,-0.009722223,8.176817,1,0
33,1394,647805.0,3047115.0,1116,36.506756,175.156,0.0011111111,10.099038,1,1
23,1399,647955.0,3047415.0,1416,56.9973,196.66954,0.013333334,8.316713,1,1
768,658,625725.0,3025065.0,1209,25.095469,293.6002,-0.00027777778,12.786707,1,1
1071,1525,651735.0,3015975.0,780,41.445744,218.87093,0.0013888889,8.0253935,1,0
876,1291,644715.0,3021825.0,791,19.51118,311.1859,0.0044444446,13.24707,1,0
568,2053,667575.0,3031065.0,3274,33.05074,353.0115,0.0013888889,8.618446,1,0
27,1394,647805.0,3047295.0,1281,41.32883,181.35747,-0.007222222,9.569952,1,1
667,678,626325.0,3028095.0,2079,38.925182,204.05252,0.00027777778,8.625491,1,1
853,2171,671115.0,3022515.0,1986,29.293821,297.89728,0.018888889,10.747668,3,1
571,210,612285.0,3030975.0,3919,40.45936,123.84534,-0.0069444445,8.570999,1,0
670,1744,658305.0,3028005.0,1986,39.156784,197.8787,0.0016666667,8.6172285,1,0
869,2247,673395.0,3022035.0,3120,62.70178,180.61606,0.006666667,8.9135275,3,1
573,794,629805.0,3030915.0,1646,35.72026,136.40863,0.00027777778,8.518432,2,0
1116,19,606555.0,3014625.0,2732,15.599614,37.724995,-0.0011111111,8.771377,1,0
1268,1391,647715.0,3010065.0,529,47.562477,324.61456,0.02,9.6032,2,1
216,962,634845.0,3041625.0,3930,35.948406,163.64761,-0.013611111,7.1237473,1,0
495,1682,656445.0,3033255.0,1839,28.644726,155.19434,0.00083333335,9.016546,1,0
95,1326,645765.0,3045255.0,1649,38.17085,348.69006,0.013333334,11.617779,1,0
1044,273,614175.0,3016785.0,1410,26.132854,200.89777,-0.00083333335,7.5145082,1,1
535,1982,665445.0,3032055.0,2332,15.237628,186.14664,0.016666668,10.1823225,1,1
794,1819,660555.0,3024285.0,1519,35.497166,149.83994,0.008055556,9.337587,1,1
529,1335,646035.0,3032235.0,2267,19.476221,55.561012,-0.003611111,11.425357,1,0
715,1430,648885.0,3026655.0,1761,26.284132,297.646,-0.0022222223,8.200992,1,0
82,966,634965.0,3045645.0,4136,20.891827,36.11934,-0.0044444446,8.864129,1,0
867,1468,650025.0,3022095.0,1682,24.91153,260.7067,-0.0033333334,10.51378,1,0
40,1403,648075.0,3046905.0,963,32.28005,188.3439,0.0027777778,9.4589815,1,1
428,1679,656355.0,3035265.0,1885,32.716557,136.05118,0.00055555557,9.642839,1,0
874,2149,670455.0,3021885.0,2002,56.876453,126.15335,0.017222222,8.940366,3,1
1089,961,634815.0,3015435.0,2214,28.633501,38.181786,-0.008611111,8.793869,1,0
326,1793,659775.0,3038325.0,2396,43.665424,190.8194,-0.004722222,8.458435,1,0
353,50,607485.0,3037515.0,3976,28.317509,230.64825,0.0016666667,9.212493,1,1
1023,2403,678075.0,3017415.0,3551,28.966959,72.92898,-0.00027777778,9.185548,1,0
22,1402,648045.0,3047445.0,1532,61.254215,194.29031,-0.0225,6.201869,1,1
407,645,625335.0,3035895.0,2497,36.49981,117.86372,0.015,13.008922,1,1
37,1391,647715.0,3046995.0,1037,33.587482,176.04245,-0.003888889,10.102114,1,1
1035,1966,664965.0,3017055.0,2092,32.61651,188.23563,0.007222222,10.745295,1,1
639,1553,652575.0,3028935.0,1805,44.013012,124.10127,0.012777777,7.9354663,1,1
731,94,608805.0,3026175.0,2504,25.267002,47.862404,0.010555555,9.499095,1,0
863,1185,641535.0,3022215.0,883,36.056816,185.2538,0.013333334,9.316993,2,1
36,2218,672525.0,3047025.0,3630,30.258982,45.578724,0.0030555555,9.980347,1,0
1243,1084,638505.0,3010815.0,1954,31.434832,334.13364,-0.007777778,7.294665,2,0
485,1854,661605.0,3033555.0,1565,39.31463,347.66092,0.0013888889,11.236274,1,0
124,280,614385.0,3044385.0,4476,46.008385,104.20393,-0.00027777778,7.8658004,1,0
1122,513,621375.0,3014445.0,1612,22.546463,38.480198,0.012777777,13.825663,1,1
377,462,619845.0,3036795.0,3960,36.657993,235.95406,-0.0019444445,8.196403,1,0
192,2158,670725.0,3042345.0,3935,22.259779,218.38654,0.0033333334,8.79429,1,0
908,1009,636255.0,3020865.0,1535,30.974724,58.626995,0.010555555,9.510012,2,1
907,891,632715.0,3020895.0,1493,39.979996,196.45381,-0.0030555555,8.587968,2,1
269,1986,665565.0,3040035.0,3019,22.75355,200.95578,-0.0030555555,8.364454,1,0
909,1002,636045.0,3020835.0,1688,34.947132,64.198845,0.00083333335,8.770176,2,1
820,656,625665.0,3023505.0,840,32.103516,196.99081,0.0033333334,9.214501,1,1
1098,392,617745.0,3015165.0,1492,19.211346,333.74133,0.003611111,10.629218,1,0
853,1176,641265.0,3022515.0,1097,38.624893,210.04137,0.0130555555,9.10623,2,1
1153,695,626835.0,3013515.0,1290,19.560978,39.289406,0.0016666667,11.807432,1,0
636,1797,659895.0,3029025.0,1735,29.219484,356.5834,-0.0011111111,8.992853,1,0
914,1002,636045.0,3020685.0,1744,31.558764,53.829746,-0.0033333334,12.515556,2,1
352,54,607605.0,3037545.0,4047,36.289963,234.23557,0.0011111111,8.20984,1,1
512,467,619995.0,3032745.0,2753,32.530266,208.90918,0.00083333335,8.638399,1,0
100,1533,651975.0,3045105.0,1040,40.79132,295.45145,-0.014166667,6.9498367,1,0
22,1159,640755.0,3047445.0,2002,39.208843,170.29715,9.215718e-19,10.14143,1,0
133,1508,651225.0,3044115.0,839,31.007584,253.0725,-0.0058333334,7.311487,1,0
425,2243,673275.0,3035355.0,4082,21.370996,153.43495,0.008611111,10.573858,1,0
62,2076,668265.0,3046245.0,2594,13.655786,264.09387,0.009444444,18.483835,1,0
853,2163,670875.0,3022515.0,1869,22.295124,142.43141,0.015277778,9.303356,3,1
436,334,616005.0,3035025.0,2769,41.934605,232.9175,0.0052777776,9.854041,1,1
188,665,625935.0,3042465.0,4944,43.965538,198.90457,-0.0052777776,8.224807,1,0
435,335,616035.0,3035055.0,2808,45.146465,229.70786,0.0069444445,9.687654,1,1
274,1743,658275.0,3039885.0,2834,35.328037,177.97864,0.00083333335,8.938373,1,0
848,2176,671265.0,3022665.0,2152,33.38247,209.96957,-0.0052777776,7.219518,3,1
197,197,611895.0,3042195.0,3852,31.298021,101.46395,0.0019444445,8.909475,1,0
35,1405,648135.0,3047055.0,1105,44.9247,201.31247,-0.00027777778,7.4981704,1,1
812,1190,641685.0,3023745.0,1491,45.879944,135.0,0.0027777778,9.6620455,2,1
1159,1222,642645.0,3013335.0,878,34.927994,129.67426,0.010555555,8.260061,2,1
219,331,615915.0,3041535.0,3903,26.438833,94.32506,-0.0058333334,10.592101,1,0
533,1978,665325.0,3032115.0,2380,33.12896,185.12819,-0.008333334,9.308609,1,1
46,1783,659475.0,3046725.0,1537,30.064484,353.38654,-0.0055555557,10.750301,1,0
477,2028,666825.0,3033795.0,3315,33.234444,356.71912,-0.0075,8.32376,1,1
849,2182,671445.0,3022635.0,2202,46.069405,242.50925,0.019166667,10.696882,3,1
751,1131,639915.0,3025575.0,2784,14.628282,106.69924,0.0,8.1456,2,0
139,328,615825.0,3043935.0,4195,23.653215,154.65382,-0.006111111,7.6279407,1,0
661,1492,650745.0,3028275.0,1803,29.076633,305.23822,0.006111111,8.77557,1,0
754,188,611625.0,3025485.0,1875,29.686934,127.874985,-0.00083333335,9.443801,1,0
291,1515,651435.0,3039375.0,1120,30.232246,249.4919,0.006666667,9.134121,1,0
943,1847,661395.0,3019815.0,1186,47.09362,204.48068,0.0030555555,8.926473,1,1
309,400,617985.0,3038835.0,3672,35.27939,223.09085,-0.003888889,8.2470255,1,0
1239,996,635865.0,3010935.0,1508,44.784527,166.89722,0.003888889,10.243903,1,1
268,1924,663705.0,3040065.0,2530,27.662298,113.916245,-0.004166667,10.013278,1,0
1062,885,632535.0,3016245.0,1570,49.349865,152.9766,-0.022777777,6.649969,1,1
678,990,635685.0,3027765.0,2032,28.54484,275.2739,0.00027777778,8.797551,2,0
27,1406,648165.0,3047295.0,1316,51.089275,197.21606,0.014722222,8.986115,1,1
72,586,623565.0,3045945.0,4886,20.385319,329.69733,0.003611111,13.044592,1,0
882,806,630165.0,3021645.0,812,46.55489,168.15793,0.026666667,8.827534,1,1
874,2246,673365.0,3021885.0,2936,41.556732,214.66109,0.010555555,9.756091,3,1
439,576,623265.0,3034935.0,2832,14.277243,140.31454,-0.0025,8.8640995,1,0
686,572,623145.0,3027525.0,2328,41.03776,205.21573,0.010555555,9.936878,1,0
1159,996,635865.0,3013335.0,2207,24.97834,63.434948,0.0052777776,8.952586,1,0
367,970,635085.0,3037095.0,2281,38.23641,161.18181,0.004166667,9.873926,1,0
1125,1554,652605.0,3014355.0,864,41.283478,16.542984,-0.0027777778,9.330387,1,0
536,525,621735.0,3032025.0,2594,31.944614,165.68518,0.011666667,9.672655,1,0
916,734,628005.0,3020625.0,911,58.572357,198.25043,-0.017777778,6.309843,1,0
676,675,626235.0,3027825.0,1882,21.925253,152.90445,0.011388889,11.178167,1,1
855,2194,671805.0,3022455.0,2513,45.14253,275.71057,-0.006666667,8.4068575,3,1
847,1996,665865.0,3022695.0,2699,31.993935,189.21103,-0.0011111111,8.659138,1,0
924,2286,674565.0,3020385.0,2362,41.783104,176.25702,-0.02111111,9.910655,3,1
703,1968,665025.0,3027015.0,1740,37.11418,168.56631,0.009444444,9.720263,1,1
675,674,626205.0,3027855.0,1898,25.074553,171.29263,0.01,10.269961,1,1
342,1311,645315.0,3037845.0,2101,38.199757,5.4690933,0.00027777778,8.651467,1,0
878,2244,673305.0,3021765.0,2836,35.949306,178.68309,0.018055556,12.494352,3,1
766,1197,641895.0,3025125.0,1914,20.462736,66.297356,-0.0011111111,11.084023,1,0
873,2248,673425.0,3021915.0,2996,39.320446,224.58781,-0.00055555557,8.611398,3,1
560,1237,643095.0,3031305.0,2046,31.72723,22.590164,-0.017777778,7.283226,1,0
755,395,617835.0,3025455.0,1866,29.709305,350.33133,-0.00083333335,9.442894,1,0
612,1983,665475.0,3029745.0,2974,30.418495,263.4802,-0.0025,8.02805,1,1
517,143,610275.0,3032595.0,4024,43.494278,213.89943,0.003611111,7.5481257,1,0
119,1240,643185.0,3044535.0,2284,23.759567,72.93714,-0.0044444446,7.6228986,1,0
1047,270,614085.0,3016695.0,1407,46.430485,102.8244,-0.003888889,7.4455876,1,1
1164,1977,665295.0,3013185.0,1291,10.288595,211.86597,-0.0027777778,8.508756,1,0
845,2168,671025.0,3022755.0,2073,45.980564,238.1658,-0.0130555555,10.811212,3,1
669,662,625845.0,3028035.0,2106,32.66056,164.15692,-0.00055555557,7.247094,1,0
1261,1386,647565.0,3010275.0,357,27.446522,318.25195,-0.00055555557,10.453244,2,1
42,1399,647955.0,3046845.0,918,40.831573,186.64528,-0.005,9.838788,1,1
33,1397,647895.0,3047115.0,1111,40.365894,180.5617,0.0016666667,10.332162,1,1
591,858,631725.0,3030375.0,1520,41.324368,165.17352,-0.012222222,6.931052,2,1
853,2179,671355.0,3022515.0,2142,25.831024,318.48932,0.015555556,10.235935,3,1
574,2381,677415.0,3030885.0,4250,19.875778,154.0256,0.0025,10.76428,1,0
971,1593,653775.0,3018975.0,1572,48.97153,238.03865,0.007222222,7.7619286,1,0
496,393,617775.0,3033225.0,2179,36.300518,238.92477,0.003888889,8.209454,1,1
880,807,630195.0,3021705.0,885,59.592648,166.71135,0.017777778,7.6557355,1,1
269,198,611925.0,3040035.0,3765,36.375107,201.92178,-0.00055555557,8.899874,1,0
437,330,615885.0,3034995.0,2673,38.49212,231.80905,-0.0016666667,9.596492,1,1
34,1393,647775.0,3047085.0,1096,36.44412,177.08917,-9.215718e-19,10.101325,1,1
762,1970,665085.0,3025245.0,1642,40.195118,202.01129,0.016111111,9.273494,1,1
861,88,608625.0,3022275.0,3033,36.819736,289.84686,-0.005,7.0919013,1,0
870,2157,670695.0,3022005.0,1787,43.08986,117.02158,0.013888889,10.653311,3,1
840,1420,648585.0,3022905.0,1207,41.027355,346.42957,-0.016111111,6.9415126,1,1
278,416,618465.0,3039765.0,3843,27.544271,257.074,-0.0033333334,7.453346,1,0
198,2007,666195.0,3042165.0,3766,25.282505,258.29358,0.0030555555,8.651096,1,0
1142,783,629475.0,3013845.0,1094,43.883564,278.97263,-0.0016666667,7.534523,1,0
444,329,615855.0,3034785.0,2531,38.514328,226.69716,0.01861111,8.976657,1,1
1275,748,628425.0,3009855.0,879,26.494873,51.788975,0.006666667,9.290366,1,0
922,1570,653085.0,3020445.0,1931,25.96366,23.713593,0.0022222223,10.7000475,1,0
861,1935,664035.0,3022275.0,2130,38.903553,343.8108,0.0022222223,8.1154375,1,1
860,1638,655125.0,3022305.0,1162,28.587118,23.428696,0.0025,8.102647,1,0
46,1438,649125.0,3046725.0,883,21.829254,108.81189,0.014166667,11.406157,1,0
70,477,620295.0,3046005.0,5354,27.687586,200.44955,0.0030555555,9.056694,1,0
981,477,620295.0,3018675.0,1232,32.19541,166.60751,0.0058333334,9.5676155,1,1
1224,1033,636975.0,3011385.0,1382,42.224693,262.61395,0.0013888889,9.202008,1,0
738,1533,651975.0,3025965.0,2234,50.413383,182.3695,0.0025,8.809522,1,1
798,669,626055.0,3024165.0,1355,32.52694,198.6717,-0.0022222223,7.2522326,1,1
1033,343,616275.0,3017115.0,1507,50.302685,194.42078,0.007222222,7.7148423,1,1
854,2169,671055.0,3022485.0,1964,32.005383,286.2602,0.007222222,8.658693,3,1
747,2196,671865.0,3025695.0,3068,29.79849,138.53955,0.013333334,10.06789,3,0
623,1450,649485.0,3029415.0,1286,30.966194,0.79572296,-0.0011111111,9.104883,1,0
43,1404,648105.0,3046815.0,900,41.631943,196.05608,0.0019444445,10.657904,1,1
42,1395,647835.0,3046845.0,898,39.355293,174.75287,0.008055556,10.368015,1,1
316,899,632955.0,3038625.0,3245,39.8281,87.70939,0.013888889,9.181142,1,0
878,2246,673365.0,3021765.0,2864,40.51732,223.81474,0.0044444446,11.65086,3,1
793,672,626145.0,3024315.0,1451,23.149895,217.87498,0.00055555557,9.443802,1,1
1298,45,607335.0,3009165.0,2508,22.928053,296.31265,-0.0013888889,8.35594,1,0
629,181,611415.0,3029235.0,3363,39.023273,238.02583,0.0130555555,10.231428,1,0
500,497,620895.0,3033105.0,3087,30.490152,211.10281,0.006111111,8.941479,1,0
752,1131,639915.0,3025545.0,2781,17.447952,104.58892,0.00083333335,12.222481,2,0
981,1329,645855.0,3018675.0,1793,19.975218,244.90375,0.009722223,13.744014,1,0
702,1540,652185.0,3027045.0,2393,24.470388,356.3255,-0.0058333334,9.535538,1,0
1138,698,626925.0,3013965.0,1090,31.434832,64.133644,0.0016666667,7.294665,1,0
32,1404,648105.0,3047145.0,1186,43.46777,191.40872,-0.008333334,9.494963,1,1
884,2243,673275.0,3021585.0,2741,36.042522,240.49928,-8.6736174e-19,8.506587,3,1
882,377,617295.0,3021645.0,1313,29.77624,347.38068,-0.0033333334,9.1525,1,0
675,339,616155.0,3027855.0,2426,40.408634,107.37076,0.0019444445,7.6565013,1,0
840,1421,648615.0,3022905.0,1209,38.67345,358.21008,-0.008055556,8.970961,1,1
838,2018,666525.0,3022965.0,2731,36.28204,129.47246,-0.0052777776,8.903277,1,0
961,1690,656685.0,3019275.0,1112,10.678415,45.0,0.0013888889,12.299366,1,0
1121,674,626205.0,3014475.0,1592,45.27682,131.31938,-0.003611111,7.485879,1,0
501,391,617715.0,3033075.0,2101,8.716697,222.79741,0.013888889,21.040094,1,1
1091,1887,662595.0,3015375.0,1789,34.395638,148.43819,0.0025,8.79075,1,1
18,1400,647985.0,3047565.0,1672,43.21072,205.20113,-0.004166667,7.55804,1,1
851,2180,671385.0,3022575.0,2145,26.604792,261.8699,0.018055556,15.043418,3,1
843,1421,648615.0,3022815.0,1276,43.912014,1.239975,-0.0019444445,8.226676,1,1
848,1411,648315.0,3022665.0,1294,27.892908,358.6468,0.011388889,9.518009,1,0
34,1399,647955.0,3047085.0,1085,39.55846,182.89127,0.006111111,9.296078,1,1
234,1122,639645.0,3041085.0,3252,7.416537,219.80557,-0.0075,8.841303,1,0
1036,853,631575.0,3017025.0,1779,34.369896,223.02507,-0.0019444445,9.261718,1,0
763,1970,665085.0,3025215.0,1624,27.662298,203.91624,0.016666668,9.846224,1,1
1180,1199,641955.0,3012705.0,1074,30.613878,89.19307,0.014166667,8.713402,2,1
536,1978,665325.0,3032025.0,2310,36.835907,200.85446,0.0055555557,7.78446,1,1
109,1009,636255.0,3044835.0,3935,40.864487,172.80652,0.0022222223,10.502604,1,0
927,2286,674565.0,3020295.0,2260,27.844395,186.3402,0.026666667,10.576111,3,1
973,1249,643455.0,3018915.0,668,23.432558,268.89832,0.0019444445,9.584368,2,0
1211,688,626625.0,3011775.0,1631,6.6712265,94.08562,-0.003611111,11.027726,1,0
312,907,633195.0,3038745.0,3329,33.16953,250.641,-0.005,7.9207673,1,0
365,954,634605.0,3037155.0,2568,26.62859,111.44774,-0.0052777776,7.492772,1,0
791,781,629415.0,3024375.0,937,31.278896,323.36588,-0.0027777778,9.865739,1,0
615,1096,638865.0,3029655.0,2856,30.610144,50.142765,-0.0016666667,8.020403,1,0
1038,1969,665055.0,3016965.0,2045,48.401928,218.6929,0.019444445,7.7819777,1,1
376,1372,647145.0,3036825.0,1782,53.41279,165.49097,-0.0011111111,8.113857,1,1
1002,1650,655485.0,3018045.0,996,49.645535,139.88275,0.0075,9.529891,1,1
982,1235,643035.0,3018645.0,484,33.332924,292.34064,0.006666667,8.607696,2,0
277,1551,652515.0,3039795.0,1043,28.846857,349.5401,-0.011111111,8.091889,1,0
375,972,635145.0,3036855.0,2130,38.835476,129.5398,0.004722222,10.869405,1,0
597,871,632115.0,3030195.0,1436,30.246256,239.03624,0.008888889,11.94697,2,1
1229,841,631215.0,3011235.0,595,40.79132,244.54855,-0.0016666667,7.642984,1,0
234,226,612765.0,3041085.0,3866,26.706089,238.54794,0.0044444446,9.974306,1,0
436,330,615885.0,3035025.0,2686,37.536533,233.37868,0.0011111111,8.8576765,1,1
1237,992,635745.0,3010995.0,1645,58.94372,165.02228,-0.010277778,6.9883733,1,1
40,1396,647865.0,3046905.0,955,38.651466,185.6809,-0.0030555555,10.321673,1,1
649,426,618765.0,3028635.0,1900,49.160397,161.95659,0.014722222,8.448416,1,0
1061,884,632505.0,3016275.0,1606,41.472935,171.8699,-0.017777778,6.9258246,1,1
1040,999,635955.0,3016905.0,1425,34.855064,192.78906,0.011666667,8.955922,2,1
702,1969,665055.0,3027045.0,1762,39.55846,177.10873,0.004166667,9.478399,1,1
855,756,628665.0,3022455.0,834,44.299335,37.016685,-0.0058333334,8.906297,1,0
318,1893,662775.0,3038565.0,2205,36.645084,151.56883,-0.023333333,7.098261,1,1
976,473,620175.0,3018825.0,1379,42.108845,157.21759,0.0033333334,8.512925,1,1
46,1390,647685.0,3046725.0,878,36.326004,17.818886,0.004166667,12.748264,1,0
539,1991,665715.0,3031935.0,2495,37.93049,335.3532,-0.009722223,7.0517106,1,0
729,660,625785.0,3026235.0,1762,41.865818,149.85861,-0.0044444446,8.298311,1,1
529,921,633615.0,3032235.0,1587,37.09327,229.02199,0.0019444445,8.691402,1,0
1164,2147,670395.0,3013185.0,1420,21.086199,263.79657,-0.0019444445,10.057958,1,0
103,2309,675255.0,3045015.0,4074,11.386165,294.44397,0.0044444446,11.043994,1,0
184,1968,665025.0,3042585.0,3394,26.770657,329.19855,0.0013888889,9.566036,1,0
615,1316,645465.0,3029655.0,794,32.76581,138.6745,-0.003888889,7.9362016,1,1
205,2082,668445.0,3041955.0,3940,31.24058,84.87683,-0.0033333334,9.604882,1,0
612,1981,665415.0,3029745.0,2939,33.67043,299.6115,-0.00027777778,8.818041,1,1
548,756,628665.0,3031665.0,1674,40.994137,325.54807,-0.007222222,8.734443,2,0
463,888,632625.0,3034215.0,2200,31.502226,358.0519,-0.006111111,8.678317,1,0
1183,198,611925.0,3012615.0,2222,33.093647,97.715675,-0.0019444445,10.063727,1,0
206,1537,652095.0,3041925.0,1465,30.809443,326.97614,-0.005,8.417946,1,0
1151,1234,643005.0,3013575.0,769,32.989407,150.80252,0.004722222,7.9276414,2,1
71,646,625365.0,3045975.0,4625,30.0992,62.145554,0.0058333334,11.154369,1,0
1180,544,622305.0,3012705.0,1856,42.522823,50.1611,0.0019444445,7.987585,1,0
839,1634,655005.0,3022935.0,1231,24.029837,37.405357,0.0016666667,8.996455,1,0
845,2177,671295.0,3022755.0,2199,37.515354,207.1213,0.019166667,10.324779,3,1
1170,249,613455.0,3013005.0,2000,49.55557,226.72699,0.012222222,8.588612,1,0
361,869,632055.0,3037275.0,2459,39.022533,274.1276,0.019444445,11.783263,1,0
872,2156,670665.0,3021945.0,1794,48.03858,107.89188,0.010277778,10.161865,3,1
27,1402,648045.0,3047295.0,1299,41.816494,189.11136,0.0055555557,9.398656,1,1
1274,906,633165.0,3009885.0,1095,39.8534,284.45242,0.0130555555,9.69107,1,0
1179,1973,665175.0,3012735.0,1310,24.141115,163.24973,-0.014722222,7.604948,1,0
536,1982,665445.0,3032025.0,2329,9.191033,258.11133,0.011111111,19.492466,1,1
505,396,617865.0,3032955.0,2125,33.96967,236.60477,-0.0016666667,9.595203,1,1
859,1850,661485.0,3022335.0,1402,11.461837,350.5377,0.006111111,10.595358,1,0
760,680,626385.0,3025305.0,1512,22.783775,259.13593,0.0033333334,12.465619,1,1
610,841,631215.0,3029805.0,1293,54.63199,169.08887,0.007777778,7.5582676,2,1
325,1895,662835.0,3038355.0,1955,41.04621,140.82634,0.0019444445,7.6339955,1,1
397,2306,675165.0,3036195.0,4057,33.946297,248.1986,0.005,10.530393,1,0
854,2165,670935.0,3022485.0,1875,32.646255,259.12854,0.012777777,9.3270855,3,1
1266,1392,647745.0,3010125.0,514,47.12572,297.1598,0.014444444,9.772648,2,1
852,2178,671325.0,3022545.0,2128,21.342312,291.91486,0.0025,11.852995,3,1
707,1962,664845.0,3026895.0,1708,36.35408,164.23282,0.0055555557,9.054793,1,1
532,1978,665325.0,3032145.0,2399,32.863873,186.66666,-0.0063888887,9.185206,1,1
74,646,625365.0,3045885.0,4658,30.621347,54.74364,0.0016666667,12.170998,1,0
221,1224,642705.0,3041475.0,1963,51.217865,110.376434,0.009722223,9.802502,1,1
1254,2038,667125.0,3010485.0,734,15.822443,228.57634,0.012777777,11.282186,1,0
1117,759,628755.0,3014595.0,565,32.977543,58.657642,0.011666667,12.760401,1,0
1016,1672,656145.0,3017625.0,917,27.67569,134.35626,-0.009166666,8.140908,1,0
369,995,635835.0,3037035.0,2204,50.43674,218.29016,-0.008333334,7.3046145,1,0
34,146,610365.0,3047085.0,4670,24.111515,54.09028,0.006666667,8.992627,1,0
872,1931,663915.0,3021945.0,2242,31.35169,220.00626,-0.009166666,7.9910755,1,0
671,2287,674595.0,3027975.0,3714,24.939693,126.25384,-0.0022222223,11.033791,3,0
619,561,622815.0,3029535.0,2689,22.406872,194.03625,-0.008333334,7.688373,1,0
809,1124,639705.0,3023835.0,2215,62.078423,230.01624,-0.0052777776,7.77687,2,0
443,331,615915.0,3034815.0,2605,44.581142,228.08481,-0.0075,9.908058,1,1
138,846,631365.0,3043965.0,3691,39.161922,207.74489,1.951564e-18,10.185661,1,0
895,2204,672105.0,3021255.0,2510,42.416393,182.87546,-0.004166667,8.838613,3,1
746,1746,658365.0,3025725.0,1321,34.18354,269.6485,0.008611111,8.575559,1,0
1148,2340,676185.0,3013665.0,1842,26.973715,140.31454,0.0125,9.67503,1,1
837,1419,648555.0,3022995.0,1067,51.559685,340.4864,0.031666666,10.332591,1,1
1099,1307,645195.0,3015135.0,547,35.231533,170.14868,0.0022222223,9.922773,2,0
884,1215,642435.0,3021585.0,594,15.533342,77.00539,0.0063888887,10.480599,2,0
841,1419,648555.0,3022875.0,1220,38.344296,339.65588,-0.0052777776,7.0368414,1,1
598,875,632235.0,3030165.0,1494,28.97246,241.69925,0.0019444445,9.791457,2,1
674,673,626175.0,3027885.0,1915,28.745403,174.33272,0.008611111,10.110987,1,1
966,631,624915.0,3019125.0,1449,35.102276,169.75592,0.00083333335,9.100886,1,0
326,1895,662835.0,3038325.0,1935,36.625275,142.7447,0.0058333334,9.401568,1,1
799,1820,660585.0,3024135.0,1442,21.971972,141.70984,0.006111111,9.65599,1,1
324,1896,662865.0,3038385.0,1956,42.066387,137.61955,0.0075,9.302872,1,1
1123,989,635655.0,3014415.0,2402,12.726576,240.12401,-0.007222222,8.290292,1,0
845,2184,671505.0,3022755.0,2337,45.235294,222.99045,0.008333334,9.279088,3,1
708,1965,664935.0,3026865.0,1679,7.2106686,197.24146,0.017777778,18.909002,1,1
1228,1878,662325.0,3011265.0,1016,23.218586,119.0546,-0.00083333335,8.341876,1,0
914,865,631935.0,3020685.0,1208,37.92493,217.1763,0.00055555557,10.517647,1,1
1158,1667,655995.0,3013365.0,1800,16.994131,78.99646,-0.0027777778,8.680959,1,0
1110,278,614325.0,3014805.0,1747,25.574306,54.926247,0.008333334,8.232498,1,0
761,665,625935.0,3025275.0,1300,21.54635,262.72498,0.00083333335,11.098952,1,1
610,844,631305.0,3029805.0,1267,48.723442,176.85504,0.014444444,8.463814,2,1
968,2220,672585.0,3019065.0,1732,48.579407,180.84253,-0.0030555555,8.063418,1,1
1226,1778,659325.0,3011325.0,812,29.191013,108.70521,-0.006666667,7.3845816,1,1
673,951,634515.0,3027915.0,1573,26.064075,13.799484,0.003888889,9.309306,2,0
607,1983,665475.0,3029895.0,2954,34.151436,326.01712,-0.008055556,7.1904707,1,1
245,1263,643875.0,3040755.0,1600,22.8721,16.645035,0.0013888889,10.997722,1,0
761,667,625995.0,3025275.0,1328,27.410282,261.21884,-0.00083333335,10.754895,1,1
1055,1049,637455.0,3016455.0,1435,38.39141,6.3401947,-0.0027777778,9.337737,2,0
256,1938,664125.0,3040425.0,2707,31.861698,230.44034,-0.008611111,7.9711323,1,0
931,2140,670185.0,3020175.0,1617,42.20063,126.027374,0.04888889,10.511185,3,1
550,1914,663405.0,3031605.0,2262,42.20063,197.10272,-0.015277778,6.900267,1,1
856,1008,636225.0,3022425.0,2347,32.75488,196.55707,-0.004166667,7.9366207,2,0
483,581,623415.0,3033615.0,2798,39.232983,75.82194,0.0019444445,8.39137,1,0
470,2025,666735.0,3034005.0,3128,34.99965,1.3639297,0.00027777778,9.238228,1,1
135,350,616485.0,3044055.0,3974,34.64598,110.83908,0.0027777778,13.119989,1,0
598,876,632265.0,3030165.0,1509,32.40228,237.875,0.0030555555,9.654932,2,1
358,382,617445.0,3037365.0,3026,33.674564,132.97269,0.016111111,10.674182,1,0
215,1362,646845.0,3041655.0,1148,19.193518,168.95906,-0.00027777778,11.641821,1,0
1225,1773,659175.0,3011355.0,866,18.02629,92.93568,0.0011111111,9.311306,1,1
791,117,609495.0,3024375.0,3028,32.71327,44.474365,-0.0075,7.938217,1,0
1257,121,609615.0,3010395.0,2951,18.743164,24.676865,-0.0011111111,10.080427,1,0
879,807,630195.0,3021735.0,942,61.822002,165.12625,0.0016666667,7.276828,1,1
590,852,631545.0,3030405.0,1528,33.741634,123.293564,0.0044444446,7.2059107,2,1
951,2246,673365.0,3019575.0,1954,40.308044,155.32314,-0.0044444446,8.065524,1,1
599,884,632505.0,3030135.0,1612,40.405926,199.14445,-0.008888889,7.656597,2,1
958,1805,660135.0,3019365.0,1120,24.3887,306.02737,-0.0027777778,13.398549,1,0
61,1425,648735.0,3046275.0,1011,51.262,22.19262,0.0027777778,6.582048,1,0
616,1480,650385.0,3029625.0,1392,25.804365,312.90475,0.0030555555,8.627685,1,0
1152,1235,643035.0,3013545.0,744,20.939518,125.247574,0.015277778,11.52422,2,1
632,2232,672945.0,3029145.0,3711,34.684902,186.56876,-0.00083333335,8.962261,3,0
621,1238,643125.0,3029475.0,1203,25.58952,10.527786,0.010833333,14.785037,1,0
524,1557,652695.0,3032385.0,1424,39.149437,247.10945,0.0011111111,8.617491,1,0
28,1395,647835.0,3047265.0,1255,44.399242,180.7314,-0.008888889,9.531417,1,1
992,383,617475.0,3018345.0,1829,32.00767,132.83893,0.0052777776,9.837259,1,0
510,1811,660315.0,3032805.0,1457,24.104107,32.061943,8.6736174e-19,8.992974,1,0
317,2100,668985.0,3038595.0,3034,43.16227,275.60925,0.0013888889,8.252882,1,0
1039,1969,665055.0,3016935.0,2023,40.55427,221.84206,0.01861111,8.056819,1,1
444,330,615885.0,3034785.0,2555,46.67069,230.74228,0.010277778,9.879538,1,1
839,1420,648585.0,3022935.0,1177,51.737846,342.99417,-0.018333333,6.565001,1,1
926,2287,674595.0,3020325.0,2288,42.77288,192.22092,0.01861111,13.8869095,3,1
345,108,609225.0,3037755.0,3817,27.000084,129.02568,-0.008055556,8.169814,1,0
867,2263,673875.0,3022095.0,3352,30.51397,213.46538,-0.0055555557,8.024238,3,0
43,1395,647835.0,3046815.0,876,33.956463,167.85571,0.01,11.275343,1,1
713,1333,645975.0,3026715.0,523,19.109169,93.44739,0.0011111111,9.941823,1,0
580,2149,670455.0,3030705.0,3777,32.646255,100.87145,0.0063888887,9.193554,1,0
704,1962,664845.0,3026985.0,1792,44.478363,149.95357,-0.009722223,9.528654,1,1
245,691,626715.0,3040755.0,4693,27.745453,144.67336,0.0019444445,10.278016,1,0
394,1394,647805.0,3036285.0,1109,33.037846,152.94244,0.01,11.675295,1,1
877,123,609675.0,3021795.0,2841,42.84916,161.40228,0.0016666667,7.570691,1,0
931,194,611805.0,3020175.0,2762,21.235933,355.69553,-0.0027777778,8.846222,1,0
1213,1679,656355.0,3011715.0,1178,24.805475,244.359,-0.00083333335,7.574194,1,0
1135,711,627315.0,3014055.0,841,24.686216,134.26547,0.017777778,15.04704,1,1
911,866,631965.0,3020775.0,1270,31.921623,214.64668,0.0025,11.125801,1,1
733,529,621855.0,3026115.0,1283,28.124678,149.03624,0.0011111111,8.527423,1,0
212,1917,663495.0,3041745.0,3455,9.970262,354.55966,-0.011111111,8.54085,1,0
353,852,631545.0,3037515.0,2295,37.60801,58.717346,0.037777778,9.771386,1,0
961,17,606495.0,3019275.0,2223,29.772308,356.24146,0.005,10.305339,1,0
267,1903,663075.0,3040095.0,2779,36.614063,132.72755,0.0019444445,9.296617,1,0
877,2246,673365.0,3021795.0,2882,38.054672,218.51692,0.0030555555,10.138286,3,1
390,1252,643545.0,3036405.0,2577,36.10229,150.9454,0.006666667,8.727539,1,0
238,1880,662385.0,3040965.0,3025,39.8534,165.54758,-0.0055555557,7.6761665,1,0
762,677,626295.0,3025245.0,1472,25.574306,277.00128,0.0019444445,12.872069,1,1
331,1996,665865.0,3038175.0,2515,39.544857,295.40118,0.0075,9.073418,1,0
595,873,632175.0,3030255.0,1498,36.28204,230.52754,0.00055555557,10.001889,2,1
1041,999,635955.0,3016875.0,1408,22.904099,174.90788,0.014722222,9.609869,2,1
1191,1194,641805.0,3012375.0,1236,40.537483,123.07068,-0.0033333334,7.651947,2,1
927,2139,670155.0,3020295.0,1804,70.25137,87.77105,-0.021666666,6.471136,3,1
595,1999,665955.0,3030255.0,3002,45.197575,257.57404,-0.0011111111,9.193394,1,0
437,332,615945.0,3034995.0,2710,40.318268,234.59314,0.004166667,10.102045,1,1
1046,271,614115.0,3016725.0,1389,25.048368,121.13898,0.0063888887,10.202159,1,1
1065,2002,666045.0,3016155.0,2246,6.091478,51.34019,-0.0019444445,9.039953,1,0
468,2026,666765.0,3034065.0,3086,25.75092,340.31287,0.013888889,11.114973,1,1
44,1402,648045.0,3046785.0,861,31.911268,195.52411,0.020277778,9.7609625,1,1
299,1251,643515.0,3039135.0,2303,25.889185,15.945396,0.0027777778,8.623911,1,0
760,665,625935.0,3025305.0,1300,21.596397,270.6031,0.0011111111,12.641756,1,1
505,398,617925.0,3032955.0,2155,32.00767,222.83891,-0.003888889,9.064069,1,1
60,714,627405.0,3046305.0,4311,23.399677,308.74597,0.00027777778,10.204981,1,0
450,2123,669675.0,3034605.0,3857,33.239754,168.26143,-0.0055555557,8.323558,1,0
404,645,625335.0,3035985.0,2552,38.855705,140.8774,-0.0022222223,9.657592,1,1
26,1400,647985.0,3047325.0,1318,46.954075,192.35951,0.0025,9.506721,1,1
45,1398,647925.0,3046755.0,855,7.6092887,176.42368,0.008611111,16.779156,1,1
1266,1389,647655.0,3010125.0,469,31.154043,321.15515,0.0033333334,10.48376,2,1
792,671,626115.0,3024345.0,1454,22.656437,206.0535,0.0016666667,9.621977,1,1
295,683,626475.0,3039255.0,4339,35.66912,218.40009,0.0055555557,10.07846,1,0
444,845,631335.0,3034785.0,2656,32.52694,48.708427,-0.0016666667,10.024821,1,0
1131,710,627285.0,3014175.0,946,49.044807,186.01985,-0.006666667,8.606643,1,1
174,1355,646635.0,3042885.0,1720,37.844498,202.71442,0.004722222,9.252032,1,0
870,2243,673275.0,3022005.0,3082,60.3505,183.12708,-0.013611111,8.184821,3,1
475,2025,666735.0,3033855.0,3238,45.65184,333.12186,-0.003611111,7.8782516,1,1
932,2138,670125.0,3020145.0,1700,68.73955,115.443375,0.027777778,8.055672,3,1
428,1671,656115.0,3035265.0,1980,31.735376,194.03625,-0.009444444,7.282908,1,0
223,2153,670575.0,3041415.0,3559,37.716232,217.11685,0.00055555557,9.256655,1,0
761,261,613815.0,3025275.0,2304,39.54557,177.68628,-0.0013888889,8.092564,1,0
917,2142,670245.0,3020595.0,1701,38.199757,95.46909,0.0058333334,10.260905,3,1
209,44,607305.0,3041835.0,5026,41.18464,229.63547,-0.007777778,7.6291184,1,0
590,860,631785.0,3030405.0,1512,34.520798,144.86581,0.005,8.275242,2,1
990,626,624765.0,3018405.0,1252,31.750492,121.2284,-0.0044444446,9.36176,1,0
134,426,618765.0,3044085.0,4462,30.064484,276.61346,0.003611111,9.988161,1,0
1015,1887,662595.0,3017655.0,1716,23.124304,5.5993423,0.0016666667,10.361328,1,0
819,1508,651225.0,3023535.0,1987,32.112614,280.71313,0.003611111,9.907295,1,0
728,482,620445.0,3026265.0,1337,32.339596,173.57654,-0.0016666667,10.626752,1,0
992,1818,660525.0,3018345.0,1343,40.831573,186.64528,0.004166667,8.047029,1,1
49,2011,666315.0,3046635.0,2802,31.71908,176.13454,-0.020277778,7.9766912,1,0
457,541,622215.0,3034395.0,2838,19.47122,45.0,-0.00083333335,10.675329,1,0
762,672,626145.0,3025245.0,1401,30.279324,267.54596,-0.0025,12.69706,1,1
916,2140,670185.0,3020625.0,1748,47.081615,109.69862,0.035277776,9.502257,3,1
119,2161,670815.0,3044535.0,3385,18.100721,17.049034,0.007777778,11.704795,1,0
1078,783,629475.0,3015765.0,763,32.82907,305.53766,-0.0019444445,8.850067,1,0
800,668,626025.0,3024105.0,1318,27.097435,196.07358,-0.003611111,7.472471,1,1
508,399,617955.0,3032865.0,2119,39.51689,209.67308,-0.0063888887,9.55992,1,1
37,2164,670905.0,3046995.0,3780,11.630105,301.75946,0.0044444446,14.494624,1,0
532,1979,665355.0,3032145.0,2396,35.60313,174.32259,0.0022222223,9.333677,1,1
618,288,614625.0,3029565.0,3446,20.600166,328.60052,-0.008333334,8.474031,1,0
39,1390,647685.0,3046935.0,989,45.33864,192.60558,-0.009444444,9.835096,1,1
1064,1582,653445.0,3016185.0,690,40.51126,135.0,0.0019444445,9.039168,1,1
1268,1392,647745.0,3010065.0,555,53.11774,309.1634,0.011944445,8.594604,2,1
823,590,623685.0,3023415.0,982,18.993357,353.04706,0.0025,10.576983,1,0
701,1968,665025.0,3027075.0,1789,37.877995,175.08344,0.00083333335,9.538507,1,1
574,1858,661725.0,3030885.0,1461,26.167137,157.56702,0.0069444445,10.880292,1,1
1051,287,614595.0,3016575.0,1256,30.205467,193.24051,0.0063888887,12.360716,1,1
793,670,626085.0,3024315.0,1438,24.904482,201.0375,-0.00083333335,9.766888,1,1
925,2284,674505.0,3020355.0,2319,46.86156,194.47029,-0.004166667,7.835981,3,1
862,1344,646305.0,3022245.0,1056,24.899193,306.97278,0.0022222223,13.71409,1,0
1121,1990,665685.0,3014475.0,1575,15.128379,155.40988,0.0016666667,10.883014,1,0
862,2214,672405.0,3022245.0,2890,44.63175,280.45624,0.007777778,7.9138618,3,0
869,2157,670695.0,3022035.0,1802,40.05504,114.91397,0.0055555557,8.76763,3,1
1157,168,611025.0,3013395.0,2081,26.831839,323.0357,-0.00055555557,10.479673,1,0
300,2059,667755.0,3039105.0,3160,40.84738,190.55182,-0.010833333,9.027301,1,0
1158,1936,664065.0,3013365.0,1227,16.051125,79.99202,0.0019444445,9.65763,1,0
793,1816,660465.0,3024315.0,1584,39.222748,139.96974,-0.0013888889,8.391734,1,1
1147,1552,652545.0,3013695.0,1092,25.137218,260.28674,-0.0016666667,10.124014,1,0
924,2283,674475.0,3020385.0,2338,46.82141,195.88385,0.0030555555,9.996869,3,1
907,1004,636105.0,3020895.0,1637,34.947132,69.40398,-0.005,7.853885,2,1
1181,1198,641925.0,3012675.0,1090,39.103073,91.4688,0.023055555,8.396,2,1
394,836,631065.0,3036285.0,2942,42.95942,46.087765,-0.003888889,8.259979,1,0
603,1433,648975.0,3030015.0,732,31.18775,346.05942,-0.00055555557,9.383819,1,0
1264,1391,647715.0,3010185.0,475,37.042965,297.27237,0.0022222223,7.0837893,2,1
467,323,615675.0,3034095.0,2744,32.66716,81.027374,0.007222222,9.644736,1,0
877,2244,673305.0,3021795.0,2861,37.63635,181.54816,0.011388889,12.105738,3,1
179,853,631575.0,3042735.0,3240,31.19857,34.346096,0.007777778,9.701846,1,0
823,1345,646335.0,3023415.0,509,35.19296,324.61972,0.01,11.262488,1,0
1027,465,619935.0,3017295.0,979,24.412342,164.56036,-0.00027777778,9.894902,1,0
1017,1432,648945.0,3017595.0,1531,24.279133,101.72511,-0.003888889,8.69712,1,0
1100,2258,673725.0,3015105.0,2079,24.450459,116.09543,0.0052777776,11.056287,1,0
927,1914,663405.0,3020295.0,1502,55.140366,156.93242,0.004166667,7.8270917,1,0
1001,1649,655455.0,3018075.0,1051,51.27075,139.3364,-0.00055555557,9.414948,1,1
877,2157,670695.0,3021795.0,1738,27.122068,111.97451,0.009444444,9.417322,3,0
1114,1860,661785.0,3014685.0,1783,35.3243,221.18593,0.00055555557,9.092661,1,0
799,1819,660555.0,3024135.0,1450,24.214872,140.26239,0.007222222,9.680944,1,1
529,1612,654345.0,3032235.0,1380,23.767138,159.50742,0.0019444445,15.128582,1,0
182,2240,673185.0,3042645.0,3880,31.976746,207.42015,0.0,9.352952,1,0
909,892,632745.0,3020835.0,1453,37.05975,204.44395,0.0030555555,9.280405,2,1
391,1389,647655.0,3036375.0,1279,49.01361,143.83537,-0.0033333334,7.35498,1,1
742,663,625875.0,3025845.0,1466,20.24353,147.926,0.0016666667,9.1862135,1,1
1072,1017,636495.0,3015945.0,1684,33.68387,47.533558,-0.00055555557,9.605989,2,0
452,72,608145.0,3034545.0,4414,5.1396937,346.6075,0.0019444445,13.9558735,1,0
794,1785,659535.0,3024285.0,1591,18.682575,292.45694,0.004722222,11.218887,1,0
1149,2194,671805.0,3013635.0,1837,29.445509,121.10881,0.0016666667,8.760472,1,0
1177,1538,652125.0,3012795.0,1087,44.688274,29.804752,-0.0175,7.5064235,1,0
113,225,612735.0,3044715.0,4181,34.62258,251.34636,0.00055555557,8.559122,1,0
41,2151,670515.0,3046875.0,3878,17.343872,13.109207,0.0019444445,10.268753,1,0
383,1374,647205.0,3036615.0,1514,30.068344,139.08562,0.0055555557,9.746843,1,1
596,1846,661365.0,3030225.0,1554,39.92347,314.19305,-0.003611111,8.366828,1,0
1007,467,619995.0,3017895.0,1246,32.031685,164.94568,-0.0016666667,8.657672,1,0
1083,2398,677925.0,3015615.0,2918,42.346806,184.72014,0.003611111,9.460091,1,1
326,1897,662895.0,3038325.0,1915,14.339495,160.9744,0.014166667,12.70971,1,1
379,785,629535.0,3036735.0,3435,30.30852,352.21643,0.00083333335,8.032451,1,0
592,854,631605.0,3030345.0,1479,35.311214,188.79741,0.010833333,9.093145,2,1
797,1821,660615.0,3024195.0,1458,26.962845,160.37775,0.007777778,14.335788,1,1
573,1857,661695.0,3030915.0,1482,29.460201,155.1363,0.0058333334,10.318018,1,1
851,1175,641235.0,3022575.0,1133,38.14815,197.2815,0.009444444,11.069235,2,1
597,876,632265.0,3030195.0,1520,36.657993,235.95406,0.004166667,9.400375,2,1
1063,1584,653505.0,3016215.0,674,41.495663,137.29062,0.0033333334,9.227611,1,1
26,1402,648045.0,3047325.0,1328,51.21065,192.96585,0.012777777,8.981779,1,1
472,2025,666735.0,3033945.0,3164,31.848993,353.06564,0.009722223,9.070239,1,1
1050,1187,641595.0,3016605.0,674,21.22926,125.39479,0.00083333335,9.693865,2,0
561,1344,646305.0,3031275.0,1851,35.183537,147.06131,0.008611111,11.177315,1,0
870,302,615045.0,3022005.0,1542,28.374636,38.10758,-0.0022222223,8.51696,1,0
506,396,617865.0,3032925.0,2113,36.388233,226.83284,-0.0052777776,9.940848,1,1
26,1405,648135.0,3047325.0,1348,58.039402,187.91946,0.013333334,8.633236,1,1
262,42,607245.0,3040245.0,4282,32.960274,223.43777,-0.0019444445,9.943658,1,0
1129,1597,653895.0,3014235.0,1696,47.96038,354.6107,-0.042777777,6.6988735,1,0
293,1125,639735.0,3039315.0,3077,34.362957,96.64864,0.009444444,9.667442,1,0
100,1267,643995.0,3045105.0,1777,21.368793,97.95753,0.011388889,9.350197,1,0
407,642,625245.0,3035895.0,2565,40.57573,119.433685,0.0022222223,7.6505957,1,1
1028,1518,651525.0,3017265.0,1185,16.632154,210.14139,0.007222222,11.476365,1,0
856,870,632085.0,3022425.0,1370,36.952866,175.55261,-0.0016666667,9.2842865,2,0
1139,1717,657495.0,3013935.0,1429,16.48461,122.34744,0.00055555557,9.811816,1,0
567,1450,649485.0,3031095.0,617,38.031807,128.9458,-0.00083333335,7.7412124,1,1
512,400,617985.0,3032745.0,2027,29.076633,197.89188,0.0175,9.181035,1,1
47,1950,664485.0,3046695.0,2152,34.437138,69.36246,-0.013333334,7.1797585,1,0
726,814,630405.0,3026325.0,1365,34.132347,20.885803,-0.00083333335,7.191188,2,0
238,1993,665775.0,3040965.0,3050,30.197807,330.86572,0.0069444445,9.135503,1,0
17,1400,647985.0,3047595.0,1698,42.700867,204.82935,-0.003888889,7.575883,1,1
1263,1389,647655.0,3010215.0,426,39.37848,318.70462,0.0,9.833108,2,1
576,1978,665325.0,3030825.0,2611,31.03431,329.17233,0.00027777778,8.409043,1,0
800,1981,665415.0,3024105.0,2231,20.848547,306.99527,-0.011666667,8.460933,1,0
955,876,632265.0,3019455.0,1457,42.470886,248.92503,0.009722223,9.375699,1,1
925,2286,674565.0,3020355.0,2326,50.599075,178.03857,-0.0069444445,9.650216,3,1
971,1172,641145.0,3018975.0,1026,21.863455,105.046394,0.0019444445,9.101843,2,0
798,2150,670485.0,3024165.0,2487,43.57132,130.7374,0.00083333335,8.461723,3,0
329,658,625725.0,3038235.0,3432,34.180534,209.39606,0.0011111111,7.189378,1,0
237,2124,669705.0,3040995.0,3924,36.396103,84.16051,0.0069444445,9.592254,1,0
812,661,625815.0,3023745.0,1016,39.380653,217.16074,-0.003888889,8.791576,1,1
597,874,632205.0,3030195.0,1487,31.48688,236.09372,0.003888889,10.237063,2,1
617,989,635655.0,3029595.0,2165,22.801882,283.7608,0.0055555557,9.055238,2,0
389,1321,645615.0,3036435.0,2230,37.568253,143.8129,0.0063888887,8.1633835,1,1
10,2064,667905.0,3047805.0,2984,37.506386,307.05652,0.006111111,9.146448,1,0
216,255,613635.0,3041625.0,4186,10.642691,183.81407,0.00027777778,14.75455,1,0
748,577,623295.0,3025665.0,1742,34.308346,241.55707,-0.00027777778,8.283195,1,0
508,401,618015.0,3032865.0,2142,35.984325,209.94878,-0.008333334,7.8155756,1,1
853,2177,671295.0,3022515.0,2124,37.813328,301.3858,-0.007222222,7.749078,3,1
1037,1968,665025.0,3016995.0,2056,43.56034,202.40744,0.019166667,10.148506,1,1
52,433,618975.0,3046545.0,4870,27.166622,240.31282,-0.0044444446,11.401321,1,0
574,71,608115.0,3030885.0,3840,33.46122,41.933514,0.0044444446,8.602823,1,0
599,883,632475.0,3030135.0,1601,40.60184,206.56505,-0.003611111,7.6496735,2,1
565,1445,649335.0,3031155.0,731,33.003414,138.64119,-0.0044444446,9.718865,1,1
975,2187,671595.0,3018855.0,1493,31.516378,182.72632,0.008333334,9.083228,1,1
893,668,626025.0,3021315.0,1031,35.102276,100.24409,-0.0044444446,10.450813,1,0
975,1040,637185.0,3018855.0,1233,26.284132,80.77608,0.00083333335,9.70507,2,0
913,869,632055.0,3020715.0,1268,31.335012,182.3533,-0.008333334,7.9917307,1,1
928,1047,637395.0,3020265.0,1554,24.508368,239.21585,-0.00055555557,13.389989,2,0
882,752,628545.0,3021645.0,1321,36.904663,63.292778,-0.009166666,7.088813,1,0
205,2041,667215.0,3041955.0,4209,37.404106,249.59012,-0.0019444445,7.070704,1,0
1178,1191,641715.0,3012765.0,1220,27.97491,101.30994,-0.00027777778,10.14316,2,1
593,365,616935.0,3030315.0,2643,15.809441,147.01147,0.0075,9.673614,1,0
352,55,607635.0,3037545.0,4066,34.267513,230.95714,-0.0058333334,7.8792605,1,1
918,2286,674565.0,3020565.0,2458,46.044937,171.21884,0.01861111,13.648349,3,1
1105,1280,644385.0,3014955.0,361,4.8575335,78.69006,0.0019444445,19.2223,2,0
843,2179,671355.0,3022815.0,2300,49.25821,224.41833,-0.008888889,8.599115,3,1
376,1370,647085.0,3036825.0,1803,53.15157,152.47478,0.011944445,9.91513,1,1
1046,269,614055.0,3016725.0,1435,35.84288,73.23744,-0.011111111,7.820772,1,1
151,989,635655.0,3043575.0,4130,39.133263,147.12373,-0.011944445,9.71668,1,0
997,1575,653235.0,3018195.0,1278,28.513767,122.47119,0.0069444445,8.798843,1,0
410,1194,641805.0,3035805.0,2798,17.66232,42.878902,-0.00055555557,10.344686,1,0
503,725,627735.0,3033015.0,2579,19.809929,138.75172,-0.011944445,8.516588,1,0
499,391,617715.0,3033135.0,2114,24.273636,231.75357,0.013888889,9.544674,1,1
446,1290,644685.0,3034725.0,2347,41.988434,359.46948,0.0052777776,8.853622,1,0
732,661,625815.0,3026145.0,1656,46.743397,151.4254,0.012777777,9.139397,1,1
931,2138,670125.0,3020175.0,1746,71.73721,115.57851,-0.0022222223,8.912602,3,1
28,1406,648165.0,3047265.0,1285,44.946186,202.0679,0.0125,10.10011,1,1
1228,1777,659295.0,3011265.0,810,27.39062,117.80146,0.0027777778,9.251658,1,1
800,667,625995.0,3024105.0,1312,27.680153,210.02713,-0.0044444446,8.140718,1,1
1132,710,627285.0,3014145.0,910,46.5589,187.93826,0.0058333334,8.827394,1,1
647,2227,672795.0,3028695.0,3554,17.047607,317.20258,0.0027777778,9.08309,3,0
851,567,622995.0,3022575.0,1301,26.335861,45.68206,0.0027777778,9.11501,1,0
1039,481,620415.0,3016935.0,782,23.27723,98.914925,0.008888889,8.339054,1,0
983,1494,650805.0,3018615.0,1491,30.966194,170.40686,0.0130555555,11.603583,1,1
849,2165,670935.0,3022635.0,1908,38.960926,247.26659,0.014722222,10.480513,3,1
514,715,627435.0,3032685.0,2285,33.561474,237.30801,0.007222222,10.431603,1,0
386,1374,647205.0,3036525.0,1470,31.294437,146.74564,0.006666667,9.602763,1,1
838,1421,648615.0,3022965.0,1151,49.48114,341.95218,-0.01,6.645332,1,1
868,2246,673365.0,3022065.0,3185,61.336143,176.08176,-0.015833333,9.456571,3,1
27,1396,647865.0,3047295.0,1278,35.948406,173.73251,-0.004722222,9.762805,1,1
1269,1938,664125.0,3010035.0,713,32.212376,307.4762,0.006111111,8.650669,1,0
865,1253,643575.0,3022155.0,429,7.4540095,322.76517,0.011666667,11.669419,1,0
865,1032,636945.0,3022155.0,2152,35.056744,232.72183,0.007222222,9.929255,2,0
1224,1768,659025.0,3011385.0,928,21.665758,102.72436,0.0025,9.671478,1,1
566,1445,649335.0,3031125.0,719,36.59335,134.54529,-0.013333334,9.046057,1,1
909,1006,636165.0,3020835.0,1613,36.733505,60.572544,-0.0030555555,10.230534,2,1
30,1407,648195.0,3047205.0,1245,42.758972,202.52057,0.007222222,9.445651,1,1
596,876,632265.0,3030225.0,1534,39.380653,232.83926,0.0030555555,9.1970415,2,1
239,1137,640095.0,3040935.0,3050,42.994274,172.81146,-0.011111111,7.5656123,1,0
441,329,615855.0,3034875.0,2588,43.982624,237.33908,0.0030555555,10.015969,1,1
1098,1919,663555.0,3015165.0,1400,21.135527,82.56859,0.0025,10.150705,1,0
403,640,625185.0,3036015.0,2636,27.82082,111.297356,-0.00055555557,13.219266,1,1
487,2264,673905.0,3033495.0,3670,29.076633,4.727989,-0.00027777778,8.487888,1,0
37,1390,647685.0,3046995.0,1037,36.482426,184.20062,-0.0016666667,10.048634,1,1
372,1872,662145.0,3036945.0,1943,29.42144,55.840305,-0.0022222223,9.166919,1,0
446,1922,663645.0,3034725.0,1950,42.934795,173.82983,0.0030555555,9.647136,1,0
589,1700,656985.0,3030435.0,1270,30.822971,100.05434,-0.0019444445,8.41741,1,1
934,740,628185.0,3020085.0,675,21.175768,108.82471,0.020277778,20.881592,1,1
504,300,614985.0,3032985.0,3010,33.542725,345.43973,0.0022222223,9.611333,1,0
590,1702,657045.0,3030405.0,1239,8.842508,69.623566,0.015555556,16.803675,1,1
929,2241,673215.0,3020235.0,2173,33.183384,102.88517,0.011111111,10.964762,3,1
887,800,629985.0,3021495.0,807,48.734077,150.9047,-0.007777778,8.281118,1,1
612,842,631245.0,3029745.0,1223,38.80771,169.85446,0.009722223,9.099691,2,1
19,1398,647925.0,3047535.0,1620,53.028694,203.67053,-0.010277778,7.9046926,1,1
362,1440,649185.0,3037245.0,783,34.223583,115.78023,0.011944445,10.232284,1,0
266,576,623265.0,3040125.0,4689,38.429157,197.10272,-0.0175,7.0337987,1,0
1192,1102,639045.0,3012345.0,2216,20.556046,53.130104,-0.0027777778,9.729135,2,0
1016,2393,677775.0,3017625.0,3686,36.702656,95.77432,-0.0030555555,7.7893105,1,0
504,395,617835.0,3032985.0,2118,33.832,231.5627,0.005,8.994258,1,1
1266,1387,647595.0,3010125.0,443,36.46154,328.37134,0.008333334,10.363053,2,1
74,1769,659055.0,3045885.0,1815,43.541103,243.43495,-0.009444444,7.5464892,1,0
421,264,613905.0,3035475.0,3599,31.98706,31.357086,-0.0027777778,9.21902,1,0
561,1934,664005.0,3031275.0,1950,54.799206,182.02136,0.0019444445,8.65069,1,1
1168,619,624555.0,3013065.0,1469,23.616968,352.3332,0.003888889,11.095399,1,0
32,1406,648165.0,3047145.0,1196,38.07042,193.22307,-0.0025,10.9587,1,1
1182,863,631875.0,3012645.0,1829,18.884428,235.9228,-0.015,7.875126,1,0
925,1077,638295.0,3020355.0,1829,46.881157,207.66483,0.006111111,10.347601,2,1
384,1374,647205.0,3036585.0,1502,29.79849,138.53955,-0.00055555557,9.30575,1,1
64,305,615135.0,3046185.0,4513,45.035767,267.13757,0.003888889,8.410584,1,0
801,665,625935.0,3024075.0,1279,32.8693,215.02228,-0.0027777778,8.848527,1,1
585,858,631725.0,3030555.0,1648,26.194838,190.73889,-0.021666666,7.511775,2,1
657,910,633285.0,3028395.0,1368,32.167103,327.99463,0.0011111111,10.979699,2,0
449,746,628365.0,3034635.0,2302,35.44717,25.665192,0.025277779,8.751647,1,0
553,1914,663405.0,3031515.0,2149,47.782253,189.3555,0.011944445,8.091417,1,1
188,847,631395.0,3042465.0,3479,35.357903,93.36646,0.00027777778,8.531802,1,0
990,1818,660525.0,3018405.0,1395,33.542725,194.56027,-0.010833333,7.2134376,1,1
785,875,632235.0,3024555.0,1743,25.844336,8.408913,0.0022222223,8.913588,2,0
214,1173,641175.0,3041685.0,3060,22.228525,92.3373,-0.015277778,7.697234,1,0
1088,2006,666165.0,3015465.0,2082,35.311214,233.1301,0.0022222223,7.8403826,1,0
610,845,631335.0,3029805.0,1271,49.611115,185.0841,0.007222222,8.837961,2,1
1279,1436,649065.0,3009735.0,608,14.724247,177.27368,0.011666667,16.139452,2,0
593,2063,667875.0,3030315.0,3516,33.84019,147.69266,-0.006111111,7.202189,1,0
760,676,626265.0,3025305.0,1457,27.14359,262.52844,0.0025,12.2987995,1,1
1028,1915,663435.0,3017265.0,1935,15.02164,306.1582,0.0022222223,9.727281,1,0
471,1405,648135.0,3033975.0,1270,20.912285,64.83213,0.0016666667,13.006192,1,0
668,678,626325.0,3028065.0,2056,39.222748,207.34988,0.0019444445,7.698587,1,1
153,749,628455.0,3043515.0,4337,33.61241,122.19573,-0.011666667,7.9039454,1,0
509,1757,658695.0,3032835.0,1135,46.065712,333.5378,0.008333334,9.067771,1,0
29,1395,647835.0,3047235.0,1221,47.75574,182.60257,-0.0013888889,9.4786415,1,1
296,1397,647895.0,3039225.0,1752,27.530771,39.160507,0.0016666667,8.840215,1,0
570,2184,671505.0,3031005.0,3735,32.232704,209.27525,0.008055556,9.828537,3,0
559,1932,663945.0,3031335.0,2015,49.299023,180.61606,0.006666667,8.038058,1,1
526,2324,675705.0,3032325.0,4130,5.8755727,328.2405,-0.0013888889,9.076304,1,0
119,1959,664755.0,3044535.0,2984,38.363625,344.42746,0.0019444445,8.645586,1,0
1091,630,624885.0,3015375.0,894,31.638533,258.69006,0.008333334,8.385302,1,1
1059,1646,655365.0,3016335.0,692,26.668177,337.05106,-0.00027777778,7.4910483,1,0
1065,51,607515.0,3016155.0,2097,19.936491,1.9749374,0.0013888889,10.013756,1,0
27,1283,644475.0,3047295.0,1180,23.799269,67.796524,0.0058333334,11.897687,1,0
1181,1200,641985.0,3012675.0,1070,20.857668,346.7236,0.019166667,16.55101,2,1
886,800,629985.0,3021525.0,838,47.078186,152.54132,-0.015555556,6.729789,1,1
25,1400,647985.0,3047355.0,1353,51.422527,192.28094,0.00055555557,9.284354,1,1
763,1061,637815.0,3025215.0,2850,19.262169,39.19327,0.00083333335,9.240072,2,0
933,2139,670155.0,3020115.0,1640,42.077316,99.02761,0.019444445,10.775794,3,1
782,1630,654885.0,3024645.0,1451,32.27667,194.12791,-0.00083333335,7.9550347,1,0
34,1397,647895.0,3047085.0,1085,38.95572,178.81882,0.004166667,10.416161,1,1
797,2093,668775.0,3024195.0,3021,22.711138,316.61353,-0.004166667,8.36653,1,0
598,1719,657555.0,3030165.0,1383,18.09247,275.85602,-0.0019444445,10.000534,1,0
737,662,625845.0,3025995.0,1540,32.71327,157.09424,0.0019444445,7.24507,1,1
390,1790,659685.0,3036405.0,1802,22.334534,233.24632,-0.008611111,9.637871,1,0
795,669,626055.0,3024255.0,1401,29.402695,203.53235,0.0022222223,10.266296,1,1
351,1938,664125.0,3037575.0,2195,30.896574,199.94902,-0.008055556,7.31588,1,0
832,1647,655395.0,3023145.0,1087,15.483415,46.218876,0.0044444446,9.695524,1,0
262,1341,646215.0,3040245.0,1529,37.14925,330.33328,-0.005,8.4662285,1,0
801,1823,660675.0,3024075.0,1402,24.983603,148.15755,0.0055555557,9.963947,1,1
504,640,625185.0,3032985.0,2036,30.010334,46.16914,0.015,9.74918,1,0
64,310,615285.0,3046185.0,4612,22.31173,246.0375,8.6736174e-19,7.6930933,1,0
598,874,632205.0,3030165.0,1480,27.662298,246.08376,0.00055555557,9.846224,2,1
906,1007,636195.0,3020925.0,1557,37.61044,66.06898,0.006666667,7.063248,2,1
799,1822,660645.0,3024135.0,1432,20.685719,157.96378,0.0025,14.665949,1,1
998,125,609735.0,3018165.0,1641,36.35408,285.76718,0.0019444445,8.718321,1,0
863,1186,641565.0,3022215.0,886,36.173367,184.24844,0.009444444,9.194938,2,1
1267,2170,671085.0,3010095.0,1306,48.528606,314.4032,0.00055555557,8.624821,1,0
1101,1473,650175.0,3015075.0,959,34.740208,122.73523,0.003611111,10.112879,1,0
909,1825,660735.0,3020835.0,1627,17.355474,269.23608,0.0058333334,10.044898,1,0
1102,380,617385.0,3015045.0,1468,27.463104,318.9005,-0.0030555555,8.843099,1,0
1067,1075,638235.0,3016095.0,1521,16.702286,25.497551,-0.004722222,8.006175,2,0
1190,193,611775.0,3012405.0,2290,27.544271,102.925995,0.0013888889,10.225935,1,0
862,382,617445.0,3022245.0,1424,37.502308,145.61966,0.011111111,9.264379,1,1
874,2306,675165.0,3021885.0,3162,33.144985,34.602665,0.015,8.837994,3,0
1229,1087,638595.0,3011235.0,1939,36.486774,213.51102,0.0055555557,9.743093,2,0
913,1676,656265.0,3020715.0,1135,37.793316,98.65254,0.004166667,9.253876,1,0
405,644,625305.0,3035955.0,2551,38.745247,132.05356,-0.00055555557,11.391931,1,1
1011,718,627525.0,3017775.0,1103,17.42489,275.33215,-0.003611111,9.059821,1,0
34,1406,648165.0,3047085.0,1145,44.670475,196.90742,-0.005,10.7651415,1,1
1145,1294,644805.0,3013755.0,873,30.65119,3.2245255,-0.0063888887,9.405064,2,0
746,2200,671985.0,3025725.0,3077,25.303156,157.72974,0.006111111,11.0480585,3,0
1232,857,631695.0,3011145.0,649,27.440487,144.14163,0.0175,10.165819,1,0
842,558,622725.0,3022845.0,1350,35.50641,67.32866,-0.0044444446,7.1400213,1,0
835,1421,648615.0,3023055.0,1080,38.62641,262.20792,0.02,16.560894,1,1
614,1417,648495.0,3029685.0,764,41.513947,332.83185,-0.007777778,12.437811,1,0
68,1435,649035.0,3046065.0,1071,15.819194,61.927513,-0.0027777778,8.063526,1,0
914,864,631905.0,3020685.0,1194,35.81934,211.30412,0.004166667,9.325715,1,1
89,362,616845.0,3045435.0,4124,36.197285,120.06858,-0.00027777778,10.611128,1,0
852,2179,671355.0,3022545.0,2136,18.286465,293.00885,0.013333334,11.716338,3,1
1224,1769,659055.0,3011385.0,917,20.704153,104.03624,0.0011111111,9.854826,1,1
322,1896,662865.0,3038445.0,2005,49.0626,139.69069,0.0033333334,8.0464,1,1
844,2176,671265.0,3022785.0,2219,33.173794,191.02345,0.00055555557,9.306899,3,1
815,1192,641745.0,3023655.0,1387,39.926964,133.7897,0.003888889,8.92632,2,1
1134,711,627315.0,3014085.0,855,33.102215,164.80911,0.019722221,10.27471,1,1
1072,784,629505.0,3015945.0,710,34.540424,293.92728,0.003611111,11.365551,1,0
28,1398,647925.0,3047265.0,1251,40.793964,181.9368,0.0011111111,9.994266,1,1
912,822,630645.0,3020745.0,999,47.855408,167.58836,-0.0030555555,8.311995,1,0
853,2181,671415.0,3022515.0,2185,47.837967,289.3921,0.0058333334,7.396316,3,1
704,1970,665085.0,3026985.0,1724,21.829254,198.81189,0.011666667,10.607649,1,1
1046,1579,653355.0,3016725.0,930,33.776608,30.718903,0.00083333335,8.996349,1,1
434,333,615975.0,3035085.0,2786,44.714684,233.90172,-0.003611111,9.11494,1,1
834,1416,648465.0,3023085.0,992,20.385319,287.6223,0.024722222,17.337486,1,1
928,2138,670125.0,3020265.0,1875,57.84725,111.18835,-0.06555556,7.0312543,3,1
81,1440,649185.0,3045675.0,1042,36.49199,75.650665,0.0011111111,9.301069,1,0
799,1166,640965.0,3024135.0,2079,26.577778,60.01836,-0.0022222223,7.4949865,2,0
597,873,632175.0,3030195.0,1471,33.154594,240.16446,0.003611111,11.322534,2,1
852,641,625215.0,3022545.0,1224,21.271475,47.602562,-0.003611111,10.964649,1,0
403,642,625245.0,3036015.0,2603,29.374537,124.7488,0.0033333334,11.720879,1,1
1025,1385,647535.0,3017355.0,1322,30.262798,155.08197,0.0011111111,7.341136,1,0
850,2189,671655.0,3022605.0,2345,41.835625,247.85194,0.021666666,14.3724165,3,1
31,1396,647865.0,3047175.0,1161,41.733505,181.606,0.003888889,9.807036,1,1
1150,2050,667485.0,3013605.0,1550,52.94499,195.69778,0.0030555555,8.313197,1,1
911,867,631995.0,3020775.0,1281,28.374636,218.10757,-0.0013888889,9.210107,1,1
604,591,623715.0,3029985.0,2600,24.828512,128.41806,0.013333334,7.573138,1,0
496,389,617655.0,3033225.0,2122,8.1112795,217.87498,0.010555555,21.112314,1,1
775,627,624795.0,3024855.0,1323,21.912487,129.95755,-0.006111111,7.7130747,1,0
308,467,619995.0,3038865.0,4025,32.06707,298.61047,-0.003611111,7.9631515,1,0
180,2051,667515.0,3042705.0,3890,36.21144,11.821487,0.006111111,9.193543,1,0
31,1401,648015.0,3047175.0,1177,44.46598,203.51796,0.007777778,10.079133,1,1
533,708,627225.0,3032115.0,1855,48.180984,194.24347,0.00055555557,7.789741,1,0
244,1037,637095.0,3040785.0,3309,27.42237,226.95251,-0.00027777778,8.844837,1,0
979,1345,646335.0,3018735.0,2002,11.329043,343.07248,0.0052777776,11.588154,1,0
815,1191,641715.0,3023655.0,1405,40.915695,133.05191,0.0030555555,8.554888,2,1
1069,2301,675015.0,3016035.0,2718,47.014977,160.01689,-0.005,7.830613,1,0
1038,1967,664995.0,3016965.0,2035,33.11078,167.82855,0.007777778,9.627755,1,1
807,661,625815.0,3023895.0,1103,44.76583,195.84622,0.0125,8.890011,1,1
599,2111,669315.0,3030135.0,3554,19.193518,227.91084,0.008611111,14.201512,1,0
65,656,625665.0,3046155.0,4508,12.888836,33.111343,0.0044444446,9.375803,1,0
1176,49,607455.0,3012825.0,2689,27.404234,346.5222,-0.0030555555,8.845612,1,0
922,892,632745.0,3020445.0,1478,24.693361,255.83783,0.0022222223,10.35193,2,0
27,2079,668355.0,3047295.0,2951,47.618683,129.13612,0.0016666667,8.656768,1,0
508,2116,669465.0,3032865.0,3540,36.353203,231.89743,0.0022222223,8.900675,1,1
363,273,614175.0,3037215.0,2989,31.071894,54.001755,0.013333334,9.388389,1,0
1276,485,620535.0,3009825.0,1637,22.31173,23.962486,0.009444444,12.529375,1,0
215,1401,648015.0,3041655.0,1109,22.499388,174.80557,0.007222222,12.149707,1,0
879,2246,673365.0,3021735.0,2846,39.33134,237.0372,0.009166666,8.611011,3,1
441,328,615825.0,3034875.0,2566,37.70496,228.0587,0.011111111,10.355674,1,1
461,2049,667455.0,3034275.0,3207,20.357067,24.550453,0.003888889,12.58962,1,0
1227,1773,659175.0,3011295.0,861,17.189201,117.255325,0.00027777778,11.194568,1,1
668,988,635625.0,3028065.0,1936,20.544413,331.44037,4.3368087e-19,9.575602,2,0
793,1817,660495.0,3024315.0,1567,39.59278,139.08562,0.0030555555,8.601711,1,1
449,1845,661335.0,3034635.0,1701,15.573146,121.551384,-0.01,10.025925,1,0
1114,2059,667755.0,3014685.0,1555,21.579008,69.6559,-0.00027777778,13.25145,1,0
642,1558,652725.0,3028845.0,1663,34.835815,109.9538,0.0063888887,11.076901,1,1
267,984,635505.0,3040095.0,2889,36.381233,104.74356,0.0027777778,9.505786,1,0
62,1548,652425.0,3046245.0,1074,37.05304,164.96674,0.0025,9.029334,1,0
845,2178,671325.0,3022755.0,2216,47.09362,232.55318,0.021388888,8.926473,3,1
524,1916,663465.0,3032385.0,2652,32.28005,261.65613,0.00055555557,8.648051,1,0
818,443,619275.0,3023565.0,1746,36.199055,352.1467,-0.0013888889,9.51245,1,0
841,1117,639495.0,3022875.0,1746,27.548769,93.205215,0.0013888889,8.839449,2,0
1142,1531,651915.0,3013845.0,881,22.216005,271.16913,-2.1684043e-19,11.131845,1,0
328,1892,662745.0,3038265.0,1926,38.32882,161.56505,0.008055556,8.423691,1,0
390,1357,646695.0,3036405.0,1680,46.526794,135.0,0.0011111111,8.540833,1,0
667,1910,663285.0,3028095.0,2418,36.33303,109.87218,0.009444444,8.901412,1,0
854,2167,670995.0,3022485.0,1930,38.521214,259.74878,-0.0052777776,8.82226,3,1
435,332,615945.0,3035055.0,2744,44.37589,234.0085,-0.0016666667,9.222077,1,1
755,1008,636225.0,3025455.0,2908,25.016893,0.0,-0.010555555,8.257682,2,0
839,2375,677235.0,3022935.0,3421,32.58339,292.2176,-0.0044444446,7.2500606,3,0
418,22,606645.0,3035565.0,4305,18.77992,197.10272,0.003611111,7.8810964,1,0
161,943,634275.0,3043275.0,3990,39.409584,272.61575,-0.0075,8.385082,1,0
439,1707,657195.0,3034935.0,1652,3.8140748,90.0,-0.011111111,9.510445,1,0
911,2153,670575.0,3020775.0,1587,33.67043,119.611534,0.0013888889,9.4058275,3,0
823,2168,671025.0,3023415.0,2395,38.751278,262.54294,-0.0052777776,7.715414,3,0
442,1923,663675.0,3034845.0,2068,47.218185,167.30345,0.007222222,7.8235,1,1
641,1551,652515.0,3028875.0,1838,43.89699,110.0043,0.0027777778,8.920348,1,1
341,55,607635.0,3037875.0,4135,26.596851,198.43495,0.00027777778,8.187303,1,0
1056,1637,655095.0,3016425.0,645,19.05009,160.25317,0.0069444445,9.475158,1,0
964,2219,672555.0,3019185.0,1827,43.502552,200.0261,0.011666667,10.0735655,1,1
747,1842,661245.0,3025695.0,2174,22.53215,123.53047,-0.0063888887,8.780794,1,0
670,675,626235.0,3028005.0,1992,32.04539,191.9083,0.006666667,9.66874,1,1
435,2370,677085.0,3035055.0,4472,36.743774,213.15793,-0.0025,9.174108,1,0
385,1883,662475.0,3036555.0,1905,39.96048,81.708725,-0.0022222223,8.077834,1,0
905,1002,636045.0,3020955.0,1652,32.760345,65.9245,0.0030555555,10.539101,2,1
284,1466,649965.0,3039585.0,800,13.709786,82.14668,-0.0013888889,9.599462,1,0
999,1249,643455.0,3018135.0,798,31.809664,276.17017,0.0027777778,10.458066,2,0
860,1184,641505.0,3022305.0,999,56.27335,176.97046,-0.005,9.394045,2,1
760,678,626325.0,3025305.0,1487,24.686216,261.13538,0.00027777778,12.391853,1,1
797,1820,660585.0,3024195.0,1467,27.839977,145.9338,0.0022222223,9.520245,1,1
696,1200,641985.0,3027225.0,2117,36.758312,105.19906,-0.00055555557,9.040047,1,0
51,2228,672825.0,3046575.0,3706,30.31993,32.784283,0.009722223,11.364199,1,0
907,147,610395.0,3020895.0,2288,38.06176,286.69925,0.003611111,9.991427,1,0
496,1456,649665.0,3033225.0,584,19.078375,68.07041,0.009166666,11.360628,1,0
620,1309,645255.0,3029505.0,734,26.374552,48.406445,0.0058333334,9.449785,1,0
305,859,631755.0,3038955.0,2907,3.3722868,261.8699,-0.0125,9.633875,1,0
886,996,635865.0,3021525.0,1742,42.55284,93.12213,0.0016666667,9.45287,2,0
974,2203,672075.0,3018885.0,1701,43.280304,179.49298,0.0027777778,8.248754,1,1
1265,1386,647565.0,3010155.0,416,35.452732,325.008,0.003611111,9.914592,2,1
767,1459,649755.0,3025095.0,1754,29.634174,185.04245,0.0011111111,9.563725,1,1
982,478,620325.0,3018645.0,1218,17.605476,203.1986,0.007222222,14.309801,1,1
952,2244,673305.0,3019545.0,1957,36.812073,142.23692,-0.003611111,10.675699,1,1
863,2027,666795.0,3022215.0,2287,27.680153,263.15723,0.0044444446,9.644796,1,0
395,1030,636885.0,3036255.0,2618,21.605083,358.19125,0.0016666667,10.126554,1,0
704,2390,677685.0,3026985.0,3977,28.442928,270.0,-0.012222222,8.801794,3,0
813,1190,641685.0,3023715.0,1471,46.52724,134.67992,-0.0033333334,8.358497,2,1
594,1016,636465.0,3030285.0,2209,16.714445,299.05463,-0.0016666667,8.0054035,1,0
589,1699,656955.0,3030435.0,1289,28.51518,98.37867,-0.0069444445,8.105638,1,1
835,2256,673665.0,3023055.0,3689,34.897327,233.74615,0.0030555555,8.261202,3,0
904,1583,653475.0,3020985.0,1603,38.038906,5.1944275,-0.00083333335,9.992249,1,0
799,670,626085.0,3024135.0,1340,32.641853,197.02052,0.005,9.812762,1,1
821,656,625665.0,3023475.0,823,27.715803,201.8858,0.0044444446,13.189063,1,1
380,2049,667455.0,3036705.0,2900,35.357903,326.49658,-0.00027777778,8.531802,1,0
1101,2279,674355.0,3015075.0,2111,39.51043,148.63905,0.008055556,8.604638,1,0
168,2064,667905.0,3043065.0,3889,32.062508,319.31604,-0.0044444446,7.9633284,1,0
384,1375,647235.0,3036585.0,1490,27.484186,144.78241,0.003611111,9.940812,1,1
1042,1969,665055.0,3016845.0,1978,29.327501,212.27563,0.008888889,12.269344,1,1
510,395,617835.0,3032805.0,2034,13.721326,143.32565,0.025,20.585125,1,1
758,679,626355.0,3025365.0,1508,25.254932,250.9249,0.00027777778,10.038637,1,1
71,674,626205.0,3045975.0,4433,31.259748,46.1124,0.0055555557,8.400155,1,0
97,767,628995.0,3045195.0,4533,57.361595,119.23282,-0.0225,7.4554567,1,0
31,1405,648135.0,3047175.0,1214,35.624237,188.6955,-0.003611111,9.843724,1,1
90,1726,657765.0,3045405.0,1842,25.651917,321.3402,0.0025,8.922171,1,0
511,397,617895.0,3032775.0,2029,21.965609,199.93253,0.019722221,10.482988,1,1
74,621,624615.0,3045885.0,5007,28.732851,70.46335,-0.009722223,7.403456,1,0
324,1899,662955.0,3038385.0,1928,11.2764015,190.8403,0.012777777,12.243522,1,1
579,1964,664905.0,3030735.0,2352,36.657993,235.95406,0.0055555557,8.484085,1,1
470,2350,676485.0,3034005.0,4209,21.322422,253.88658,-0.00083333335,11.144343,1,0
974,473,620175.0,3018885.0,1435,48.4567,144.31479,0.0030555555,8.067734,1,1
978,1015,636435.0,3018765.0,1509,24.207512,34.426476,-0.0019444445,8.294993,2,0
1235,910,633285.0,3011055.0,863,28.604,321.20343,0.0058333334,10.353238,1,0
762,676,626265.0,3025245.0,1458,26.284132,279.22394,0.0019444445,12.845383,1,1
1037,1967,664995.0,3016995.0,2055,34.678097,178.61964,0.008055556,9.473341,1,1
1196,487,620595.0,3012225.0,1851,29.251963,136.80875,0.0025,10.517579,1,0
983,476,620265.0,3018615.0,1204,16.307268,162.59729,0.015833333,10.975925,1,1
502,396,617865.0,3033045.0,2165,32.23609,226.07083,-0.004722222,10.759964,1,1
609,908,633225.0,3029835.0,1833,6.3969197,228.01279,-0.009722223,8.990638,2,0
621,2371,677115.0,3029475.0,3923,7.0857267,193.57043,0.0030555555,11.720636,1,0
918,866,631965.0,3020565.0,1154,24.990618,227.89857,0.0063888887,8.664344,1,1
472,690,626685.0,3033945.0,2566,31.976746,258.84006,0.009444444,11.351048,1,0
1278,1601,654015.0,3009765.0,661,34.150433,142.98932,-0.0016666667,7.8836555,2,1
29,583,623475.0,3047235.0,4270,14.794859,353.6598,0.007777778,10.330989,1,0
566,673,626175.0,3031125.0,2009,36.44412,87.089165,-0.012222222,8.491887,1,0
31,1399,647955.0,3047175.0,1163,42.017105,186.1061,0.0063888887,8.852616,1,1
1270,1393,647775.0,3010005.0,637,35.503635,316.89337,-0.017777778,7.8332705,2,1
908,1001,636015.0,3020865.0,1699,33.410862,63.75865,-0.0025,9.0102,2,1
192,1717,657495.0,3042345.0,2598,33.28217,298.84265,-0.00083333335,8.321943,1,0
438,1258,643725.0,3034965.0,2262,12.946519,43.5312,0.007777778,17.285069,1,0
1276,616,624465.0,3009825.0,1240,44.199265,46.041626,-0.014444444,7.5234966,1,0
533,2192,671745.0,3032115.0,3954,20.385319,197.6223,0.006666667,11.704342,1,0
591,1284,644505.0,3030375.0,1291,42.44485,160.57445,-0.0019444445,8.277999,1,0
42,1402,648045.0,3046845.0,921,42.511627,179.47914,-0.003611111,9.19195,1,1
1013,1932,663945.0,3017715.0,1907,15.7573,286.29407,0.0011111111,10.013562,1,0
684,1987,665595.0,3027585.0,2080,40.61321,239.32272,0.00027777778,6.956125,1,0
759,667,625995.0,3025335.0,1328,28.442928,270.0,0.0030555555,11.129071,1,1
975,474,620205.0,3018855.0,1393,43.100063,151.83746,0.0022222223,8.478202,1,1
857,2184,671505.0,3022395.0,2302,45.58708,299.59982,0.0044444446,8.391338,3,1
769,102,609045.0,3025035.0,2769,11.560324,56.633633,0.011111111,15.903052,1,0
1029,1358,646725.0,3017235.0,1394,38.84222,186.53664,-0.021666666,8.117629,1,0
934,2145,670335.0,3020085.0,1533,26.284132,115.48413,0.0063888887,12.336159,3,1
23,1397,647895.0,3047415.0,1393,62.36285,182.25064,0.019722221,9.099832,1,1
322,1707,657195.0,3038445.0,2714,27.928102,200.71417,-0.0025,9.04652,1,0
868,2156,670665.0,3022065.0,1829,40.27801,98.76758,0.021388888,8.577413,3,1
1206,1587,653595.0,3011925.0,1832,31.97216,142.59464,-8.6736174e-19,7.966836,1,0
322,1900,662985.0,3038445.0,1946,22.092363,162.68106,0.0075,10.594409,1,1
41,1403,648075.0,3046875.0,945,35.358833,187.08328,-0.0019444445,9.448059,1,1
116,699,626955.0,3044625.0,4968,42.9977,28.85566,-0.012777777,6.8723454,1,0
252,1256,643665.0,3040545.0,1618,27.111296,326.95657,0.0027777778,10.516397,1,0
605,1097,638895.0,3029955.0,2761,28.293169,86.893974,0.0063888887,9.618976,1,0
591,857,631695.0,3030375.0,1520,40.51126,188.1301,-0.006111111,8.058339,2,1
512,403,618075.0,3032745.0,2069,37.95588,220.66768,0.0022222223,8.842556,1,1
39,1392,647745.0,3046935.0,990,43.92327,170.53769,-0.009166666,10.135825,1,1
575,1858,661725.0,3030855.0,1450,25.998299,146.853,-0.0013888889,10.655952,1,1
620,1316,645465.0,3029505.0,713,31.821241,165.21729,0.00027777778,8.378173,1,1
934,216,612465.0,3020085.0,2486,30.490152,22.027275,0.00055555557,11.160682,1,0
1121,626,624765.0,3014475.0,1231,19.403542,297.47443,0.0025,10.890402,1,0
1195,1905,663135.0,3012255.0,918,22.11549,298.1416,-0.009166666,8.396027,1,0
855,1347,646395.0,3022455.0,1014,30.498932,334.88516,0.0044444446,10.8281975,1,0
568,1448,649425.0,3031065.0,634,23.653215,124.143585,0.00055555557,10.763435,1,1
853,2176,671265.0,3022515.0,2094,46.935013,288.8583,0.008888889,8.680709,3,1
532,282,614445.0,3032145.0,3391,29.672441,34.27114,-0.005,7.364948,1,0
29,1396,647865.0,3047235.0,1223,46.869404,182.23697,-0.0027777778,9.509683,1,1
532,374,617205.0,3032145.0,2703,41.159504,75.36764,-0.013333334,8.323152,1,0
521,1731,657915.0,3032475.0,1025,24.750404,170.11201,0.009166666,9.879305,1,0
759,672,626145.0,3025335.0,1402,26.064075,256.2005,0.003888889,11.101066,1,1
59,376,617265.0,3046335.0,4084,3.0169613,288.43494,-0.004166667,9.745447,1,0
1171,536,622065.0,3012975.0,1926,37.421337,80.281204,0.0011111111,8.679519,1,0
951,2243,673275.0,3019575.0,1983,29.9093,141.46982,0.0058333334,10.910708,1,1
246,613,624375.0,3040725.0,4212,21.22926,54.605206,-0.014444444,7.7479544,1,0
577,1964,664905.0,3030795.0,2384,36.023743,229.64796,-0.0063888887,7.814129,1,1
1266,1393,647775.0,3010125.0,548,48.00054,299.93152,0.00027777778,8.776906,2,1
927,624,624705.0,3020295.0,1756,27.711351,88.181694,-0.0030555555,9.643473,1,0
764,678,626325.0,3025185.0,1493,27.440487,287.27173,0.00055555557,8.844064,1,1
852,2175,671235.0,3022545.0,2065,38.553303,248.53235,0.014444444,14.675704,3,1
718,599,623955.0,3026565.0,2320,30.63379,193.8407,-0.0130555555,7.326315,1,0
20,1406,648165.0,3047505.0,1578,47.62322,181.08914,0.019722221,8.096993,1,1
482,587,623595.0,3033645.0,2684,29.992245,72.34988,-0.00027777778,8.450625,1,0
497,391,617715.0,3033195.0,2130,30.551506,239.45242,0.011666667,9.7274885,1,1
933,2138,670125.0,3020115.0,1665,61.61488,105.0062,0.04888889,10.037027,3,1
758,670,626085.0,3025365.0,1378,28.050692,254.11615,0.0016666667,11.680415,1,1
384,1524,651705.0,3036585.0,1680,27.82082,285.57254,0.0,9.233373,1,0
704,1959,664755.0,3026985.0,1822,38.973564,161.37842,-0.006111111,10.448313,1,1
951,874,632205.0,3019575.0,1465,32.29917,241.23885,-0.00083333335,9.658913,1,1
1057,270,614085.0,3016395.0,1226,42.20063,197.10272,0.006666667,8.286561,1,1
860,1935,664035.0,3022305.0,2107,38.60208,346.10883,0.003888889,8.413898,1,1
33,1403,648075.0,3047115.0,1147,48.86706,193.68225,-0.0030555555,7.360144,1,1
868,2155,670635.0,3022065.0,1860,60.40315,100.08653,0.04,7.6230664,3,1
913,864,631905.0,3020715.0,1213,35.615063,209.24883,0.003611111,11.027833,1,1
401,641,625215.0,3036075.0,2639,31.522272,126.7142,-0.0016666667,8.677532,1,1
916,2315,675435.0,3020625.0,2890,38.553303,201.46765,0.0063888887,10.836013,3,1
157,337,616095.0,3043395.0,3884,21.251493,135.0,0.0025,10.049391,1,0
1129,710,627285.0,3014235.0,1006,45.722454,181.86261,0.007777778,8.386612,1,1
229,2292,674745.0,3041235.0,4315,31.294437,298.67316,0.0013888889,8.909616,1,0
408,646,625365.0,3035865.0,2477,21.393026,119.29137,0.009444444,7.7395124,1,1
390,883,632475.0,3036405.0,2322,42.050583,207.512,0.006111111,8.291825,1,0
352,2288,674625.0,3037545.0,4302,16.253918,120.96376,0.004166667,9.826706,1,0
90,2153,670575.0,3045405.0,3446,38.69994,234.73944,-0.004722222,8.410397,1,0
760,677,626295.0,3025305.0,1473,26.720285,263.34558,0.00027777778,12.309064,1,1
618,1314,645405.0,3029565.0,749,31.693441,201.37062,-0.004166667,7.284545,1,1
849,2175,671235.0,3022635.0,2119,39.30299,215.46988,-0.0022222223,7.6957293,3,1
307,2290,674685.0,3038895.0,4454,35.004414,300.37912,-0.007777778,9.556504,1,0
1227,1779,659355.0,3011295.0,788,30.689655,110.97975,0.00083333335,8.422705,1,1
983,1495,650835.0,3018615.0,1493,35.857353,200.94266,0.014166667,9.960306,1,1
30,1406,648165.0,3047205.0,1237,37.69207,196.28491,0.006111111,10.931503,1,1
836,1420,648585.0,3023025.0,1061,43.918446,305.1342,0.029166667,9.479215,1,1
565,1449,649455.0,3031155.0,670,41.85966,161.56505,0.0033333334,6.9122334,1,1
1016,709,627255.0,3017625.0,910,51.776295,204.63068,-0.003611111,7.2567677,1,1
861,1186,641565.0,3022275.0,949,54.957146,177.99045,0.004166667,8.2393675,2,1
933,2140,670185.0,3020115.0,1621,26.225739,81.73283,0.0052777776,11.402234,3,1
592,855,631635.0,3030345.0,1485,36.578663,192.31944,0.0022222223,8.892442,2,1
319,1894,662805.0,3038535.0,2161,55.379597,139.66685,-0.023333333,7.125028,1,1
1132,716,627465.0,3014145.0,909,43.72366,157.45694,-0.0019444445,6.8469625,1,1
122,1420,648585.0,3044445.0,1764,47.04597,298.75238,-0.011944445,8.11721,1,0
351,2193,671775.0,3037575.0,3648,39.55846,300.96375,-0.0052777776,7.6866403,1,0
199,191,611715.0,3042135.0,3969,29.840294,101.30994,-0.003611111,8.744443,1,0
599,27,606795.0,3030135.0,3484,23.889643,191.94418,0.0019444445,10.449968,1,0
607,839,631155.0,3029895.0,1448,56.07256,166.54799,-0.0044444446,8.890798,2,1
806,806,630165.0,3023925.0,1338,21.912487,309.95755,-0.0019444445,11.871958,1,0
979,646,625365.0,3018735.0,1045,35.440678,149.3814,0.0044444446,9.445034,1,0
916,2313,675375.0,3020625.0,2877,39.310993,190.8525,0.0019444445,8.611734,3,1
341,2118,669525.0,3037875.0,2736,23.789824,277.05786,0.011666667,9.413226,1,0
914,879,632355.0,3020685.0,1284,25.521795,279.54453,0.016666668,15.754546,1,1
496,392,617745.0,3033225.0,2161,36.403095,235.59152,0.0033333334,8.898851,1,1
800,666,625965.0,3024105.0,1302,28.050692,214.8085,-0.00027777778,8.818214,1,1
27,1399,647955.0,3047295.0,1281,42.61211,197.12181,0.003611111,7.984457,1,1
1137,719,627555.0,3013995.0,774,16.835445,141.70984,0.016944444,12.698242,1,1
592,1516,651465.0,3030345.0,1310,29.470879,33.5729,-0.00027777778,8.066291,1,0
246,11,606315.0,3040725.0,4355,30.00646,44.41537,-0.0033333334,9.654026,1,0
1158,710,627285.0,3013365.0,1064,35.599457,79.605675,0.007222222,10.6919365,1,0
306,465,619935.0,3038925.0,3966,30.551506,300.54758,0.009166666,13.12565,1,0
873,1041,637215.0,3021915.0,2194,22.791824,247.24902,0.0030555555,12.889791,2,0
309,5,606135.0,3038835.0,4322,34.34213,210.00491,-0.00083333335,7.876463,1,1
650,743,628275.0,3028605.0,1988,27.565248,163.30075,-0.009444444,7.452453,2,0
1269,1390,647685.0,3010035.0,548,46.962296,339.0265,0.0058333334,8.525603,2,1
33,152,610545.0,3047115.0,4597,21.59857,59.656754,0.0052777776,9.674901,1,0
589,1661,655815.0,3030435.0,1233,19.279915,347.61923,0.010833333,12.988583,1,0
841,2215,672435.0,3022875.0,2771,31.698105,273.09406,0.0130555555,12.359536,3,0
1014,1571,653115.0,3017685.0,1361,32.1183,77.34744,-0.005,8.36663,1,0
509,399,617955.0,3032835.0,2094,42.249313,204.09592,-0.0011111111,9.383467,1,1
